"","Kingdom","Phylum","Class","Order","Family","Genus","Species"
"8e1ba7c3c0c517c6c2bfbe428466e389","Bacteria","Pseudomonadota","Gammaproteobacteria","Chromatiales","Thioprofundaceae","Thioprofundum","Thioprofundum_lithotrophicum_strain_106"
"13b9f2a0843b3fb9392ff07c172fbc77","Bacteria","Pseudomonadota","Gammaproteobacteria","Chromatiales","Thioprofundaceae","Thioprofundum","Thioprofundum_lithotrophicum_strain_106"
"93333b33a3f972ab1491bd8c9a97d9b0","Bacteria","Pseudomonadota","Alphaproteobacteria","Candidatus_Pelagibacterales","","Fonsibacter","Candidatus_Fonsibacter_ubiquis"
"da1c5a6c8ed5099a1461eeeb70cbd92c","Bacteria","Pseudomonadota","Betaproteobacteria","Burkholderiales","Burkholderiaceae","Polynucleobacter","Polynucleobacter_paludilacus"
"48a5ee2012c4f0d3c2eaaad97b9a3369","Bacteria","Pseudomonadota","Betaproteobacteria","Burkholderiales","Comamonadaceae","Limnohabitans","Limnohabitans_planktonicus_II-D5"
"9759115dd65b62083ddaa47190d44e37","Bacteria","Pseudomonadota","Gammaproteobacteria","","","Reidiella","Candidatus_Reidiella_endopervernicosa"
"5dede7aecfaa581a64568ab5ce59ba64","Bacteria","Pseudomonadota","Betaproteobacteria","Nitrosomonadales","Methylophilaceae","Methylopumilus","Candidatus_Methylopumilus_rimovensis"
"b166bc9c6b39a2b1138ad0d29e51092a","Bacteria","Actinomycetota","Actinomycetes","Candidatus_Nanopelagicales","Candidatus_Nanopelagicaceae","Candidatus_Nanopelagicus","Candidatus_Nanopelagicus_abundans"
"e8b67d5afbc99083afe551d8d2ffb35c","Unassigned","Unassigned","Unassigned","Unassigned","Unassigned","Unassigned","Unassigned"
"042cd8ce4a1ae963c4525e26c50c6c03","Bacteria","Actinomycetota","Acidimicrobiia","Acidimicrobiales","Ilumatobacteraceae","Ilumatobacter","Ilumatobacter_fluminis_YM22-133"
"eac564b3e8aaecbe3aa8c5a576c3f124","Bacteria","Actinomycetota","Actinomycetes","Candidatus_Nanopelagicales","Candidatus_Nanopelagicaceae","Candidatus_Planktophila","Candidatus_Planktophila_vernalis"
"0df28f10433867fbd49fd694e3be64c6","Bacteria","Actinomycetota","Actinomycetes","Candidatus_Nanopelagicales","Candidatus_Nanopelagicaceae","Candidatus_Planktophila","Candidatus_Planktophila_sulfonica"
"22707b0845a2d36b86a972ac431a29e9","Bacteria","Pseudomonadota","Gammaproteobacteria","","","Reidiella","Candidatus_Reidiella_endopervernicosa"
"ab08500fb99bbae374e1d0c88ccbb1f8","Bacteria","Pseudomonadota","Betaproteobacteria","Burkholderiales","Comamonadaceae","Limnohabitans","Limnohabitans_curvus_strain_MWH-C5"
"4110face2277180926a210dbfd44eaa9","Bacteria","Bacteroidota","Chitinophagia","Chitinophagales","Chitinophagaceae","Terrimonas","Terrimonas_pollutisoli"
"130ce8d4136f2a1293efaf1af0ffae44","Bacteria","Pseudomonadota","Betaproteobacteria","Burkholderiales","Comamonadaceae","Curvibacter","Curvibacter_fontanus_strain_AQ9"
"7b96ce0ab50c03de2058c5bc6c063d04","Bacteria","Pseudomonadota","Betaproteobacteria","Nitrosomonadales","Sterolibacteriaceae","Denitratisoma","Denitratisoma_oestradiolicum_strain_AcBE2-1"
"ed16f62d8f85247747462670f3e7dbb8","Bacteria","Pseudomonadota","Betaproteobacteria","Nitrosomonadales","Methylophilaceae","Methylobacillus","Methyloradius_palustris_strain_Zm11"
"2ff4d9a579879677adced6659f91c089","Bacteria","Actinomycetota","Actinomycetes","Candidatus_Nanopelagicales","Candidatus_Nanopelagicaceae","Candidatus_Planktophila","Candidatus_Planktophila_limnetica"
"83c2b09094e4a973edffb1bc34e98c66","Bacteria","Pseudomonadota","Betaproteobacteria","Burkholderiales","Comamonadaceae","Rhodoferax","Rhodoferax_bucti"
"6f3976e1e24a85f8785cf96f269aaee0","Bacteria","Bacteroidota","Chitinophagia","Chitinophagales","Chitinophagaceae","Terrimonas","Terrimonas_pollutisoli"
"1d1635c341940512778203855cf65adb","Bacteria","Pseudomonadota","Betaproteobacteria","Burkholderiales","Comamonadaceae","Curvibacter","Curvibacter_fontanus_strain_AQ9"
"1112e1fffadf5d5123c2beed39218f13","Bacteria","Pseudomonadota","Betaproteobacteria","Burkholderiales","Comamonadaceae","Limnohabitans","Limnohabitans_curvus_strain_MWH-C5"
"f41897dc6e6be2f54776fd1eff456f64","Bacteria","Pseudomonadota","Gammaproteobacteria","Chromatiales","Thioprofundaceae","Thioprofundum","Thioprofundum_lithotrophicum_strain_106"
"ae3632d37303a9321cf3feaa4c1afe89","Bacteria","Pseudomonadota","Alphaproteobacteria","Hyphomicrobiales","Rhizobiaceae","Mycoplana","Mycoplana_azooxidifex_strain_Po_20/26"
"afb17aac5b6e65aed475d708fa66c612","Bacteria","Pseudomonadota","Betaproteobacteria","Burkholderiales","Comamonadaceae","Hydrogenophaga","Hydrogenophaga_palleronii_strain_NBRC_102513"
"16ef1e94b4defcc90178e8d45e6aa4e2","Bacteria","Actinomycetota","Actinomycetes","Candidatus_Nanopelagicales","Candidatus_Nanopelagicaceae","Candidatus_Planktophila","Candidatus_Planktophila_vernalis"
"ce7a122fe02fd17f3332164015f8f82d","Bacteria","Bacteroidota","Chitinophagia","Chitinophagales","Chitinophagaceae","Sediminibacterium","Sediminibacterium_goheungense_strain_HME7863"
"7aa0d0efc8ee07e599514994425bf311","Bacteria","Pseudomonadota","Alphaproteobacteria","Hyphomicrobiales","Aestuariivirgaceae","Aestuariivirga","Aestuariivirga_litoralis_strain_SYSU_M10001"
"24ca35dc58a06572702ecf298b1d1597","Bacteria","Pseudomonadota","Betaproteobacteria","Burkholderiales","Comamonadaceae","Curvibacter","Curvibacter_delicatus_strain_NBRC_14919"
"4506444a4da215738441b35d73d0dd01","Bacteria","Pseudomonadota","Betaproteobacteria","Rhodocyclales","Azonexaceae","Ferribacterium","Ferribacterium_limneticum_strain_cda-1"
"2361abb00ca125c8fdc3ea5c8ed6abb4","Bacteria","Pseudomonadota","Betaproteobacteria","Nitrosomonadales","Methylophilaceae","Methylophilus","Methylophilus_glucosoxydans_strain_B"
"a9e90ae5340fc04c4a8ab4a8366922ae","Bacteria","Actinomycetota","Actinomycetes","Candidatus_Nanopelagicales","Candidatus_Nanopelagicaceae","Candidatus_Planktophila","Candidatus_Planktophila_limnetica"
"30163f73d9a514bfc20d96bcf00c7e2c","Unassigned","Unassigned","Unassigned","Unassigned","Unassigned","Unassigned","Unassigned"
"03c2c40f18779bb484a97a84a53bc5e5","Bacteria","Actinomycetota","Actinomycetes","Acidothermales","Acidothermaceae","Acidothermus","Acidothermus_cellulolyticus_strain_11B"
"6fc6fc7d00f34740724747a38da3a328","Bacteria","Bacteroidota","Cytophagia","Cytophagales","Spirosomataceae","Aquirufa","Aquirufa_regiilacus"
"676a148f6176a10706a8d4aee5ad050d","Bacteria","Acidobacteriota","Blastocatellia","Blastocatellales","Blastocatellaceae","Stenotrophobacter","Stenotrophobacter_terrae_strain_Ac_28_D10"
"19bee21c4c9ad5fc5a5f0a2c486bea99","Bacteria","Pseudomonadota","Betaproteobacteria","Burkholderiales","Burkholderiaceae","Robbsia","Ferrovum_myxofaciens_strain_P3G"
"df1772b8fe1357a7f0f0b52273824cf5","Unassigned","Unassigned","Unassigned","Unassigned","Unassigned","Unassigned","Unassigned"
"9b886a159b90c477f1c8e4d7b857bfa5","Bacteria","Bacteroidota","Chitinophagia","Chitinophagales","Chitinophagaceae","Terrimonas","Terrimonas_arctica_strain_R9-86"
"be54582e64aaf0ec48bef63297b8c16c","Bacteria","Pseudomonadota","Betaproteobacteria","Nitrosomonadales","Methylophilaceae","Methylophilus","Methylophilus_methylotrophus_strain_NCIMB_10515"
"7371faa86e1f19bb117f90e315540b14","Unassigned","Unassigned","Unassigned","Unassigned","Unassigned","Unassigned","Unassigned"
"3f48a61e0ff3c42b07106ac1ceb896ce","Bacteria","Pseudomonadota","Alphaproteobacteria","Hyphomicrobiales","Nitrobacteraceae","Bradyrhizobium","Bradyrhizobium_elkanii_strain_USDA_76"
"3ef069079df8d6aa48346a437529f6e5","Bacteria","Pseudomonadota","Betaproteobacteria","Nitrosomonadales","Sterolibacteriaceae","Georgfuchsia","Georgfuchsia_toluolica_strain_G5G6"
"3819cd231ff42a57e1346177bfd29f08","Bacteria","Pseudomonadota","Alphaproteobacteria","Hyphomicrobiales","Aestuariivirgaceae","Aestuariivirga","Aestuariivirga_litoralis_strain_SYSU_M10001"
"7f82c1175a5af3fc2692322d9e8f7a05","Unassigned","Unassigned","Unassigned","Unassigned","Unassigned","Unassigned","Unassigned"
"bf223b7de36b2b1d0e2e95a85272e1ae","Unassigned","Unassigned","Unassigned","Unassigned","Unassigned","Unassigned","Unassigned"
"883f7b2d393f605b4a67919ab4d76f2c","Bacteria","Pseudomonadota","Betaproteobacteria","Nitrosomonadales","Methylophilaceae","Methylophilus","Methylophilus_rhizosphaerae_strain_CBMB127"
"d4123c361a1b5906275f7b6001f387c9","Unassigned","Unassigned","Unassigned","Unassigned","Unassigned","Unassigned","Unassigned"
"a0e8c344152d55c8111f46aea9026799","Bacteria","Actinomycetota","Acidimicrobiia","Acidimicrobiales","Ilumatobacteraceae","Ilumatobacter","Ilumatobacter_fluminis_YM22-133"
"d15a56b8b603950ea1f3494976a458da","Bacteria","Pseudomonadota","Alphaproteobacteria","Hyphomicrobiales","Nitrobacteraceae","Bradyrhizobium","Bradyrhizobium_vignae_strain_7-2"
"73387bbfbb154f1452e1f7ba165e2558","Bacteria","Actinomycetota","Actinomycetes","Candidatus_Nanopelagicales","Candidatus_Nanopelagicaceae","Candidatus_Planktophila","Candidatus_Planktophila_lacus"
"eb8b0aa79afe4575108300cbd05bb4d6","Bacteria","Pseudomonadota","Alphaproteobacteria","Hyphomicrobiales","Reyranellaceae","Reyranella","Reyranella_soli_strain_KIS14-15"
"7b18059a52c60ff6bf84eeccfbf30c94","Bacteria","Pseudomonadota","Alphaproteobacteria","Hyphomicrobiales","Nitrobacteraceae","Bradyrhizobium","Bradyrhizobium_macuxiense_strain_BR_10303"
"afc27d70c1590dd0c308b26314ff412c","Bacteria","Myxococcota","","Polyangiales","Phaselicystidaceae","Phaselicystis","Phaselicystis_flava_strain_SBKo001"
"b7b32e91a5cdfe9be1cb24aea94c9cd1","Bacteria","Pseudomonadota","Alphaproteobacteria","Hyphomicrobiales","Reyranellaceae","Reyranella","Reyranella_aquatilis_strain_Seoho-37"
"6bbfabd6108c16206f8c574f9f89edc7","Unassigned","Unassigned","Unassigned","Unassigned","Unassigned","Unassigned","Unassigned"
"84aa98882855fb9d1061a54366ee6398","Bacteria","Pseudomonadota","Betaproteobacteria","Burkholderiales","Alcaligenaceae","Zwartia","Zwartia_vadi"
"01f9358ca399ccc6ae1a9038794ca33f","Unassigned","Unassigned","Unassigned","Unassigned","Unassigned","Unassigned","Unassigned"
"ed88b0957ed76a8460f4bbe4b4eb46df","Bacteria","Pseudomonadota","Betaproteobacteria","Nitrosomonadales","Methylophilaceae","Methylobacillus","Methylobacillus_arboreus_strain_Iva"
"53dea85bead192070a21470b8006d5a7","Bacteria","Acidobacteriota","Terriglobia","Bryobacterales","Bryobacteraceae","Bryobacter","Bryobacter_aggregatus_strain_MPL3"
"02f17be3787ca78b100a0a62c848251f","Bacteria","Pseudomonadota","Betaproteobacteria","Burkholderiales","Comamonadaceae","Curvibacter","Curvibacter_fontanus_strain_AQ9"
"db7bea57e0c7e5657e4a148fe081096a","Bacteria","Pseudomonadota","Betaproteobacteria","Nitrosomonadales","Nitrosomonadaceae","Nitrosospira","Nitrosospira_lacus_strain_APG3"
"41cb2def0d6ea8b333226f22294def81","Bacteria","Actinomycetota","Actinomycetes","Candidatus_Nanopelagicales","Candidatus_Nanopelagicaceae","Candidatus_Planktophila","Candidatus_Planktophila_versatilis"
"32981f2bf6ea0de56e692d20272d21a9","Bacteria","Pseudomonadota","Betaproteobacteria","Burkholderiales","Burkholderiaceae","Cupriavidus","Cupriavidus_numazuensis_NBRC_100056"
"e044810a9151ee48fc1460fe4153d0c3","Bacteria","Pseudomonadota","Alphaproteobacteria","Hyphomicrobiales","Beijerinckiaceae","Methyloferula","Methyloferula_stellata_AR4"
"5a58f8ab62a86f110ad8cb9dca94e201","Bacteria","Pseudomonadota","Alphaproteobacteria","Hyphomonadales","Hyphomonadaceae","Candidatus_Viadribacter","Candidatus_Viadribacter_manganicus"
"ead8e5be95a07281c2f064b5e831adf6","Bacteria","Pseudomonadota","Gammaproteobacteria","Pseudomonadales","Pseudomonadaceae","Pseudomonas","Pseudomonas_piscis_strain_MC042"
"c93be168487091a6c28d8d0fafa36619","Bacteria","Pseudomonadota","Alphaproteobacteria","Hyphomicrobiales","Nitrobacteraceae","Bradyrhizobium","Bradyrhizobium_japonicum_strain_LMG_6138"
"dd3901fabed4e8215ac3a42eb97a3f6b","Unassigned","Unassigned","Unassigned","Unassigned","Unassigned","Unassigned","Unassigned"
"d066a01f5d6e0dc9e2a65cded4c14014","Bacteria","Pseudomonadota","Betaproteobacteria","Burkholderiales","Sterolibacteriaceae","Robbsia","Robbsia_betulipollinis"
"c46c88b23333947dd6076c145b816f41","Bacteria","Pseudomonadota","Betaproteobacteria","Burkholderiales","Burkholderiaceae","Polynucleobacter","Polynucleobacter_acidiphobus_strain_MWH-PoolGreenA3"
"b0c70166c12935745a51765db2be7329","Bacteria","Pseudomonadota","Betaproteobacteria","Burkholderiales","Sphaerotilaceae","Methylibium","Methylibium_petroleiphilum_PM1"
"2c9a51bbbbf491783da4dd646785fb37","Bacteria","Verrucomicrobiota","Spartobacteria","Chthoniobacterales","Chthoniobacteraceae","Chthoniobacter","Chthoniobacter_flavus_Ellin428"
"38806184a6464045e0d8bcd7d95e9c10","Bacteria","Bacteroidota","Flavobacteriia","Flavobacteriales","Flavobacteriaceae","Flavobacterium","Flavobacterium_noncentrifugens_strain_R-HLS-17"
"a41c86e6bbc434154f34f42a437739a1","Bacteria","Acidobacteriota","Blastocatellia","Blastocatellales","Blastocatellaceae","Stenotrophobacter","Stenotrophobacter_terrae_strain_Ac_28_D10"
"474aa523cd16e11689edfe15a359c4c8","Bacteria","Pseudomonadota","Alphaproteobacteria","Hyphomicrobiales","Nitrobacteraceae","Undibacter","Undibacter_mobilis_strain_GY_H"
"6422795c8afa2f41f2c220d64a8d6fbf","Bacteria","Acidobacteriota","Terriglobia","Bryobacterales","Bryobacteraceae","Paludibaculum","Paludibaculum_fermentans_strain_P105"
"aff905e3b3c61d68bcc782fdaba8e69f","Bacteria","Pseudomonadota","Gammaproteobacteria","","","Acidibacter","Acidibacter_ferrireducens_strain_MCF85"
"5af1a903ddcdca4bc11c6181411161b7","Bacteria","Actinomycetota","Acidimicrobiia","Acidimicrobiales","Ilumatobacteraceae","Desertimonas","Desertimonas_flava_strain_SYSU_D60003"
"3c15054e17091ae7858a98cae42d06b8","Bacteria","Pseudomonadota","Betaproteobacteria","Burkholderiales","Burkholderiaceae","Polynucleobacter","Polynucleobacter_acidiphobus_strain_MWH-PoolGreenA3"
"186f6ae1ced9fa7a7f094b78b2e4e6d8","Unassigned","Unassigned","Unassigned","Unassigned","Unassigned","Unassigned","Unassigned"
"b0b53b0032b84265364fcc48ac66b898","Unassigned","Unassigned","Unassigned","Unassigned","Unassigned","Unassigned","Unassigned"
"bd86fed1753685654866712e44d7261c","Unassigned","Unassigned","Unassigned","Unassigned","Unassigned","Unassigned","Unassigned"
"d0c34c7a29b9b074d17a95dd4288d82e","Bacteria","Pseudomonadota","Betaproteobacteria","Burkholderiales","Comamonadaceae","Ottowia","Extensimonas_perlucida_strain_HX2-24"
"03b434591143aedc59bc505b5845adf4","Bacteria","Pseudomonadota","Betaproteobacteria","Burkholderiales","","Aquabacterium","Aquabacterium_commune_strain_B8"
"40396206cb66109cd3f482b2835c3611","Unassigned","Unassigned","Unassigned","Unassigned","Unassigned","Unassigned","Unassigned"
"951c62ce8684f0ba4c570e03dc721b4c","Bacteria","Pseudomonadota","Alphaproteobacteria","Hyphomonadales","Hyphomonadaceae","Asprobacter","Asprobacter_aquaticus_strain_DRW22-8"
"e3904de4df0b21eca15dc0790c6d669e","Bacteria","Pseudomonadota","Alphaproteobacteria","Hyphomicrobiales","Nitrobacteraceae","Bradyrhizobium","Bradyrhizobium_commune"
"b29153d5213178d662f564cef7526d44","Bacteria","Pseudomonadota","Alphaproteobacteria","Hyphomicrobiales","Hyphomicrobiaceae","Rhodoplanes","Undibacter_mobilis_strain_GY_H"
"9957bb475d4583ba39fad1a5b066c07b","Unassigned","Unassigned","Unassigned","Unassigned","Unassigned","Unassigned","Unassigned"
"124862dc27bb12c1a42323f9b6b191b2","Unassigned","Unassigned","Unassigned","Unassigned","Unassigned","Unassigned","Unassigned"
"ba05686057715e3d17067c7e35414466","Unassigned","Unassigned","Unassigned","Unassigned","Unassigned","Unassigned","Unassigned"
"3bb27ff19d68479629201fd95212b618","Bacteria","Acidobacteriota","Vicinamibacteria","Vicinamibacterales","Vicinamibacteraceae","Vicinamibacter","Vicinamibacter_silvestris_strain_Ac_5_C6"
"9b11e2a84db1f3de2e14092f5ddda914","Bacteria","Pseudomonadota","Betaproteobacteria","Nitrosomonadales","Sterolibacteriaceae","Denitratisoma","Denitratisoma_oestradiolicum_strain_AcBE2-1"
"de8a970bbb071f72b2df153a46f9c25c","Unassigned","Unassigned","Unassigned","Unassigned","Unassigned","Unassigned","Unassigned"
"b7e4e018fc382d258af756fecf839833","Unassigned","Unassigned","Unassigned","Unassigned","Unassigned","Unassigned","Unassigned"
"30e9eaaaea86160875c4bf1c4acdb2b3","Bacteria","Pseudomonadota","Alphaproteobacteria","Caulobacterales","Caulobacteraceae","Caulobacter","Caulobacter_henricii_strain_ATCC_15253"
"308f928349cd7a3d386b2f36121877c0","Bacteria","Pseudomonadota","Betaproteobacteria","Nitrosomonadales","Methylophilaceae","Methylophilus","Methylophilus_rhizosphaerae_strain_CBMB127"
"330897fb98e87921168bb0c95bd96d92","Unassigned","Unassigned","Unassigned","Unassigned","Unassigned","Unassigned","Unassigned"
"78de01d0e87ce3b7140c633d8d03956b","Bacteria","Pseudomonadota","Alphaproteobacteria","Hyphomicrobiales","Hyphomicrobiaceae","Hyphomicrobium","Hyphomicrobium_aestuarii_strain_ATCC_27483"
"612b8edea097cdaafcf72b6c6431e162","Bacteria","Pseudomonadota","Betaproteobacteria","Burkholderiales","Comamonadaceae","Acidovorax","Acidovorax_benzenivorans"
"871d36f97690f6c4b43dc7e17df3d7e5","Unassigned","Unassigned","Unassigned","Unassigned","Unassigned","Unassigned","Unassigned"
"60045198014b9959e1ec1720c7f201e6","Bacteria","Verrucomicrobiota","Spartobacteria","Chthoniobacterales","Chthoniobacteraceae","Chthoniobacter","Chthoniobacter_flavus_Ellin428"
"49a03818500a4abaa8eaaa25ef745fae","Bacteria","Acidobacteriota","Terriglobia","Bryobacterales","Bryobacteraceae","Paludibaculum","Paludibaculum_fermentans_strain_P105"
"97b1cebe550d39ea686e2215128a4c2d","Bacteria","Pseudomonadota","Betaproteobacteria","Burkholderiales","Comamonadaceae","Variovorax","Variovorax_ginsengisoli_strain_Gsoil_3165"
"d1f89541136c6f8f6da5b56090a4aa85","Bacteria","Pseudomonadota","Betaproteobacteria","Burkholderiales","Alcaligenaceae","Zwartia","Zwartia_vadi"
"752695679fb8e7e6605e1803c86fc5bc","Bacteria","Acidobacteriota","Blastocatellia","Blastocatellales","Blastocatellaceae","Stenotrophobacter","Stenotrophobacter_terrae_strain_Ac_28_D10"
"d769af8ffc6519bebfe079675548cf58","Bacteria","Pseudomonadota","Betaproteobacteria","Burkholderiales","Sphaerotilaceae","Methylibium","Methylibium_petroleiphilum_PM1"
"a7916d50a5d591268aca28ec69f757a3","Unassigned","Unassigned","Unassigned","Unassigned","Unassigned","Unassigned","Unassigned"
"487bf13370de1937d48d8abb13f488d6","Bacteria","Pseudomonadota","Gammaproteobacteria","Nevskiales","Nevskiaceae","Nevskia","Nevskia_ramosa_strain_Soe1"
"33880787bff443e26c8465e5b41bff7d","Bacteria","Pseudomonadota","Betaproteobacteria","Nitrosomonadales","Methylophilaceae","Methylovorus","Methylovorus_glucosotrophus_strain_6B1"
"a3139156f9480d6c251f8798e4f0215f","Unassigned","Unassigned","Unassigned","Unassigned","Unassigned","Unassigned","Unassigned"
"1de79e0e924eb471673fa2e06ef9da0e","Bacteria","Pseudomonadota","Betaproteobacteria","Burkholderiales","Burkholderiaceae","Robbsia","Robbsia_betulipollinis"
"c504bea91c496653dc53949f8e3c308c","Bacteria","Pseudomonadota","Betaproteobacteria","Burkholderiales","Sphaerotilaceae","Roseateles","Roseateles_amylovorans"
"4903dff6e4dbd5dafe83c220dbdb2efb","Bacteria","Pseudomonadota","Alphaproteobacteria","Hyphomicrobiales","Pleomorphomonadaceae","Pleomorphomonas","Micropepsis_pineolensis_strain_CS4"
"cc3ae718fb251ddc7b900fdb38feb65e","Bacteria","Planctomycetota","Planctomycetia","Pirellulales","Pirellulaceae","Anatilimnocola","Anatilimnocola_floriformis"
"c2cea37c99187e1958873339b9cebee0","Bacteria","Bacteroidota","Chitinophagia","Chitinophagales","Chitinophagaceae","Ferruginibacter","Ferruginibacter_profundus_strain_DS48-5-3"
"27fcd09316d8557d57e2c249e42e8a9f","Unassigned","Unassigned","Unassigned","Unassigned","Unassigned","Unassigned","Unassigned"
"aa1e31e2a119fcd1fbe0105a9e451348","Bacteria","Pseudomonadota","Betaproteobacteria","Burkholderiales","Comamonadaceae","Rhodoferax","Rhodoferax_bucti"
"36726d9886e36be62c6939f57ad8b00c","Bacteria","Bacteroidota","Chitinophagia","Chitinophagales","Chitinophagaceae","Ferruginibacter","Ferruginibacter_profundus_strain_DS48-5-3"
"c49bb3fa25cad52d6e29bf0f6c9fce50","Bacteria","Pseudomonadota","Betaproteobacteria","Nitrosomonadales","Methylophilaceae","Methylovorus","Methylovorus_glucosotrophus_strain_6B1"
"af8d8cf64bc0eb6a10d6467c859b8d9e","Unassigned","Unassigned","Unassigned","Unassigned","Unassigned","Unassigned","Unassigned"
"dee008937723c9b072b2c3220c4f72d8","Bacteria","Pseudomonadota","Alphaproteobacteria","Hyphomicrobiales","Beijerinckiaceae","Methyloferula","Methyloferula_stellata_AR4"
"1ae5c7809e2f1338512a90e2911c2186","Bacteria","Planctomycetota","Planctomycetia","Planctomycetales","Planctomycetaceae","Planctopirus","Schlesneria_paludicola_strain_MPL7"
"338a420b4cdfecbdc623c9ac01d9e174","Bacteria","Verrucomicrobiota","Verrucomicrobiia","Verrucomicrobiales","Verrucomicrobiaceae","Prosthecobacter","Prosthecobacter_algae_strain_EBTL04"
"cc311e1bbe936403ad306e1fca8c27a9","Bacteria","Acidobacteriota","Terriglobia","Bryobacterales","Bryobacteraceae","Bryobacter","Bryobacter_aggregatus_strain_MPL3"
"4046d218d212c98f73077298e694a0ae","Bacteria","Bacteroidota","Chitinophagia","Chitinophagales","Chitinophagaceae","Sediminibacterium","Sediminibacterium_roseum_strain_SYL130"
"bc3381ee603ddadc731f21234e5ed9a8","Bacteria","Pseudomonadota","Alphaproteobacteria","Hyphomonadales","Hyphomonadaceae","Vitreimonas","Vitreimonas_flagellata_strain_SYSU_XM001"
"a5a8b4b90046ce74d12bfc068fa539cb","Unassigned","Unassigned","Unassigned","Unassigned","Unassigned","Unassigned","Unassigned"
"3e70f44181b03b2314d72f25df04d36a","Unassigned","Unassigned","Unassigned","Unassigned","Unassigned","Unassigned","Unassigned"
"7f6075d43e259d211cdbadf255a4698f","Bacteria","Pseudomonadota","Alphaproteobacteria","Hyphomicrobiales","Aestuariivirgaceae","Aestuariivirga","Aestuariivirga_litoralis_strain_SYSU_M10001"
"ba849d89ced890932b058690cb0dde8f","Unassigned","Unassigned","Unassigned","Unassigned","Unassigned","Unassigned","Unassigned"
"ec48358a3f832563b5ba8503e43f7a25","Bacteria","Pseudomonadota","Betaproteobacteria","Nitrosomonadales","Thiobacillaceae","Thiobacillus","Thiobacillus_thioparus_strain_THI_111"
"4b2310b071383ec42028c5f588b41ff6","Bacteria","Acidobacteriota","Vicinamibacteria","Vicinamibacterales","Vicinamibacteraceae","Luteitalea","Luteitalea_pratensis_strain_HEG_-6_39"
"6aa6faba08136610b09c9fe96e3abc4f","Unassigned","Unassigned","Unassigned","Unassigned","Unassigned","Unassigned","Unassigned"
"eddfd0429dc49cd8bced6c678f3d4d69","Unassigned","Unassigned","Unassigned","Unassigned","Unassigned","Unassigned","Unassigned"
"5500f710ff5ecea2c142c5bee570cffc","Bacteria","Bacteroidota","Cytophagia","Cytophagales","Fulvivirgaceae","Chryseolinea","Chryseotalea_sanaruensis_strain_Ys"
"ff731c85f5010bdc63565995f286497b","Bacteria","Pseudomonadota","Alphaproteobacteria","Rhodospirillales","Acetobacteraceae","Gluconobacter","Gluconobacter_morbifer_G707"
"e6f2d074675765e34fdada87d0f38819","Bacteria","Pseudomonadota","Betaproteobacteria","Nitrosomonadales","Methylophilaceae","Methylobacillus","Methylobacillus_arboreus_strain_Iva"
"49c9b04fe7903652357adebf163767e0","Bacteria","Pseudomonadota","Betaproteobacteria","Rhodocyclales","Rhodocyclaceae","Azospira","Azospira_restricta_strain_SUA2"
"598e0d05299d0d25b0563c758e8cef1d","Unassigned","Unassigned","Unassigned","Unassigned","Unassigned","Unassigned","Unassigned"
"ff2ab5e541d985a885fa85a98814d657","Bacteria","Pseudomonadota","Alphaproteobacteria","Rhodobacterales","Paracoccaceae","Cypionkella","Cypionkella_sinensis_strain_Y1R2-4"
"7dc7d1f0c304a8f4fa8a7766425eb55f","Bacteria","Acidobacteriota","Blastocatellia","Blastocatellales","Blastocatellaceae","Stenotrophobacter","Stenotrophobacter_terrae_strain_Ac_28_D10"
"a8700cbcadca5e27a68f99969e657a4b","Bacteria","Planctomycetota","Planctomycetia","Planctomycetales","Planctomycetaceae","Schlesneria","Schlesneria_paludicola_strain_MPL7"
"bfa5b0a91adc1e2bba37e5b0994b64da","Unassigned","Unassigned","Unassigned","Unassigned","Unassigned","Unassigned","Unassigned"
"ed8b07278c73496ea750f9dc37432dad","Bacteria","Pseudomonadota","Betaproteobacteria","Burkholderiales","Oxalobacteraceae","Massilia","Massilia_rhizosphaerae_strain_NEAU-GH312"
"c27551a4934bc516dc3d6a17be6db408","Unassigned","Unassigned","Unassigned","Unassigned","Unassigned","Unassigned","Unassigned"
"b33329a3fa34ac0640e15fe442d8739f","Unassigned","Unassigned","Unassigned","Unassigned","Unassigned","Unassigned","Unassigned"
"221556eab1fcfab52ccde4b5d6cf064a","Bacteria","Pseudomonadota","Betaproteobacteria","Nitrosomonadales","Sterolibacteriaceae","Nitrosomonas","Sulfurisoma_sediminicola_strain_BSN1"
"0d7d86e2e8aff5b19167e650e8bbeaa4","Bacteria","Pseudomonadota","Alphaproteobacteria","Hyphomicrobiales","Alsobacteraceae","Alsobacter","Alsobacter_ponti"
"c137e95cf5ce04ae6b99e17b2b67cac3","Bacteria","Pseudomonadota","Betaproteobacteria","Nitrosomonadales","Usitatibacteraceae","Usitatibacter","Usitatibacter_palustris_strain_Swamp67"
"74363a8401fa8f79d80dcab8f6eefc3b","Unassigned","Unassigned","Unassigned","Unassigned","Unassigned","Unassigned","Unassigned"
"7a7341a3c119a8bcf6414be682f334d0","Bacteria","Bacteroidota","Sphingobacteriia","Sphingobacteriales","Sphingobacteriaceae","Solitalea","Solitalea_koreensis_strain_R2A36-4"
"cf9cc5685ec92cd0e43aa683a6dc659b","Unassigned","Unassigned","Unassigned","Unassigned","Unassigned","Unassigned","Unassigned"
"c8e7566bbb329cd65642c491205dfe31","Bacteria","Planctomycetota","Planctomycetia","Planctomycetales","Planctomycetaceae","Schlesneria","Schlesneria_paludicola_strain_MPL7"
"8e6e0c847475ea73dee03a1764f295b1","Bacteria","Acidobacteriota","Terriglobia","Bryobacterales","Bryobacteraceae","Paludibaculum","Paludibaculum_fermentans_strain_P105"
"8589350a4f62932db88eaa16fd7acc67","Unassigned","Unassigned","Unassigned","Unassigned","Unassigned","Unassigned","Unassigned"
"fd6b6dd4419c620bac593d96473d0a05","Unassigned","Unassigned","Unassigned","Unassigned","Unassigned","Unassigned","Unassigned"
"4d6a531dde2e78c99e01b53a227ffd4b","Bacteria","Pseudomonadota","Alphaproteobacteria","Hyphomicrobiales","Rhizobiaceae","Alirhizobium","Aliirhizobium_(sic)_terrae"
"e8cf6b362ce612c011403a21a41061c0","Unassigned","Unassigned","Unassigned","Unassigned","Unassigned","Unassigned","Unassigned"
"84da450c5dd995ad2d9052e458a28460","Bacteria","Bacteroidota","Chitinophagia","Chitinophagales","Chitinophagaceae","Rurimicrobium","Rurimicrobium_arvi_strain_J107-1"
"0558bde2b83326f85ff680e1702995f3","Bacteria","Verrucomicrobiota","Opitutia","Opitutales","Opitutaceae","Horticoccus","Horticoccus_luteus_strain_KSB-15"
"197175efb2c7f75aa40e7308fe9db198","Bacteria","Bacteroidota","Chitinophagia","Chitinophagales","Chitinophagaceae","Terrimonas","Terrimonas_lutea_strain_DY"
"1bc59ffadfd529df246e7302a987dbbc","Bacteria","Pseudomonadota","Alphaproteobacteria","Hyphomicrobiales","Reyranellaceae","Reyranella","Reyranella_aquatilis_strain_Seoho-37"
"683793731ce2fcf3f7b0cd7b2d7a9e18","Bacteria","Pseudomonadota","Alphaproteobacteria","Hyphomicrobiales","Aestuariivirgaceae","Aestuariivirga","Aestuariivirga_litoralis_strain_SYSU_M10001"
"c3478f7a7cad3a704d3fc763c51caf8e","Bacteria","Pseudomonadota","Alphaproteobacteria","Hyphomicrobiales","Hyphomicrobiaceae","Methyloligella","Methyloligella_solikamskensis_strain_SK12"
"9f7f0f0f6005ab3ff37c8669707f24df","Unassigned","Unassigned","Unassigned","Unassigned","Unassigned","Unassigned","Unassigned"
"7bf26b923f80f7cd7c149562e543109a","Bacteria","Bacteroidota","Cytophagia","Cytophagales","Cyclobacteriaceae","Algoriphagus","Algoriphagus_olei_strain_CC-Hsuan-617"
"c23d3acbc0e56ea58a0cd5556cd73dfa","Bacteria","Pseudomonadota","Betaproteobacteria","Burkholderiales","Burkholderiaceae","Robbsia","Robbsia_betulipollinis"
"bb3b025b2e549251958b264316d4ac5d","Bacteria","Pseudomonadota","Alphaproteobacteria","Hyphomicrobiales","Xanthobacteraceae","Rhodoplanes","Pseudorhodoplanes_sinuspersici_strain_RIPI_110"
"4f6b0d86bc3008e10c17f3f9f0286bbf","Bacteria","Pseudomonadota","Alphaproteobacteria","Hyphomicrobiales","Reyranellaceae","Reyranella","Reyranella_aquatilis_strain_Seoho-37"
"bd63f5b71a4b9a523ea5f08e753a54af","Bacteria","Pseudomonadota","Betaproteobacteria","Burkholderiales","","Noviherbaspirillum","Candidatus_Accumulibacter_propinquus"
"af5fd35f656d95023290f5006eba7acd","Bacteria","Bacteroidota","Bacteroidia","Marinilabiliales","Marinilabiliaceae","Mangroviflexus","Mangroviflexus_xiamenensis_strain_P2"
"a97c2dc90ee49f7fbb7ef2ba33c60c9a","Bacteria","Bacteroidota","Chitinophagia","Chitinophagales","Chitinophagaceae","Niabella","Niabella_yanshanensis_strain_CCBAU_05354"
"103435538a6c7bac60f5a8aa83d39a8d","Bacteria","Pseudomonadota","Betaproteobacteria","Burkholderiales","Sphaerotilaceae","Rubrivivax","Rubrivivax_pictus_strain_W35"
"a7a31dc2ebd94e43d2f4d8d578baf073","Unassigned","Unassigned","Unassigned","Unassigned","Unassigned","Unassigned","Unassigned"
"65800c34ab84d98e0a5b33fd5884d496","Bacteria","Planctomycetota","Planctomycetia","Planctomycetales","Planctomycetaceae","Schlesneria","Schlesneria_paludicola_strain_MPL7"
"e007996a65ccae3ec05f5470062b76a1","Bacteria","Bacteroidota","Cytophagia","Cytophagales","Spirosomataceae","Aquirufa","Aquirufa_regiilacus"
"2691995865636a5863d3e467ccabff56","Bacteria","Pseudomonadota","Betaproteobacteria","Nitrosomonadales","Methylophilaceae","Methylovorus","Methyloradius_palustris_strain_Zm11"
"d70e5204ed415d560119b15d3867b705","Bacteria","Pseudomonadota","Betaproteobacteria","Burkholderiales","","Aquabacterium","Aquabacterium_commune_strain_B8"
"7c1998508f977ddefb93a1361096520b","Bacteria","Pseudomonadota","Betaproteobacteria","","","Candidatus_Accumulibacter","Candidatus_Accumulibacter_propinquus"
"e0a6f060113fbfc1d5bc4d686d237e10","Bacteria","Pseudomonadota","Betaproteobacteria","Nitrosomonadales","Thiobacillaceae","Thiobacillus","Thiobacillus_sedimenti"
"9f1b906420aefa58132edad98d2e884e","Bacteria","Pseudomonadota","Betaproteobacteria","Nitrosomonadales","Methylophilaceae","Methylotenera","Methylotenera_oryzisoli_strain_La3113"
"aecc487512d82d246db276fc7473f647","Bacteria","Bacteroidota","Flavobacteriia","Flavobacteriales","Crocinitomicaceae","Fluviicola","Fluviicola_hefeinensis_strain_MYL-8"
"16d19521decc0fc8183dc4dbf49c2ded","Bacteria","Planctomycetota","Planctomycetia","Planctomycetales","Planctomycetaceae","Schlesneria","Schlesneria_paludicola_strain_MPL7"
"f60673a298754db95d39a9d1a651bb5e","Bacteria","Pseudomonadota","Betaproteobacteria","Burkholderiales","Sphaerotilaceae","Methylibium","Methylibium_petroleiphilum_PM1"
"2f98debc2045ed8cec9e4ec326181563","Unassigned","Unassigned","Unassigned","Unassigned","Unassigned","Unassigned","Unassigned"
"4c4522a6535543f09a38b9db45c0a836","Bacteria","Actinomycetota","Acidimicrobiia","Acidimicrobiales","Iamiaceae","Dermatobacter","Dermatobacter_hominis_strain_Kera-3"
"093cfdf841cbde8e3a4b1d37d3aa8eef","Unassigned","Unassigned","Unassigned","Unassigned","Unassigned","Unassigned","Unassigned"
"8b591a396677e380491a82f7ef2e91f4","Unassigned","Unassigned","Unassigned","Unassigned","Unassigned","Unassigned","Unassigned"
"64feb63c61e1bb86fe6d3ee926e5fb16","Bacteria","Acidobacteriota","Terriglobia","Bryobacterales","Bryobacteraceae","Bryobacter","Bryobacter_aggregatus_strain_MPL3"
"a2ad8c7d588232f86fb58d0e89bbf5a0","Bacteria","Pseudomonadota","Betaproteobacteria","Nitrosomonadales","Nitrosomonadaceae","Nitrosospira","Nitrosospira_lacus_strain_APG3"
"770bdb4023d13df4bf48a40e97ef0495","Bacteria","Pseudomonadota","Betaproteobacteria","Burkholderiales","Sphaerotilaceae","Methylibium","Methylibium_petroleiphilum_PM1"
"ea8e6f700ca3d84bad9d2052a17a9478","Unassigned","Unassigned","Unassigned","Unassigned","Unassigned","Unassigned","Unassigned"
"41e59334161acef1251168d6b9509b41","Bacteria","Myxococcota","","Polyangiales","Phaselicystidaceae","Phaselicystis","Phaselicystis_flava_strain_SBKo001"
"9f9e7f15070cd2467ee5f2783e465edf","Bacteria","Pseudomonadota","Betaproteobacteria","Nitrosomonadales","Sterolibacteriaceae","Georgfuchsia","Georgfuchsia_toluolica_strain_G5G6"
"8b3c9b207697260a1eead19d309ccdf4","Bacteria","Pseudomonadota","Alphaproteobacteria","Hyphomicrobiales","","Pseudorhodoplanes","Pseudorhodoplanes_sinuspersici_strain_RIPI_110"
"48fca54fd3a95a1b07e04a23ca582325","Bacteria","Pseudomonadota","Betaproteobacteria","Rhodocyclales","Zoogloeaceae","Thauera","Thauera_mechernichensis_strain_TL1"
"cb6500fe4e060746913fcbf8a6ef8805","Bacteria","Planctomycetota","Planctomycetia","Planctomycetales","Planctomycetaceae","Symmachiella","Symmachiella_macrocystis_strain_CA54"
"783fff9e9e42c660bec0f18b532a80c2","Bacteria","Pseudomonadota","Betaproteobacteria","Nitrosomonadales","Sterolibacteriaceae","Georgfuchsia","Georgfuchsia_toluolica_strain_G5G6"
"e98f3a13fe5139277eb284d94a28853a","Bacteria","Pseudomonadota","Betaproteobacteria","Nitrosomonadales","Nitrosomonadaceae","Nitrosospira","Nitrosospira_lacus_strain_APG3"
"44d30b1f403e0bdb0ed37a2b5db1eb21","Bacteria","Bacteroidota","Chitinophagia","Chitinophagales","Chitinophagaceae","Ferruginibacter","Sediminibacterium_aquarii_strain_AA5"
"5a0476b65e9727a8bf1f057b771a1b11","Bacteria","Planctomycetota","Planctomycetia","Planctomycetales","Planctomycetaceae","Symmachiella","Symmachiella_macrocystis_strain_CA54"
"42373de3ab522b87ee21a31962eaf063","Bacteria","Bacteroidota","Chitinophagia","Chitinophagales","Chitinophagaceae","Ferruginibacter","Ferruginibacter_profundus_strain_DS48-5-3"
"be7ae8e170b9fd29fefbe05f87142a45","Bacteria","Acidobacteriota","Vicinamibacteria","Vicinamibacterales","Vicinamibacteraceae","Vicinamibacter","Vicinamibacter_silvestris_strain_Ac_5_C6"
"94bc14fdb02030560cf25108a5e98fe5","Bacteria","Pseudomonadota","Alphaproteobacteria","Sphingomonadales","Sphingomonadaceae","Sphingobium","Sphingobium_psychrophilum_strain_AR-3-1"
"2f6513474476df657e56859493e3afe1","Bacteria","Acidobacteriota","Vicinamibacteria","Vicinamibacterales","Vicinamibacteraceae","Vicinamibacter","Vicinamibacter_silvestris_strain_Ac_5_C6"
"f1affa3e6cf43fe5a3233bcf24418a51","Bacteria","Actinomycetota","Thermoleophilia","Miltoncostaeales","Miltoncostaeaceae","Miltoncostaea","Miltoncostaea_marina_strain_SCSIO_60955"
"8328f84f5337a5171db378fec3ab8669","Bacteria","Pseudomonadota","Gammaproteobacteria","","","Acidibacter","Acidibacter_ferrireducens_strain_MCF85"
"025adb39499f4825d88e55c58a7c7a84","Bacteria","Pseudomonadota","Betaproteobacteria","Burkholderiales","Comamonadaceae","Curvibacter","Curvibacter_fontanus_strain_AQ9"
"36755b5fbb9091f37dd9b255a41d1fa2","Bacteria","Pseudomonadota","Betaproteobacteria","Rhodocyclales","Azonexaceae","Azonexus","Azonexus_caeni_strain_Slu-05"
"dba3e9b09719b5adea7c62ce94860808","Bacteria","Pseudomonadota","Betaproteobacteria","Burkholderiales","Comamonadaceae","Rhodoferax","Rhodoferax_potami"
"62a24847262d296e1ed38d61d13ce8e9","Bacteria","Acidobacteriota","Blastocatellia","Blastocatellales","Blastocatellaceae","Stenotrophobacter","Stenotrophobacter_terrae_strain_Ac_28_D10"
"39dacb026f43e067beb40756a39c5fc8","Bacteria","Pseudomonadota","Alphaproteobacteria","Hyphomicrobiales","Aestuariivirgaceae","Aestuariivirga","Aestuariivirga_litoralis_strain_SYSU_M10001"
"1e1afb12ed32173fb2963f2d90f158f4","Unassigned","Unassigned","Unassigned","Unassigned","Unassigned","Unassigned","Unassigned"
"34f39898e4cc602e1c8b01f8cb8c195a","Bacteria","Acidobacteriota","Vicinamibacteria","Vicinamibacterales","Vicinamibacteraceae","Vicinamibacter","Vicinamibacter_silvestris_strain_Ac_5_C6"
"c71d2a173820ef5ec84157d0556233c5","Bacteria","Planctomycetota","Planctomycetia","Pirellulales","Pirellulaceae","Anatilimnocola","Anatilimnocola_aggregata_strain_ETA_A8"
"4c340807adb6625f93cc763a3187eece","Bacteria","Planctomycetota","Planctomycetia","Planctomycetales","Planctomycetaceae","Symmachiella","Symmachiella_macrocystis_strain_CA54"
"f1edae934ea05a23dfc0cb5aca898d22","Unassigned","Unassigned","Unassigned","Unassigned","Unassigned","Unassigned","Unassigned"
"fcbbe29130a2948b784ed4f358c9abdf","Unassigned","Unassigned","Unassigned","Unassigned","Unassigned","Unassigned","Unassigned"
"ca9ae8ed443ed8e894108bb9842a1ff4","Bacteria","Pseudomonadota","Alphaproteobacteria","Hyphomicrobiales","Beijerinckiaceae","Methylorosula","Methylorosula_polaris_strain_V-022"
"333f913446183310885af44b21989612","Unassigned","Unassigned","Unassigned","Unassigned","Unassigned","Unassigned","Unassigned"
"c0405f9d478c270c4563bbb889c3f47a","Unassigned","Unassigned","Unassigned","Unassigned","Unassigned","Unassigned","Unassigned"
"c7f122f9ecee7d9a2f189a58ce7d0ee7","Unassigned","Unassigned","Unassigned","Unassigned","Unassigned","Unassigned","Unassigned"
"bb463f5ef8033ff3587a1eff71214355","Bacteria","Pseudomonadota","Alphaproteobacteria","Rhodobacterales","Paracoccaceae","Pseudorhodobacter","Pseudorhodobacter_wandonensis_strain_WT-MW11"
"2cbb95f99bbdca8416fc5c96a8425049","Bacteria","Pseudomonadota","Betaproteobacteria","Nitrosomonadales","Methylophilaceae","Methylopumilus","Candidatus_Methylopumilus_turicensis"
"62c9db78fe5bdf3a88713375cd6c0233","Bacteria","Pseudomonadota","Betaproteobacteria","Burkholderiales","Rhodocyclaceae","Paraburkholderia","Thiobacter_subterraneus_strain_C55"
"975781c8d3b0e51d5f5f7397be67bef3","Bacteria","Bacteroidota","Chitinophagia","Chitinophagales","Chitinophagaceae","Ferruginibacter","Ferruginibacter_alkalilentus_strain_HU1-GD23"
"d7d508ee2c10e7f1def5aff8c0e3b9ec","Bacteria","Acidobacteriota","Vicinamibacteria","Vicinamibacterales","Vicinamibacteraceae","Luteitalea","Luteitalea_pratensis_strain_HEG_-6_39"
"ec7ac5805e1c00c682351b7333636ce2","Bacteria","Pseudomonadota","Betaproteobacteria","Nitrosomonadales","Sterolibacteriaceae","Rugosibacter","Rugosibacter_aromaticivorans_strain_Ca6"
"ebcf151ae108d61a67419709e1cd0dcf","Unassigned","Unassigned","Unassigned","Unassigned","Unassigned","Unassigned","Unassigned"
"ee623f7dadd8ba7d5913b1fd69c4fee6","Bacteria","Acidobacteriota","Terriglobia","Bryobacterales","Bryobacteraceae","Paludibaculum","Paludibaculum_fermentans_strain_P105"
"e483621adecc17f01f44d52008308baa","Unassigned","Unassigned","Unassigned","Unassigned","Unassigned","Unassigned","Unassigned"
"9f1a37e0c35f99af17388000468a82a2","Bacteria","Pseudomonadota","Alphaproteobacteria","Hyphomicrobiales","Aestuariivirgaceae","Taklimakanibacter","Taklimakanibacter_lacteus"
"29152cbbf30d46c52eba85c34d939dae","Bacteria","Bacteroidota","Flavobacteriia","Flavobacteriales","Flavobacteriaceae","Flavobacterium","Flavobacterium_chungnamense_strain_ARSA-103"
"fb0c5d37f6eb1af7eea9b89cfddc1a1b","Unassigned","Unassigned","Unassigned","Unassigned","Unassigned","Unassigned","Unassigned"
"d56c484fd64ac321824f7fd72f193d13","Bacteria","Pseudomonadota","Alphaproteobacteria","Hyphomicrobiales","Nitrobacteraceae","Bradyrhizobium","Bradyrhizobium_macuxiense_strain_BR_10303"
"43a64c64240dd81507e364ff85e18b92","Unassigned","Unassigned","Unassigned","Unassigned","Unassigned","Unassigned","Unassigned"
"14c6c81553cafd6a9bb934deac3513dc","Bacteria","Planctomycetota","Phycisphaerae","Tepidisphaerales","Tepidisphaeraceae","Tepidisphaera","Tepidisphaera_mucosa_strain_2842"
"4f0b8cc50b406454e21ac4f5c76b02e1","Bacteria","Pseudomonadota","Betaproteobacteria","Nitrosomonadales","Methylophilaceae","Methylobacillus","Methyloradius_palustris_strain_Zm11"
"eebe2f2125bef1716346f32e3a6992b1","Bacteria","Acidobacteriota","Vicinamibacteria","Vicinamibacterales","Vicinamibacteraceae","Luteitalea","Luteitalea_pratensis_strain_HEG_-6_39"
"87b4243d921944414be8ba84a7f37fae","Unassigned","Unassigned","Unassigned","Unassigned","Unassigned","Unassigned","Unassigned"
"3c662ad5e2188d8c1d0dc70fb5704fe0","Unassigned","Unassigned","Unassigned","Unassigned","Unassigned","Unassigned","Unassigned"
"c1cc75b4748235c9f7e949dbc5972292","Unassigned","Unassigned","Unassigned","Unassigned","Unassigned","Unassigned","Unassigned"
"a93dcf9e18e982efc82ce1cc77d41d90","Bacteria","Pseudomonadota","Alphaproteobacteria","Rhodospirillales","Acetobacteraceae","Rhodopila","Rhodopila_globiformis_strain_7950"
"98c660f8e3bd823f073b8fc30999cdfc","Unassigned","Unassigned","Unassigned","Unassigned","Unassigned","Unassigned","Unassigned"
"04fa2a3052d7af70ff4a4003fe11852c","Bacteria","Pseudomonadota","Alphaproteobacteria","Rhodospirillales","Dongiaceae","Dongia","Dongia_rigui_strain_04SU4-P"
"2eb51a7b40f43537c364a1f31e2d9f36","Bacteria","Pseudomonadota","Betaproteobacteria","Burkholderiales","Burkholderiaceae","Robbsia","Robbsia_betulipollinis"
"2bcf72058c000e573291fd78302419d8","Bacteria","Nitrospirota","Nitrospiria","Nitrospirales","Nitrospiraceae","Nitrospira","Nitrospira_japonica_strain_J1"
"ca78b0747ccc6cffdcd67a3f6eff904e","Bacteria","Actinomycetota","Acidimicrobiia","Acidimicrobiales","Ilumatobacteraceae","Desertimonas","Desertimonas_flava_strain_SYSU_D60003"
"d8f77146e74ac809b2c7f1dc8de2e556","Bacteria","Actinomycetota","Acidimicrobiia","Acidimicrobiales","Ilumatobacteraceae","Desertimonas","Desertimonas_flava_strain_SYSU_D60003"
"f836d3ed374588b62525f0d6f1a6b8d0","Bacteria","Pseudomonadota","Alphaproteobacteria","Hyphomicrobiales","Hyphomicrobiaceae","Hyphomicrobium","Filomicrobium_fusiforme_strain_DSM_5304"
"da0a5eba77efb90244262ef64d45f982","Bacteria","Pseudomonadota","Betaproteobacteria","Rhodocyclales","","Candidatus_Accumulibacter","Candidatus_Accumulibacter_propinquus"
"3e315e5323e7a4fb78c5d2c7dc4b3339","Bacteria","Acidobacteriota","Vicinamibacteria","Vicinamibacterales","Vicinamibacteraceae","Vicinamibacter","Vicinamibacter_silvestris_strain_Ac_5_C6"
"28d587201e0f3c223c845fce0386915f","Bacteria","Pseudomonadota","Betaproteobacteria","Nitrosomonadales","Usitatibacteraceae","Usitatibacter","Usitatibacter_palustris_strain_Swamp67"
"cdfc1214482ff3e2d04a7a9eba910611","Bacteria","Bacteroidota","Flavobacteriia","Flavobacteriales","Flavobacteriaceae","Flavobacterium","Flavobacterium_noncentrifugens_strain_R-HLS-17"
"384c2c2bf40f4b54bf5c8ae5b41b6b59","Bacteria","Pseudomonadota","Alphaproteobacteria","Hyphomicrobiales","Nitrobacteraceae","Bradyrhizobium","Afipia_birgiae_34632"
"b714b889fe1e3862a191595e91654a71","Unassigned","Unassigned","Unassigned","Unassigned","Unassigned","Unassigned","Unassigned"
"c8e18e742c9612a3b0faae4f874bddc5","Bacteria","Pseudomonadota","Betaproteobacteria","Burkholderiales","Sphaerotilaceae","Aquabacterium","Roseateles_amylovorans"
"72e6f9abf6f5acde8b4180fdc3360c56","Bacteria","Pseudomonadota","Alphaproteobacteria","Hyphomicrobiales","Hyphomicrobiaceae","Hyphomicrobium","Hyphomicrobium_aestuarii_strain_ATCC_27483"
"6e5208580bb2a45fd36ba3efdb08e0f6","Bacteria","Actinomycetota","Actinomycetes","Sporichthyales","Sporichthyaceae","Longivirga","Longivirga_aurantiaca_strain_X5"
"bebe4f0b0d652704250caca6b4232fc3","Bacteria","Pseudomonadota","Alphaproteobacteria","Micropepsales","Micropepsaceae","Rhizomicrobium","Rhizomicrobium_palustre_strain_A48"
"0807210090386652fd2430e5a296e078","Bacteria","Pseudomonadota","Betaproteobacteria","Burkholderiales","Oxalobacteraceae","Glaciimonas","Georgfuchsia_toluolica_strain_G5G6"
"d3821c51669fa79510028d17ef20899d","Unassigned","Unassigned","Unassigned","Unassigned","Unassigned","Unassigned","Unassigned"
"8d08070720802c88eb161744ee8ed822","Bacteria","Pseudomonadota","Alphaproteobacteria","Hyphomicrobiales","","Pseudorhodoplanes","Pseudorhodoplanes_sinuspersici_strain_RIPI_110"
"6ae7b8c3d6fd9a5bb37569c4c19b12c6","Bacteria","Pseudomonadota","Alphaproteobacteria","Hyphomicrobiales","Nitrobacteraceae","Afipia","Afipia_birgiae_34632"
"c5f81ecb7731a966d295ddb1e1ef0fd0","Unassigned","Unassigned","Unassigned","Unassigned","Unassigned","Unassigned","Unassigned"
"0d3cabc1c8b0ae243040fe4c87c514c1","Bacteria","Acidobacteriota","Vicinamibacteria","Vicinamibacterales","Vicinamibacteraceae","Vicinamibacter","Vicinamibacter_silvestris_strain_Ac_5_C6"
"98facc08f6bb8ce5061c6d2a877a95f9","Bacteria","Pseudomonadota","Alphaproteobacteria","Hyphomicrobiales","Xanthobacteraceae","Pseudolabrys","Pseudolabrys_taiwanensis_strain_CC-BB4"
"575a4e9580c422df9d19bd2e72af21e8","Unassigned","Unassigned","Unassigned","Unassigned","Unassigned","Unassigned","Unassigned"
"b2455905ec89fe058f35c9cb16b3c7f5","Unassigned","Unassigned","Unassigned","Unassigned","Unassigned","Unassigned","Unassigned"
"68fe46e4de35f66405ca7587796f35a3","Unassigned","Unassigned","Unassigned","Unassigned","Unassigned","Unassigned","Unassigned"
"51cc8ad2fc377583783f9d82c9184eb3","Bacteria","Pseudomonadota","Betaproteobacteria","Nitrosomonadales","Methylophilaceae","Methylopumilus","Candidatus_Methylopumilus_turicensis"
"9678b9ad6f1f534903df78d5281131a4","Bacteria","Verrucomicrobiota","Verrucomicrobiia","Verrucomicrobiales","Verrucomicrobiaceae","Prosthecobacter","Prosthecobacter_algae_strain_EBTL04"
"997c73f527d839607cadffb9e6272af4","Unassigned","Unassigned","Unassigned","Unassigned","Unassigned","Unassigned","Unassigned"
"5ce1302c5d2c04f3b465eadcabe390ae","Bacteria","Pseudomonadota","Betaproteobacteria","Rhodocyclales","Zoogloeaceae","Azoarcus","Azoarcus_olearius_strain_DQS-4"
"d35372748825918fa9bfb9b236263825","Bacteria","Pseudomonadota","Betaproteobacteria","Burkholderiales","Burkholderiaceae","Robbsia","Robbsia_betulipollinis"
"d81ba37a184490fba357832d1fa56983","Unassigned","Unassigned","Unassigned","Unassigned","Unassigned","Unassigned","Unassigned"
"deb7b2139e53f09f6e8b87dffc8af799","Unassigned","Unassigned","Unassigned","Unassigned","Unassigned","Unassigned","Unassigned"
"70f13c3d794a390e0bd2ca101e9ad08b","Bacteria","Pseudomonadota","Betaproteobacteria","Burkholderiales","Burkholderiaceae","Robbsia","Robbsia_betulipollinis"
"4e50c043eb705997b541cee563aaa68e","Bacteria","Nitrospirota","Nitrospiria","Nitrospirales","Nitrospiraceae","Nitrospira","Nitrospira_japonica_strain_J1"
"77b55df2b61abf546b44920ae1324728","Bacteria","Pseudomonadota","Betaproteobacteria","Burkholderiales","Burkholderiaceae","Robbsia","Robbsia_betulipollinis"
"492060777a59c3c583ead2dc298af971","Bacteria","Bacteroidota","Flavobacteriia","Flavobacteriales","Flavobacteriaceae","Flavobacterium","Flavobacterium_knui_strain_2-56"
"3a4f3a88e7153eb77109cb50194afa8e","Bacteria","Pseudomonadota","Betaproteobacteria","Nitrosomonadales","Methylophilaceae","Methylotenera","Methylotenera_oryzisoli_strain_La3113"
"83b681c3346daabba1eda6d75e05a943","Unassigned","Unassigned","Unassigned","Unassigned","Unassigned","Unassigned","Unassigned"
"e0eb891fa0b79ce07f7e5a7610d9c0ac","Bacteria","Acidobacteriota","Vicinamibacteria","Vicinamibacterales","Vicinamibacteraceae","Luteitalea","Luteitalea_pratensis_strain_HEG_-6_39"
"c5e1541794d986f7cbf774156dbfd3f5","Unassigned","Unassigned","Unassigned","Unassigned","Unassigned","Unassigned","Unassigned"
"d1e819caa5ed26cce0e59aa81c28b7d9","Bacteria","Planctomycetota","Planctomycetia","Planctomycetales","Planctomycetaceae","Symmachiella","Symmachiella_macrocystis_strain_CA54"
"dabd52afd2da379954247baf069d5517","Bacteria","Actinomycetota","Actinomycetes","Mycobacteriales","Mycobacteriaceae","Mycobacterium","Mycolicibacterium_pallens_strain_czh-8"
"216d44c2d8c4e95236527e68e9338e2d","Unassigned","Unassigned","Unassigned","Unassigned","Unassigned","Unassigned","Unassigned"
"268dcf9f66c29c89e2807cb5a76861af","Bacteria","Pseudomonadota","Betaproteobacteria","Nitrosomonadales","Gallionellaceae","Sideroxyarcus","Sideroxyarcus_emersonii_strain_MIZ01"
"0ec2311973cbbb851ad705a4d1ed378a","Bacteria","Planctomycetota","Planctomycetia","Planctomycetales","Planctomycetaceae","Symmachiella","Symmachiella_macrocystis_strain_CA54"
"6d48bfea3cd5a453ffb504ca4d549117","Bacteria","Pseudomonadota","Betaproteobacteria","Burkholderiales","Oxalobacteraceae","Massilia","Massilia_litorea"
"e1749db41cf7c280a12379d8b53ac4aa","Unassigned","Unassigned","Unassigned","Unassigned","Unassigned","Unassigned","Unassigned"
"4adbaf51162cfeea8bae69588be64a54","Bacteria","Pseudomonadota","Gammaproteobacteria","Pseudomonadales","Pseudomonadaceae","Pseudomonas","Pseudomonas_monsensis"
"7cc0da6932c64c9cd84ab51e5aeac348","Unassigned","Unassigned","Unassigned","Unassigned","Unassigned","Unassigned","Unassigned"
"03775fa54107ee51f125af66c6c5155a","Bacteria","Pseudomonadota","Betaproteobacteria","Burkholderiales","Oxalobacteraceae","Noviherbaspirillum","Noviherbaspirillum_denitrificans_strain_TSA40"
"db8bdfd694cbb8be06f7fb9cf36a4232","Bacteria","Pseudomonadota","Alphaproteobacteria","Hyphomicrobiales","","Pseudorhodoplanes","Pseudorhodoplanes_sinuspersici_strain_RIPI_110"
"69777e65f2de704fab77be3a4af7815c","Unassigned","Unassigned","Unassigned","Unassigned","Unassigned","Unassigned","Unassigned"
"f5bbb212c7ee3eadab1bf529f048340f","Bacteria","Pseudomonadota","Betaproteobacteria","Burkholderiales","","Rhizobacter","Rhizobacter_profundi_strain_DS48-6-5"
"91bc69b527e1c9c49f69457df7f973fc","Bacteria","Pseudomonadota","Alphaproteobacteria","Micropepsales","Micropepsaceae","Rhizomicrobium","Rhizomicrobium_electricum_strain_Mfc52"
"7e6a7be6104c884cbae7f5fcbdc5825e","Bacteria","Bacteroidota","Chitinophagia","Chitinophagales","Chitinophagaceae","Ferruginibacter","Ferruginibacter_lapsinanis_strain_HU1-HG42"
"6eb2aaea93d9ed7ed13cab4e99ce62ab","Bacteria","Actinomycetota","Thermoleophilia","Gaiellales","Gaiellaceae","Gaiella","Gaiella_occulta_strain_F2-233"
"938f2c7095bd8b3a7fff674f3bbaee37","Unassigned","Unassigned","Unassigned","Unassigned","Unassigned","Unassigned","Unassigned"
"3e35d2bb3132f88c34713a8aef247f41","Bacteria","Pseudomonadota","Alphaproteobacteria","Caulobacterales","Caulobacteraceae","Caulobacter","Caulobacter_profundus_strain_DS48-5-2"
"7b88c3befeb38bb1c9df4af41ee49a34","Bacteria","Acidobacteriota","Vicinamibacteria","Vicinamibacterales","Vicinamibacteraceae","Luteitalea","Luteitalea_pratensis_strain_HEG_-6_39"
"79d2106f6dd6f0d4d11be06a5ca572dc","Bacteria","Pseudomonadota","Alphaproteobacteria","Micropepsales","Micropepsaceae","Rhizomicrobium","Rhizomicrobium_palustre_strain_A48"
"a67246f98e815b02926df9f3b33e235b","Unassigned","Unassigned","Unassigned","Unassigned","Unassigned","Unassigned","Unassigned"
"ae36027c4171a3ccf1405c6534433575","Bacteria","Actinomycetota","Acidimicrobiia","Acidimicrobiales","Ilumatobacteraceae","Desertimonas","Desertimonas_flava_strain_SYSU_D60003"
"d14f1c49680b78c82e1809edba7b23ba","Unassigned","Unassigned","Unassigned","Unassigned","Unassigned","Unassigned","Unassigned"
"197e1d94ac62a17bf187f7e19a0309cc","Bacteria","Pseudomonadota","Alphaproteobacteria","Rhodospirillales","Acetobacteraceae","Granulibacter","Granulibacter_bethesdensis_CGDNIH1"
"fbee755b794b8cd51f42ce499e4a58b1","Unassigned","Unassigned","Unassigned","Unassigned","Unassigned","Unassigned","Unassigned"
"f2c52d66a70169b9e37faffea0b9f0ad","Bacteria","Nitrospirota","Nitrospiria","Nitrospirales","Nitrospiraceae","Nitrospira","Nitrospira_japonica_strain_J1"
"67efbe42b8dfb539794cf4706f215486","Bacteria","Bacteroidota","Chitinophagia","Chitinophagales","Chitinophagaceae","Ferruginibacter","Ferruginibacter_lapsinanis_strain_HU1-HG42"
"9bb137f8af4a5157c56c29d611845c59","Bacteria","Pseudomonadota","Betaproteobacteria","Burkholderiales","Oxalobacteraceae","Noviherbaspirillum","Propionivibrio_dicarboxylicus_strain_CreMal1"
"0973696a2050f6ff18b829f24ba96e8f","Bacteria","Pseudomonadota","Alphaproteobacteria","Hyphomicrobiales","Micropepsaceae","Roseibium","Roseibium_alexandrii_strain_DFL-11"
"808e9572bac20982d027ac77cdec8f42","Unassigned","Unassigned","Unassigned","Unassigned","Unassigned","Unassigned","Unassigned"
"7e2488307f9541bf67b38b32227b41e2","Bacteria","Pseudomonadota","Gammaproteobacteria","Legionellales","Coxiellaceae","Berkiella","Sulfurifustis_variabilis_strain_skN76"
"7c066608a775ddf99d003d2cbcfeb643","Bacteria","Pseudomonadota","Betaproteobacteria","Burkholderiales","Burkholderiaceae","Paraburkholderia","Azonexus_fungiphilus_strain_BS5-8"
"f24c934c0fb00510535dca47326070ba","Bacteria","Pseudomonadota","Alphaproteobacteria","Caulobacterales","Caulobacteraceae","Brevundimonas","Brevundimonas_denitrificans_strain_TAR-002"
"2f5fc9f08683d90c4d6da8f7264f1f49","Unassigned","Unassigned","Unassigned","Unassigned","Unassigned","Unassigned","Unassigned"
"d4f945797e4011a0cc99e9f43e147701","Bacteria","Pseudomonadota","Gammaproteobacteria","Steroidobacterales","Steroidobacteraceae","Steroidobacter","Povalibacter_uvarum_strain_Zumi_37"
"20a39939820ff32d8d778d352a1d0802","Unassigned","Unassigned","Unassigned","Unassigned","Unassigned","Unassigned","Unassigned"
"5e7af80373f39cb7b6fd6f42e7864087","Bacteria","Acidobacteriota","Blastocatellia","Blastocatellales","Blastocatellaceae","Blastocatella","Blastocatella_fastidiosa_strain_A2-16"
"002c2d97e2463c48806afcb7ccf90eda","Unassigned","Unassigned","Unassigned","Unassigned","Unassigned","Unassigned","Unassigned"
"b16b6bcb0154917a7f195e8c696edbb3","Bacteria","Gemmatimonadota","Gemmatimonadia","Gemmatimonadales","Gemmatimonadaceae","Gemmatimonas","Gemmatimonas_phototrophica_strain_AP64"
"7b65ed057bfe381a7d6ce34670718c22","Unassigned","Unassigned","Unassigned","Unassigned","Unassigned","Unassigned","Unassigned"
"ba97a162109d61be071aeb3661353a7c","Bacteria","Pseudomonadota","Betaproteobacteria","Nitrosomonadales","Usitatibacteraceae","Usitatibacter","Usitatibacter_palustris_strain_Swamp67"
"a379b58a652be6826c13ec355d54a219","Bacteria","Pseudomonadota","Alphaproteobacteria","Hyphomicrobiales","Reyranellaceae","Reyranella","Reyranella_soli_strain_KIS14-15"
"e5859b5eba1abd31c9418d23dcebdc89","Bacteria","Pseudomonadota","Betaproteobacteria","Burkholderiales","Comamonadaceae","Variovorax","Variovorax_gossypii_strain_JM-310"
"10086a90d63be71ea1dead49a993beff","Unassigned","Unassigned","Unassigned","Unassigned","Unassigned","Unassigned","Unassigned"
"5d2dac16b81203181ea2c50f37fce378","Bacteria","Pseudomonadota","Alphaproteobacteria","Hyphomicrobiales","Hyphomicrobiaceae","Hyphomicrobium","Hyphomicrobium_hollandicum_strain_IFAM_KB-677"
"0c80e1dc7464686bfc83c9e9226fda3b","Unassigned","Unassigned","Unassigned","Unassigned","Unassigned","Unassigned","Unassigned"
"2d797be61c0ad6e059e0ac8183928dd7","Unassigned","Unassigned","Unassigned","Unassigned","Unassigned","Unassigned","Unassigned"
"5eaddda15e04c3561c8ff159d6891cde","Bacteria","Acidobacteriota","Vicinamibacteria","Vicinamibacterales","Vicinamibacteraceae","Vicinamibacter","Vicinamibacter_silvestris_strain_Ac_5_C6"
"fa1c9cfa0482e96c382b0da49a93882a","Bacteria","Pseudomonadota","Alphaproteobacteria","Hyphomicrobiales","Phyllobacteriaceae","Mesorhizobium","Mesorhizobium_neociceri_strain_CCANP35"
"4a5dca7ee5562c0efa165077b05fac04","Bacteria","Acidobacteriota","Vicinamibacteria","Vicinamibacterales","Vicinamibacteraceae","Vicinamibacter","Vicinamibacter_silvestris_strain_Ac_5_C6"
"eb2749d9f5198b497628adcef30c1ecc","Bacteria","Verrucomicrobiota","Spartobacteria","Chthoniobacterales","Chthoniobacteraceae","Chthoniobacter","Chthoniobacter_flavus_Ellin428"
"02dd8d38c06b6bbe35a8622b0ee881ee","Unassigned","Unassigned","Unassigned","Unassigned","Unassigned","Unassigned","Unassigned"
"ce4e3edad6ddb48f1af44f3196321c13","Bacteria","Acidobacteriota","Terriglobia","Bryobacterales","Bryobacteraceae","Paludibaculum","Paludibaculum_fermentans_strain_P105"
"7be7b4e430d1c2d75abfc2e2ece820c3","Bacteria","Pseudomonadota","Alphaproteobacteria","Hyphomicrobiales","","Pseudorhodoplanes","Pseudorhodoplanes_sinuspersici_strain_RIPI_110"
"a8f8206a9188edfdf2126e912a10b237","Unassigned","Unassigned","Unassigned","Unassigned","Unassigned","Unassigned","Unassigned"
"82c27c6ce724ae2f6a18bdcdbfa2c141","Unassigned","Unassigned","Unassigned","Unassigned","Unassigned","Unassigned","Unassigned"
"557aec287be1d078f02cc8429a960972","Unassigned","Unassigned","Unassigned","Unassigned","Unassigned","Unassigned","Unassigned"
"007d9fd81f93a11059f10fe1a6ae80b9","Bacteria","Pseudomonadota","Alphaproteobacteria","Hyphomicrobiales","","Pseudorhodoplanes","Pseudorhodoplanes_sinuspersici_strain_RIPI_110"
"38a2eb01dbe175e95db26410fe205150","Unassigned","Unassigned","Unassigned","Unassigned","Unassigned","Unassigned","Unassigned"
"a20707cdcf0342220f2499d34c07f5ce","Unassigned","Unassigned","Unassigned","Unassigned","Unassigned","Unassigned","Unassigned"
"14a8234c23954a901d1a5a5a8eef1fee","Unassigned","Unassigned","Unassigned","Unassigned","Unassigned","Unassigned","Unassigned"
"b023b280a7effabf79304bbe8ff4f0a0","Unassigned","Unassigned","Unassigned","Unassigned","Unassigned","Unassigned","Unassigned"
"527ee3068e9465137b8dd9c7f6ed5f63","Unassigned","Unassigned","Unassigned","Unassigned","Unassigned","Unassigned","Unassigned"
"b0834cb4e18674c0825c874e67c0f3fa","Bacteria","Pseudomonadota","Betaproteobacteria","Burkholderiales","Sphaerotilaceae","Methylibium","Methylibium_petroleiphilum_PM1"
"d143e51486b78f73c7af2cf14948917a","Bacteria","Planctomycetota","Planctomycetia","Gemmatales","Gemmataceae","Fimbriiglobus","Fimbriiglobus_ruber_strain_SP5"
"be4a64f657bb1a96af72e749e9259283","Bacteria","Planctomycetota","Planctomycetia","Gemmatales","Gemmataceae","Urbifossiella","Urbifossiella_limnaea_strain_ETA_A1"
"f2a70eea4bbfaee898fd542372396dd5","Bacteria","Acidobacteriota","Terriglobia","Bryobacterales","Bryobacteraceae","Bryobacter","Bryobacter_aggregatus_strain_MPL3"
"e06ae9dbb18efc0eed80f923e8a135da","Bacteria","Pseudomonadota","Alphaproteobacteria","Hyphomicrobiales","","Pseudorhodoplanes","Pseudorhodoplanes_sinuspersici_strain_RIPI_110"
"74783451544b245a6841a2b7e921ff8f","Bacteria","Planctomycetota","Planctomycetia","Pirellulales","Pirellulaceae","Anatilimnocola","Anatilimnocola_aggregata_strain_ETA_A8"
"465f8bc53c5afa3c83421d69727a657e","Bacteria","Pseudomonadota","Betaproteobacteria","Burkholderiales","Burkholderiaceae","Polynucleobacter","Polynucleobacter_acidiphobus_strain_MWH-PoolGreenA3"
"d6a291ac7025c94100a44727d81bb935","Unassigned","Unassigned","Unassigned","Unassigned","Unassigned","Unassigned","Unassigned"
"aa9b87becb5dfb643f1fe959eca64913","Bacteria","Pseudomonadota","Betaproteobacteria","Nitrosomonadales","Methylophilaceae","Methylotenera","Methylotenera_oryzisoli_strain_La3113"
"0d7e4ea6a1b8c84baaeaf38d183d41e6","Unassigned","Unassigned","Unassigned","Unassigned","Unassigned","Unassigned","Unassigned"
"1d6e098541ffddda0a9a2990b503ae0e","Unassigned","Unassigned","Unassigned","Unassigned","Unassigned","Unassigned","Unassigned"
"00820852fc034d1e2c7bd3a7dc46ec51","Unassigned","Unassigned","Unassigned","Unassigned","Unassigned","Unassigned","Unassigned"
"508000f52bb938e7d7b243fdd34902da","Unassigned","Unassigned","Unassigned","Unassigned","Unassigned","Unassigned","Unassigned"
"755823d47cb6ed00453553e60c11d456","Unassigned","Unassigned","Unassigned","Unassigned","Unassigned","Unassigned","Unassigned"
"b1881008c662f372670317b719881e74","Bacteria","Pseudomonadota","Alphaproteobacteria","Hyphomicrobiales","Hyphomicrobiaceae","Anderseniella","Anderseniella_baltica_strain_BA141"
"6eeef795cc3c466e24f463e593a5218a","Unassigned","Unassigned","Unassigned","Unassigned","Unassigned","Unassigned","Unassigned"
"3b54dc6dc868c54159e3027869c95d95","Bacteria","Acidobacteriota","Vicinamibacteria","Vicinamibacterales","Vicinamibacteraceae","Vicinamibacter","Vicinamibacter_silvestris_strain_Ac_5_C6"
"454abb630744a9cbcb22db8e3c1ad125","Bacteria","Planctomycetota","Planctomycetia","Gemmatales","Gemmataceae","Urbifossiella","Urbifossiella_limnaea_strain_ETA_A1"
"cfeed5b6c868bc8015632556e0425b23","Bacteria","Pseudomonadota","Betaproteobacteria","Burkholderiales","Oxalobacteraceae","Noviherbaspirillum","Candidatus_Accumulibacter_propinquus"
"8a87758a36b6a83675ba22569eb7216e","Unassigned","Unassigned","Unassigned","Unassigned","Unassigned","Unassigned","Unassigned"
"42e0e59ca0868b476f736355a047c3f8","Bacteria","Bacteroidota","Flavobacteriia","Flavobacteriales","Crocinitomicaceae","Fluviicola","Fluviicola_taffensis_strain_DSM_16823"
"a528f66e54d8d4a308b0689bad985f4d","Unassigned","Unassigned","Unassigned","Unassigned","Unassigned","Unassigned","Unassigned"
"719d1f2f42a9d8d72de5724634736f3e","Unassigned","Unassigned","Unassigned","Unassigned","Unassigned","Unassigned","Unassigned"
"213a0cc85a599399f0181cea2d10ca68","Bacteria","Bacteroidota","Cytophagia","Cytophagales","Chryseotaleaceae","Chryseotalea","Chryseotalea_sanaruensis_strain_Ys"
"dc334f62190278da355fd4f6a4af9fbd","Unassigned","Unassigned","Unassigned","Unassigned","Unassigned","Unassigned","Unassigned"
"fd2cefab8b4907cca9ccc5aa417b3870","Bacteria","Pseudomonadota","Alphaproteobacteria","Caulobacterales","Caulobacteraceae","Phenylobacterium","Phenylobacterium_lituiforme_strain_FaiI3"
"f85597cf534f262b8a018137309a0388","Unassigned","Unassigned","Unassigned","Unassigned","Unassigned","Unassigned","Unassigned"
"64a77e0fb69279683833b459ca510d06","Bacteria","Planctomycetota","Phycisphaerae","Tepidisphaerales","Tepidisphaeraceae","Tepidisphaera","Tepidisphaera_mucosa_strain_2842"
"17b5c110b1744daa950c7305d42d2354","Bacteria","Pseudomonadota","Alphaproteobacteria","Hyphomicrobiales","Hyphomicrobiaceae","Hyphomicrobium","Hyphomicrobium_hollandicum_strain_IFAM_KB-677"
"ff6ee8dc5bdfb0f90c4a049fb79d9d75","Bacteria","Planctomycetota","Planctomycetia","Planctomycetales","Planctomycetaceae","Schlesneria","Schlesneria_paludicola_strain_MPL7"
"1533e25eeb5a4f78b2ba1e4d26bcedc5","Bacteria","Bacteroidota","Chitinophagia","Chitinophagales","Chitinophagaceae","Parasegetibacter","Parasegetibacter_terrae_strain_SGM2-10"
"fca0be4f0f4109b1d1cce7f3899cb35b","Bacteria","Pseudomonadota","Betaproteobacteria","Rhodocyclales","Azonexaceae","Azonexus","Azonexus_caeni_strain_Slu-05"
"f25faffdc9da8fbc181527995fda6b52","Bacteria","Planctomycetota","Planctomycetia","Planctomycetales","Planctomycetaceae","Planctopirus","Schlesneria_paludicola_strain_MPL7"
"c85b568efdb585d4e0694f93c45dbd4f","Unassigned","Unassigned","Unassigned","Unassigned","Unassigned","Unassigned","Unassigned"
"aaf0e9afa3d74394b1b40899b73cc776","Bacteria","Pseudomonadota","Alphaproteobacteria","Rhodospirillales","Acetobacteraceae","Lichenicoccus","Lichenicoccus_roseus_strain_KEBCLARHB70R"
"9149d0f49bc8173c74d049919f7618cf","Bacteria","Actinomycetota","Actinomycetes","Kitasatosporales","Streptomycetaceae","Yinghuangia","Yinghuangia_aomiensis_strain_M24DS4"
"fda6365bed7fd943df91ebc1c68d9775","Bacteria","Pseudomonadota","Alphaproteobacteria","Rhodospirillales","Acetobacteraceae","Roseomonas","Paeniroseomonas_aquatica_strain_TR53"
"0066946078fdf46b3fbad04e1a4cd16d","Unassigned","Unassigned","Unassigned","Unassigned","Unassigned","Unassigned","Unassigned"
"e16e3835bf9897e19ca0dc2dc88fd452","Bacteria","Pseudomonadota","Betaproteobacteria","Burkholderiales","Comamonadaceae","Rhodoferax","Rhodoferax_saidenbachensis_strain_ED16"
"46792ddf859ff71ff1bf2bcfb0c53338","Unassigned","Unassigned","Unassigned","Unassigned","Unassigned","Unassigned","Unassigned"
"f2e62c1c07d3c3c5744e63b50ae691aa","Bacteria","Acidobacteriota","Vicinamibacteria","Vicinamibacterales","Vicinamibacteraceae","Vicinamibacter","Vicinamibacter_silvestris_strain_Ac_5_C6"
"2aaa94f6685d279e363fd8e433d283f7","Bacteria","Bacteroidota","Flavobacteriia","Flavobacteriales","Flavobacteriaceae","Flavobacterium","Flavobacterium_myungsuense_strain_HMD1033"
"57f4d718d765d9558e44e57dd00c5fbf","Unassigned","Unassigned","Unassigned","Unassigned","Unassigned","Unassigned","Unassigned"
"3dd5e118ceb51506736ab62b66825b84","Unassigned","Unassigned","Unassigned","Unassigned","Unassigned","Unassigned","Unassigned"
"ba556ead3a5b6371513afdabe80b2841","Bacteria","Actinomycetota","Thermoleophilia","Miltoncostaeales","Miltoncostaeaceae","Miltoncostaea","Miltoncostaea_marina_strain_SCSIO_60955"
"c7660aab9e95fc6141a4b63c523a7f56","Unassigned","Unassigned","Unassigned","Unassigned","Unassigned","Unassigned","Unassigned"
"b6b382438966685031d6d6d81041c2fb","Unassigned","Unassigned","Unassigned","Unassigned","Unassigned","Unassigned","Unassigned"
"8846e3082c59f37573e6946535f6dc7c","Bacteria","Pseudomonadota","Alphaproteobacteria","Hyphomicrobiales","Hyphomicrobiaceae","Hyphomicrobium","Filomicrobium_fusiforme_strain_DSM_5304"
"ce8b3875193a0397cf4e3bb45be7c6f8","Bacteria","Bacteroidota","Chitinophagia","Chitinophagales","Chitinophagaceae","Ferruginibacter","Ferruginibacter_alkalilentus_strain_HU1-GD23"
"351aaf18f1ecc74c330f00e15cd1c9b5","Bacteria","Pseudomonadota","Betaproteobacteria","Burkholderiales","Sphaerotilaceae","Methylibium","Methylibium_petroleiphilum_PM1"
"917b93e72bea98b7e8f06c2bb8cce5f9","Bacteria","Acidobacteriota","Terriglobia","Bryobacterales","Bryobacteraceae","Paludibaculum","Paludibaculum_fermentans_strain_P105"
"1e870bbcd92d834e9dce34f0257dcc62","Bacteria","Pseudomonadota","Alphaproteobacteria","Hyphomicrobiales","Nitrobacteraceae","Bradyrhizobium","Afipia_birgiae_34632"
"9bc6ad2ecb98561affe3c729d35adc2f","Bacteria","Pseudomonadota","Betaproteobacteria","Burkholderiales","Comamonadaceae","Rhodoferax","Rhodoferax_ferrireducens_T118"
"2ad1a53cb9a12c92f1afc46306ee31a9","Bacteria","Pseudomonadota","Betaproteobacteria","Nitrosomonadales","Methylophilaceae","Methylovorus","Methylovorus_glucosotrophus_strain_6B1"
"cf313c60128a44c24be634a5ef11495c","Bacteria","Pseudomonadota","Alphaproteobacteria","Hyphomicrobiales","Nitrobacteraceae","Undibacter","Undibacter_mobilis_strain_GY_H"
"4edefaac68c26bbc58ccf387ce6d5862","Unassigned","Unassigned","Unassigned","Unassigned","Unassigned","Unassigned","Unassigned"
"d906e28de6b950d54bad6c3927600fad","Bacteria","Acidobacteriota","Blastocatellia","Blastocatellales","Blastocatellaceae","Stenotrophobacter","Stenotrophobacter_terrae_strain_Ac_28_D10"
"bdd437acd3c7a683faca5a20eed757d8","Bacteria","Pseudomonadota","Alphaproteobacteria","Hyphomicrobiales","Nitrobacteraceae","Undibacter","Undibacter_mobilis_strain_GY_H"
"e4e5582f91703e65cc45c404dabf1ed1","Bacteria","Pseudomonadota","Gammaproteobacteria","Steroidobacterales","Steroidobacteraceae","Steroidobacter","Steroidobacter_cummioxidans"
"5b8f41c88609922e6f9e351f7149edda","Bacteria","Pseudomonadota","Alphaproteobacteria","Hyphomicrobiales","Hyphomicrobiaceae","Rhodoplanes","Pseudorhodoplanes_sinuspersici_strain_RIPI_110"
"8a1a1f597983f8e43dbaa88ca383213b","Bacteria","Pseudomonadota","Alphaproteobacteria","Rhodospirillales","Dongiaceae","Hypericibacter","Hypericibacter_terrae_strain_R5913"
"8b3d12d00ed03bf918590ec7e5df4ec3","Unassigned","Unassigned","Unassigned","Unassigned","Unassigned","Unassigned","Unassigned"
"b1afddb6bcaea6f65907a7cdef864d6c","Bacteria","Bacteroidota","Chitinophagia","Chitinophagales","Chitinophagaceae","Ferruginibacter","Ferruginibacter_profundus_strain_DS48-5-3"
"d76db2d0af7c1d3c99d05f0bcd14dceb","Bacteria","Bacteroidota","Flavobacteriia","Flavobacteriales","Flavobacteriaceae","Flavobacterium","Flavobacterium_phycosphaerae_strain_MK012"
"545a4438a7d1db52bb74041edea0f94d","Unassigned","Unassigned","Unassigned","Unassigned","Unassigned","Unassigned","Unassigned"
"a8ee5985e33ced63bababc7ea1bc1d11","Bacteria","Actinomycetota","Thermoleophilia","Gaiellales","Gaiellaceae","Gaiella","Gaiella_occulta_strain_F2-233"
"cb60be975bcb6e461c66d484f1d1927b","Unassigned","Unassigned","Unassigned","Unassigned","Unassigned","Unassigned","Unassigned"
"139d4b5829907bee42bf79f49083aeca","Unassigned","Unassigned","Unassigned","Unassigned","Unassigned","Unassigned","Unassigned"
"804ff29f9e0a78e268bfda1fa8953f7f","Bacteria","Planctomycetota","Planctomycetia","Planctomycetales","Planctomycetaceae","Gimesia","Polystyrenella_longa_strain_Pla110"
"a1ee5effa23d7050d68c452fa8b88dda","Unassigned","Unassigned","Unassigned","Unassigned","Unassigned","Unassigned","Unassigned"
"631d96c8db1fa8a1225551a5db951caa","Unassigned","Unassigned","Unassigned","Unassigned","Unassigned","Unassigned","Unassigned"
"bb245877c9270ce514e8bc10a40d8802","Bacteria","Pseudomonadota","Gammaproteobacteria","Pseudomonadales","Pseudomonadaceae","Pseudomonas","Pseudomonas_kielensis_strain_MBT-1"
"1e2fb95738e2c8e37d1e964ba63909f4","Unassigned","Unassigned","Unassigned","Unassigned","Unassigned","Unassigned","Unassigned"
"7f503480007ca7e93ae6d8b23432767d","Bacteria","Bacteroidota","Flavobacteriia","Flavobacteriales","Flavobacteriaceae","Flavobacterium","Flavobacterium_ovatum_strain_W201E"
"362460f660ea13487f1bbc426659fb07","Unassigned","Unassigned","Unassigned","Unassigned","Unassigned","Unassigned","Unassigned"
"bb53dd2e5c2c1fa491af9d8d8be56d25","Unassigned","Unassigned","Unassigned","Unassigned","Unassigned","Unassigned","Unassigned"
"f72d8578251b97d4e824ddfc03963c24","Bacteria","Pseudomonadota","Betaproteobacteria","Burkholderiales","Sphaerotilaceae","Leptothrix","Leptothrix_discophora_strain_SS-1"
"44f12860a2d98b05abf6efdb73d798af","Bacteria","Actinomycetota","Acidimicrobiia","Acidimicrobiales","Ilumatobacteraceae","Desertimonas","Desertimonas_flava_strain_SYSU_D60003"
"1b155d99697228fdc6cd4084c8e85099","Unassigned","Unassigned","Unassigned","Unassigned","Unassigned","Unassigned","Unassigned"
"40b73894622219003f7bc18682ab250d","Bacteria","Pseudomonadota","Betaproteobacteria","Burkholderiales","Burkholderiaceae","Paraburkholderia","Paraburkholderia_ferrariae_strain_LMG_23612"
"33c5294d7613c29a589b5dd7e110abec","Bacteria","Acidobacteriota","Terriglobia","Bryobacterales","Bryobacteraceae","Paludibaculum","Paludibaculum_fermentans_strain_P105"
"a0947cbcc943609727534cf32dc255f9","Bacteria","Acidobacteriota","Vicinamibacteria","Vicinamibacterales","Vicinamibacteraceae","Vicinamibacter","Vicinamibacter_silvestris_strain_Ac_5_C6"
"c263e3e39556c60d85a32ad69240f762","Unassigned","Unassigned","Unassigned","Unassigned","Unassigned","Unassigned","Unassigned"
"317acb928029e07fe0299387fec46b6e","Bacteria","Pseudomonadota","Betaproteobacteria","Nitrosomonadales","Usitatibacteraceae","Usitatibacter","Usitatibacter_palustris_strain_Swamp67"
"2e09ca7bbec6cfe9776353c511059e16","Unassigned","Unassigned","Unassigned","Unassigned","Unassigned","Unassigned","Unassigned"
"9cdf5ac85f0a0573b1e42b831eb7f6de","Bacteria","Planctomycetota","Planctomycetia","Planctomycetales","Planctomycetaceae","Symmachiella","Symmachiella_macrocystis_strain_CA54"
"5e6f8e937aea5dce7c6c00206a1ae6ff","Unassigned","Unassigned","Unassigned","Unassigned","Unassigned","Unassigned","Unassigned"
"34cb918060232081f48f7731b172629f","Unassigned","Unassigned","Unassigned","Unassigned","Unassigned","Unassigned","Unassigned"
"3a5a86fb88b2d4fe9c4413505b497be2","Unassigned","Unassigned","Unassigned","Unassigned","Unassigned","Unassigned","Unassigned"
"1d25cc9513f8136c9eb45c46111a7d93","Unassigned","Unassigned","Unassigned","Unassigned","Unassigned","Unassigned","Unassigned"
"73f55d1184d8c586cd4bf1f354ff500b","Unassigned","Unassigned","Unassigned","Unassigned","Unassigned","Unassigned","Unassigned"
"f0550a5985204bd245123722d08bc414","Bacteria","Bacteroidota","Chitinophagia","Chitinophagales","Chitinophagaceae","Terrimonas","Terrimonas_lutea_strain_DY"
"a1226ca03abea5dc47506cfc09bf2a2f","Unassigned","Unassigned","Unassigned","Unassigned","Unassigned","Unassigned","Unassigned"
"7521dbb881bd4a871f8182efe2eedacc","Bacteria","Pseudomonadota","Alphaproteobacteria","Rhodospirillales","Acetobacteraceae","Rhodopila","Rhodopila_globiformis_strain_7950"
"ae349ab890a5e76eff9caf52782e2221","Unassigned","Unassigned","Unassigned","Unassigned","Unassigned","Unassigned","Unassigned"
"ea3af1136fa823b2bd91dc5dd6f2f18f","Bacteria","Bacteroidota","Chitinophagia","Chitinophagales","Chitinophagaceae","Ferruginibacter","Ferruginibacter_alkalilentus_strain_HU1-GD23"
"240dd5544d4852a0f3b439cdf741bcf6","Bacteria","Pseudomonadota","Betaproteobacteria","Nitrosomonadales","Gallionellaceae","Nitrotoga","Candidatus_Nitrotoga_fabula"
"2b53af907fe7149b8339a817362cc324","Bacteria","Acidobacteriota","Terriglobia","Bryobacterales","Bryobacteraceae","Paludibaculum","Paludibaculum_fermentans_strain_P105"
"dc25c8b3ee0e7207b62d7ca1f947a871","Bacteria","Pseudomonadota","Alphaproteobacteria","Rickettsiales","Rickettsiaceae","Candidatus_Megaera","Candidatus_Megaera_venefica"
"5bffe547cdeb7924fa68e4164a1f475d","Bacteria","Verrucomicrobiota","Verrucomicrobiia","Verrucomicrobiales","Verrucomicrobiaceae","Prosthecobacter","Prosthecobacter_vanneervenii_strain_FC2"
"e9d77461496da9053d832818a68b7e53","Unassigned","Unassigned","Unassigned","Unassigned","Unassigned","Unassigned","Unassigned"
"bf602556f4132ab2009a8228e5486359","Bacteria","Pseudomonadota","Alphaproteobacteria","Hyphomicrobiales","Devosiaceae","Fretibacter","Fretibacter_rubidus_strain_JC2236"
"47da9f325d3f68b7b68c6c845c8d75fb","Bacteria","Pseudomonadota","Betaproteobacteria","Burkholderiales","Oxalobacteraceae","Massilia","Massilia_rhizosphaerae_strain_NEAU-GH312"
"86408655e2a7c7123f495180ea5cdc70","Bacteria","Bacteroidota","Flavobacteriia","Flavobacteriales","Flavobacteriaceae","Flavobacterium","Flavobacterium_noncentrifugens_strain_R-HLS-17"
"1bd22335ff4aa48a5fe0639422b0ab2d","Bacteria","Planctomycetota","Planctomycetia","Planctomycetales","Planctomycetaceae","Fuerstiella","Fuerstiella_marisgermanici_strain_NH11"
"ee74c0494b377279c0457d19ce00b162","Unassigned","Unassigned","Unassigned","Unassigned","Unassigned","Unassigned","Unassigned"
"2f15782305236818ba87f044c83dba4e","Bacteria","Planctomycetota","Planctomycetia","Planctomycetales","Planctomycetaceae","Symmachiella","Symmachiella_macrocystis_strain_CA54"
"ac0d41b88ae727b64a7f850e7ee59fa2","Bacteria","Acidobacteriota","Vicinamibacteria","Vicinamibacterales","Vicinamibacteraceae","Luteitalea","Luteitalea_pratensis_strain_HEG_-6_39"
"4f073ea6802b26b4bcbb7ee326906f4d","Bacteria","Acidobacteriota","Terriglobia","Bryobacterales","Bryobacteraceae","Paludibaculum","Paludibaculum_fermentans_strain_P105"
"2bfbe46e1d77782e4a13e691e0dd620c","Bacteria","Pseudomonadota","Betaproteobacteria","Nitrosomonadales","Methylophilaceae","Methylophilus","Methylophilus_glucosoxydans_strain_B"
"0d6370261f94cf3ebb881deb2841c930","Bacteria","Bacteroidota","Chitinophagia","Chitinophagales","Chitinophagaceae","Rurimicrobium","Rurimicrobium_arvi_strain_J107-1"
"8f3fb9942e71bcdfe7d7b7aa304a4659","Unassigned","Unassigned","Unassigned","Unassigned","Unassigned","Unassigned","Unassigned"
"cc4c3ea9ee21c1edf0e7f8afba6ceaf0","Unassigned","Unassigned","Unassigned","Unassigned","Unassigned","Unassigned","Unassigned"
"88c17960ece7837619faa236c3f27d8c","Bacteria","Pseudomonadota","Alphaproteobacteria","Hyphomicrobiales","Hyphomicrobiaceae","Methyloligella","Methyloligella_solikamskensis_strain_SK12"
"5c2d34201faca97026fb8a803417beab","Unassigned","Unassigned","Unassigned","Unassigned","Unassigned","Unassigned","Unassigned"
"c783b1a4e29c260408964a413b69c83a","Bacteria","Planctomycetota","Planctomycetia","Planctomycetales","Planctomycetaceae","Symmachiella","Symmachiella_macrocystis_strain_CA54"
"068608d6bc03eda6673d448f02db72c2","Bacteria","Verrucomicrobiota","Opitutae","Opitutales","Opitutaceae","Nibricoccus","Nibricoccus_aquaticus"
"bd70ce0c84575d58a3072e8cddff3cc2","Bacteria","Pseudomonadota","Betaproteobacteria","Nitrosomonadales","Sterolibacteriaceae","Robbsia","Robbsia_betulipollinis"
"f1867ef61608a052adb067e1aef2df17","Unassigned","Unassigned","Unassigned","Unassigned","Unassigned","Unassigned","Unassigned"
"bc4963026c73bed93de4b12cc142466a","Bacteria","Pseudomonadota","Alphaproteobacteria","Hyphomonadales","Hyphomonadaceae","Asprobacter","Asprobacter_aquaticus_strain_DRW22-8"
"5bcd65b6ff33cafdecfb066540d8fecc","Bacteria","Pseudomonadota","Alphaproteobacteria","Sphingomonadales","Sphingomonadaceae","Sphingobium","Sphingobium_cyanobacteriorum"
"d5ac781631851f75e51077f2a176d4cd","Bacteria","Bacteroidota","Chitinophagia","Chitinophagales","Chitinophagaceae","Terrimonas","Terrimonas_pollutisoli"
"db6990c1ec8aba9b16aea21365e60301","Bacteria","Bacteroidota","Cytophagia","Cytophagales","Fulvivirgaceae","Chryseolinea","Chryseolinea_lacunae"
"6309da9a06f260a3cb0b0ad648eb61df","Bacteria","Pseudomonadota","Alphaproteobacteria","Hyphomicrobiales","Hyphomicrobiaceae","Hyphomicrobium","Hyphomicrobium_hollandicum_strain_IFAM_KB-677"
"cbc88039154f11c95fdf169f94b8ea45","Bacteria","Armatimonadota","Fimbriimonadia","Fimbriimonadales","Fimbriimonadaceae","Fimbriimonas","Fimbriimonas_ginsengisoli_strain_GSoil_348"
"03af8a345926d0970cd26c4917585dc9","Unassigned","Unassigned","Unassigned","Unassigned","Unassigned","Unassigned","Unassigned"
"17c7a73e2f32d9fca35c3d9be64fbc24","Unassigned","Unassigned","Unassigned","Unassigned","Unassigned","Unassigned","Unassigned"
"d43a6ab04d701c77e91fca4b5719a8bc","Bacteria","Pseudomonadota","Alphaproteobacteria","Sphingomonadales","Sphingomonadaceae","Tsuneonella","Novosphingopyxis_baekryungensis_strain_SW-150"
"cf481e91c56f03d448199b04e4200cae","Bacteria","Pseudomonadota","Betaproteobacteria","Nitrosomonadales","Methylophilaceae","Methylovorus","Methylovorus_glucosotrophus_strain_6B1"
"5d00d3e571b1a9b7c0210ce5bd8e616d","Bacteria","Pseudomonadota","Alphaproteobacteria","Hyphomicrobiales","Reyranellaceae","Reyranella","Reyranella_terrae_strain_11G32"
"b43782dc92f17562c01333a90e1f231d","Unassigned","Unassigned","Unassigned","Unassigned","Unassigned","Unassigned","Unassigned"
"b0d52bf3d86980814003349244789e6d","Unassigned","Unassigned","Unassigned","Unassigned","Unassigned","Unassigned","Unassigned"
"f0d7d065c53b0064c820491f34a004e1","Unassigned","Unassigned","Unassigned","Unassigned","Unassigned","Unassigned","Unassigned"
"eff538815dadffe5879fff68af3a20b7","Bacteria","Pseudomonadota","Betaproteobacteria","Nitrosomonadales","Sterolibacteriaceae","Methyloversatilis","Sulfuritalea_hydrogenivorans_sk43H"
"59bb27ba42d9cf494ff465af8d4efbd5","Bacteria","Campylobacterota","Epsilonproteobacteria","Campylobacterales","Sulfurimonadaceae","Sulfuricurvum","Sulfuricurvum_kujiense_DSM_16994_strain_YK-1"
"2a755435539d16dd42f86c488a4085a7","Bacteria","Gemmatimonadota","Gemmatimonadia","Gemmatimonadales","Gemmatimonadaceae","Gemmatimonas","Gemmatimonas_phototrophica_strain_AP64"
"025898fbd9fd1982b323c4613bda85a5","Bacteria","Pseudomonadota","Alphaproteobacteria","Rhodospirillales","Acetobacteraceae","Acidocella","Acidisoma_sibiricum_strain_TPB606"
"0841bebae9fce6b72d3cb0a07075983d","Bacteria","Pseudomonadota","Betaproteobacteria","Nitrosomonadales","Methylophilaceae","Methylotenera","Methylotenera_oryzisoli_strain_La3113"
"74544a2bf573edc64996e632ce6808ee","Bacteria","Actinomycetota","Thermoleophilia","Solirubrobacterales","Baekduiaceae","Svornostia","Svornostia_abyssi"
"31ba793b94154428bdad3bf893398312","Unassigned","Unassigned","Unassigned","Unassigned","Unassigned","Unassigned","Unassigned"
"51d45d57311fe967584e1a45632b532a","Bacteria","Planctomycetota","Phycisphaerae","Tepidisphaerales","Tepidisphaeraceae","Tepidisphaera","Tepidisphaera_mucosa_strain_2842"
"3e1ae83ab555e27a4ff7ea167e790467","Unassigned","Unassigned","Unassigned","Unassigned","Unassigned","Unassigned","Unassigned"
"aafd35c046e30c944d8f0ae33a7479ec","Unassigned","Unassigned","Unassigned","Unassigned","Unassigned","Unassigned","Unassigned"
"cb3e1e6e5c7a0711049cbbe0f774be06","Unassigned","Unassigned","Unassigned","Unassigned","Unassigned","Unassigned","Unassigned"
"85d85203303dfb44353a94e6214fd474","Bacteria","Pseudomonadota","Betaproteobacteria","Burkholderiales","Oxalobacteraceae","Duganella","Duganella_qianjiadongensis_strain_CY13W"
"5e9dfa5bf16b7d49fc427ca0f5080787","Bacteria","Planctomycetota","Planctomycetia","Pirellulales","Pirellulaceae","Pirellula","Pirellula_staleyi_DSM_6068"
"6c08e5c1cd0a3539fd26eece982e1260","Bacteria","Bacteroidota","Cytophagia","Cytophagales","Fulvivirgaceae","Chryseolinea","Chryseolinea_soli_strain_KIS68-18"
"45b4fd0a705cf0e0267245415ca22dad","Unassigned","Unassigned","Unassigned","Unassigned","Unassigned","Unassigned","Unassigned"
"f0341b1cb0f97e863c2d9cd5d2990706","Bacteria","Pseudomonadota","Betaproteobacteria","Rhodocyclales","Azonexaceae","Azonexus","Azonexus_fungiphilus_strain_BS5-8"
"8fb1bdf8dc3d513212e6e5e6f7a04de6","Unassigned","Unassigned","Unassigned","Unassigned","Unassigned","Unassigned","Unassigned"
"d3f7ad46624a5171e3da4941cff146d0","Bacteria","Planctomycetota","Planctomycetia","Planctomycetales","Planctomycetaceae","Symmachiella","Symmachiella_macrocystis_strain_CA54"
"da87b99c2bfc3351b3e6f84a01b553e9","Unassigned","Unassigned","Unassigned","Unassigned","Unassigned","Unassigned","Unassigned"
"6c363af600e39fdf5fa0203abe514bab","Unassigned","Unassigned","Unassigned","Unassigned","Unassigned","Unassigned","Unassigned"
"6295ed1e3d851a08063509b7f9537c49","Bacteria","Pseudomonadota","Gammaproteobacteria","Cellvibrionales","Chromatiaceae","Rhabdochromatium","Rhabdochromatium_marinum_strain_DSM_5261"
"d93f0f60bb817b16cfa8fa9f4029b87d","Bacteria","Acidobacteriota","Vicinamibacteria","Vicinamibacterales","Vicinamibacteraceae","Vicinamibacter","Vicinamibacter_silvestris_strain_Ac_5_C6"
"e12db99db1ae8dfebd3a142f835d15ff","Unassigned","Unassigned","Unassigned","Unassigned","Unassigned","Unassigned","Unassigned"
"86bd054339ffb2799ed4d0705d84a92e","Unassigned","Unassigned","Unassigned","Unassigned","Unassigned","Unassigned","Unassigned"
"50894f5bb591a8ed94518a97ea616f8e","Bacteria","Pseudomonadota","Alphaproteobacteria","Micropepsales","Micropepsaceae","Rhizomicrobium","Rhizomicrobium_electricum_strain_Mfc52"
"afc61161af5727daf398c788312f26e9","Bacteria","Actinomycetota","Actinomycetes","Kitasatosporales","Streptomycetaceae","Streptomyces","Streptacidiphilus_pinicola_strain_MMS16-CNU450"
"2ce271714018bf9c6865aa2cfec27d56","Unassigned","Unassigned","Unassigned","Unassigned","Unassigned","Unassigned","Unassigned"
"672de765fb65ce648515c4b1fe3299f8","Unassigned","Unassigned","Unassigned","Unassigned","Unassigned","Unassigned","Unassigned"
"18780e716b11e1350400e8d519b432df","Bacteria","Pseudomonadota","Betaproteobacteria","Rhodocyclales","Rhodocyclaceae","Candidatus_Accumulibacter","Candidatus_Accumulibacter_propinquus"
"c284058509cfd70a4cdc5fee12c0ee50","Unassigned","Unassigned","Unassigned","Unassigned","Unassigned","Unassigned","Unassigned"
"b9c5051e0735a8c63946de9e7eedf591","Bacteria","Pseudomonadota","Alphaproteobacteria","Hyphomicrobiales","Hyphomicrobiaceae","Pedomicrobium","Pedomicrobium_australicum_strain_IFAM_ST-1306"
"e3065a46498e6ee9e814ed99e42cb832","Bacteria","Planctomycetota","Planctomycetia","Planctomycetales","Planctomycetaceae","Fuerstiella","Fuerstiella_marisgermanici_strain_NH11"
"d2b898c2b3a29588fc97430acde4c735","Bacteria","Pseudomonadota","Alphaproteobacteria","Hyphomicrobiales","Nitrobacteraceae","Undibacter","Undibacter_mobilis_strain_GY_H"
"b9ba74db2097bc3ba174d32481b2432a","Unassigned","Unassigned","Unassigned","Unassigned","Unassigned","Unassigned","Unassigned"
"2e3a28d13c67f449f1a0f8d9692820e6","Bacteria","Pseudomonadota","Alphaproteobacteria","Hyphomicrobiales","Reyranellaceae","Reyranella","Reyranella_soli_strain_KIS14-15"
"b29ffdd4559afc11bb42e18c823bd505","Bacteria","Pseudomonadota","Alphaproteobacteria","Hyphomicrobiales","Devosiaceae","Devosia","Blastochloris_viridis_strain_DSM_133"
"f02ee2e31738fba2cc3a79d41961a6c3","Bacteria","Bacteroidota","Cytophagia","Cytophagales","Chryseotaleaceae","Chryseotalea","Chryseotalea_sanaruensis_strain_Ys"
"61020ffe95062f6af225674c4278f590","Bacteria","Pseudomonadota","Betaproteobacteria","Nitrosomonadales","Nitrosomonadaceae","Nitrosospira","Nitrosospira_lacus_strain_APG3"
"1fa3adc365f99cd55effdf51b8e14983","Bacteria","Pseudomonadota","Alphaproteobacteria","Hyphomicrobiales","Aestuariivirgaceae","Aestuariivirga","Aestuariivirga_litoralis_strain_SYSU_M10001"
"a716894985162c4c8a168ff7ff8591b4","Bacteria","Pseudomonadota","Alphaproteobacteria","Micropepsales","Micropepsaceae","Rhizomicrobium","Rhizomicrobium_palustre_strain_A48"
"a3a4353c4a20f9f5866120487ff7ef20","Unassigned","Unassigned","Unassigned","Unassigned","Unassigned","Unassigned","Unassigned"
"45fd22de880db7ed2c13db95a95cc7b4","Bacteria","Acidobacteriota","Terriglobia","Bryobacterales","Bryobacteraceae","Paludibaculum","Paludibaculum_fermentans_strain_P105"
"a33d82abe7b56862952f6f770d26da81","Bacteria","Pseudomonadota","Alphaproteobacteria","Hyphomicrobiales","Hyphomicrobiaceae","Hyphomicrobium","Hyphomicrobium_facile_strain_IFAM_H-526"
"7a291d2f789a278ab5d8abd7ac123774","Bacteria","Planctomycetota","Planctomycetia","Planctomycetales","Planctomycetaceae","Symmachiella","Symmachiella_macrocystis_strain_CA54"
"c456b5abca6327880184e9bd8fb782e7","Bacteria","Bacteroidota","Chitinophagia","Chitinophagales","Chitinophagaceae","Chitinophaga","Flavipsychrobacter_stenotrophus_strain_RB1R16"
"3fe10fd13fb490f217caad002f6f2c30","Unassigned","Unassigned","Unassigned","Unassigned","Unassigned","Unassigned","Unassigned"
"edce40aa32fc061ec7c801dd92b62683","Unassigned","Unassigned","Unassigned","Unassigned","Unassigned","Unassigned","Unassigned"
"2339d969a9f51180c1557fa032da17d7","Bacteria","Bacteroidota","Chitinophagia","Chitinophagales","Chitinophagaceae","Ferruginibacter","Ferruginibacter_alkalilentus_strain_HU1-GD23"
"e77bc51c4a1d624eac31fc79aa44420b","Bacteria","Pseudomonadota","Alphaproteobacteria","Hyphomonadales","Hyphomonadaceae","Vitreimonas","Vitreimonas_flagellata_strain_SYSU_XM001"
"7703afbdff56cabc792afb44bf1f7115","Bacteria","Bacteroidota","Chitinophagia","Chitinophagales","Chitinophagaceae","Niastella","Niastella_soli_strain_MAH-29"
"dc9f1e08fcc0d38d1d0c28068e0036b9","Unassigned","Unassigned","Unassigned","Unassigned","Unassigned","Unassigned","Unassigned"
"22701ffd3c0a2be250f6992babb431d5","Unassigned","Unassigned","Unassigned","Unassigned","Unassigned","Unassigned","Unassigned"
"48a610f4aee353799016d2092200c0fb","Bacteria","Pseudomonadota","Betaproteobacteria","Burkholderiales","Sphaerotilaceae","Piscinibacter","Methylibium_petroleiphilum_PM1"
"bc5e996841a931e8512bc73e4bd6bbac","Bacteria","Planctomycetota","Planctomycetia","Gemmatales","Gemmataceae","Limnoglobus","Limnoglobus_roseus_strain_PX52"
"747732262062a50492b596b37f3811b8","Bacteria","Pseudomonadota","Betaproteobacteria","Burkholderiales","Oxalobacteraceae","Georgfuchsia","Georgfuchsia_toluolica_strain_G5G6"
"1edc89c6f6e0fba0149085dbfaef2a29","Bacteria","Pseudomonadota","Alphaproteobacteria","Hyphomicrobiales","Hyphomicrobiaceae","Pedomicrobium","Pedomicrobium_australicum_strain_IFAM_ST-1306"
"79527b7c045d9212996fdb6f2fba5bd0","Bacteria","Pseudomonadota","Alphaproteobacteria","Hyphomicrobiales","Hyphomicrobiaceae","Rhodoplanes","Rhodoplanes_azumiensis_strain_TUT3581"
"448cf3814604a2c31cc926f9627d95bd","Bacteria","Pseudomonadota","Gammaproteobacteria","Pseudomonadales","Pseudomonadaceae","Pseudomonas","Pseudomonas_grandcourensis"
"70fd5dd8be04e3ef1b2c253698d396b7","Bacteria","Planctomycetota","Phycisphaerae","Tepidisphaerales","Tepidisphaeraceae","Tepidisphaera","Tepidisphaera_mucosa_strain_2842"
"48b9f729b8c6f3b106c5cd3660a591e7","Bacteria","Pseudomonadota","Betaproteobacteria","Burkholderiales","Comamonadaceae","Limnohabitans","Limnohabitans_parvus_II-B4"
"8dd9bd6167672b10efc31f02a6d14294","Bacteria","Pseudomonadota","Betaproteobacteria","Rhodocyclales","Zoogloeaceae","Azoarcus","Azoarcus_olearius_strain_DQS-4"
"ff7c5600350d24ebedde5bbe9917736e","Bacteria","Actinomycetota","Acidimicrobiia","Acidimicrobiales","Iamiaceae","Rhabdothermincola","Rhabdothermincola_salaria_strain_EGI_L10124"
"da40c8d8af9fbc3e5578ea884552c516","Unassigned","Unassigned","Unassigned","Unassigned","Unassigned","Unassigned","Unassigned"
"342fd30f9df0115f9af3cf7758bd65a9","Bacteria","Planctomycetota","Planctomycetia","Planctomycetales","Planctomycetaceae","Symmachiella","Symmachiella_macrocystis_strain_CA54"
"46de92924bf41c42c1d6f535c597d9b9","Bacteria","Pseudomonadota","Alphaproteobacteria","Rhodospirillales","Acetobacteraceae","Rhodopila","Rhodopila_globiformis_strain_7950"
"b5b1db4ace0daf3048eed6d26bb94982","Bacteria","Bacteroidota","Cytophagia","Cytophagales","Fulvivirgaceae","Chryseolinea","Chryseolinea_soli_strain_KIS68-18"
"57285c088bce1a06b1d20f4e3a2556d2","Bacteria","Pseudomonadota","Alphaproteobacteria","Hyphomicrobiales","Hyphomicrobiaceae","Chelativorans","Chelativorans_composti_strain_Nis3"
"a88e3ea2d536d67648774c44cd509ed4","Unassigned","Unassigned","Unassigned","Unassigned","Unassigned","Unassigned","Unassigned"
"a75dbd02032e70c163deaf3998e6c3e7","Unassigned","Unassigned","Unassigned","Unassigned","Unassigned","Unassigned","Unassigned"
"12acbe4847308cfec148db0991759a47","Unassigned","Unassigned","Unassigned","Unassigned","Unassigned","Unassigned","Unassigned"
"893bddf57d9d20f94b06f004346f590d","Unassigned","Unassigned","Unassigned","Unassigned","Unassigned","Unassigned","Unassigned"
"8897b8bd3a7205f6c90bd5766d7979f6","Bacteria","Pseudomonadota","Betaproteobacteria","Nitrosomonadales","Nitrosomonadaceae","Nitrosovibrio","Nitrosovibrio_tenuis"
"f11fa7980b699e4a0836412b1b459e5c","Bacteria","Planctomycetota","Planctomycetia","Gemmatales","Gemmataceae","Frigoriglobus","Frigoriglobus_tundricola"
"4f8739c396605b519d97922643153c9f","Bacteria","Pseudomonadota","Alphaproteobacteria","Hyphomicrobiales","Methylocystaceae","Methylocystis","Methylocystis_rosea_SV97"
"ad8bae6188b1a4f9fea17db758cbcff4","Bacteria","Verrucomicrobiota","Verrucomicrobiia","Verrucomicrobiales","Verrucomicrobiaceae","Prosthecobacter","Prosthecobacter_fluviatilis_strain_HAQ-1"
"0b59de52f071372ba52b328242daaf65","Unassigned","Unassigned","Unassigned","Unassigned","Unassigned","Unassigned","Unassigned"
"e22702b92469e679ed334514b93d002d","Unassigned","Unassigned","Unassigned","Unassigned","Unassigned","Unassigned","Unassigned"
"f9c961dca9cf64ac2bd1f0ae7c258374","Bacteria","Pseudomonadota","Gammaproteobacteria","Chromatiales","Thioprofundaceae","Thioprofundum","Thioprofundum_lithotrophicum_strain_106"
"ddd35bafc24edd29c14d66f2576da994","Bacteria","Pseudomonadota","Betaproteobacteria","Burkholderiales","Sphaerotilaceae","Rubrivivax","Rubrivivax_pictus_strain_W35"
"86daa106b810e62d0d13c613082d0edc","Unassigned","Unassigned","Unassigned","Unassigned","Unassigned","Unassigned","Unassigned"
"062ad3310226ba4a689aca7885646eef","Unassigned","Unassigned","Unassigned","Unassigned","Unassigned","Unassigned","Unassigned"
"adfb88b9c6643d8e1615313dc55e7560","Unassigned","Unassigned","Unassigned","Unassigned","Unassigned","Unassigned","Unassigned"
"641382aabc8d085d1fbae2945a44a44a","Unassigned","Unassigned","Unassigned","Unassigned","Unassigned","Unassigned","Unassigned"
"1332c0de0003cabafea2286cc77bef48","Unassigned","Unassigned","Unassigned","Unassigned","Unassigned","Unassigned","Unassigned"
"4f940d08648d3808b1faf0ac064a6fdb","Unassigned","Unassigned","Unassigned","Unassigned","Unassigned","Unassigned","Unassigned"
"8a4505044c09f16ccd060af491c25893","Unassigned","Unassigned","Unassigned","Unassigned","Unassigned","Unassigned","Unassigned"
"b9725a6b0f4abb589f61e18ee4c71c8b","Bacteria","Pseudomonadota","Alphaproteobacteria","Hyphomicrobiales","Hyphomicrobiaceae","Hyphomicrobium","Hyphomicrobium_aestuarii_strain_ATCC_27483"
"a9c2bfce4ffed09e9453f15fe4e8d0f7","Bacteria","Pseudomonadota","Betaproteobacteria","Burkholderiales","Oxalobacteraceae","Herbaspirillum","Usitatibacter_palustris_strain_Swamp67"
"3f09698bae37cb7139b87e6fa76de662","Unassigned","Unassigned","Unassigned","Unassigned","Unassigned","Unassigned","Unassigned"
"0fa9e343c04c3e8077438add1b5db185","Bacteria","Pseudomonadota","Alphaproteobacteria","Rhodospirillales","Acetobacteraceae","Acidocella","Acidibrevibacterium_fodinaquatile_strain_G45-3"
"7eea8bd52bb2df4cf5f027a693bc2f7b","Bacteria","Armatimonadota","Fimbriimonadia","Fimbriimonadales","Fimbriimonadaceae","Fimbriimonas","Fimbriimonas_ginsengisoli_strain_GSoil_348"
"098fa0d44cc99b4787592b9599c7c575","Unassigned","Unassigned","Unassigned","Unassigned","Unassigned","Unassigned","Unassigned"
"5436ddbfdc4a55d222c90e7dd4c9a120","Bacteria","Planctomycetota","Phycisphaerae","Tepidisphaerales","Tepidisphaeraceae","Tepidisphaera","Tepidisphaera_mucosa_strain_2842"
"8e5fe9b6d1b4c96d2716ef738f99677f","Unassigned","Unassigned","Unassigned","Unassigned","Unassigned","Unassigned","Unassigned"
"843718f0aa2ef7a254380b8bdff3d5ef","Bacteria","Acidobacteriota","Terriglobia","Bryobacterales","Bryobacteraceae","Paludibaculum","Paludibaculum_fermentans_strain_P105"
"e25b3f08383c9fbf529c8815774ecff6","Unassigned","Unassigned","Unassigned","Unassigned","Unassigned","Unassigned","Unassigned"
"21c019d00ac49160dee76100b81cf676","Bacteria","Pseudomonadota","Alphaproteobacteria","Hyphomicrobiales","Hyphomicrobiaceae","Rhodoplanes","Pseudolabrys_taiwanensis_strain_CC-BB4"
"25a4b72423604d04224e4467bb7c1591","Bacteria","Planctomycetota","Planctomycetia","Pirellulales","Pirellulaceae","Anatilimnocola","Anatilimnocola_floriformis"
"458307f6481f2838fe851dd77660b23a","Unassigned","Unassigned","Unassigned","Unassigned","Unassigned","Unassigned","Unassigned"
"28281bdefd6ca4fe06812a7d3eab3616","Bacteria","Pseudomonadota","Alphaproteobacteria","Hyphomicrobiales","Blastochloridaceae","Blastochloris","Blastochloris_viridis_strain_DSM_133"
"33ce665937195ffe331e46ca7c60e214","Unassigned","Unassigned","Unassigned","Unassigned","Unassigned","Unassigned","Unassigned"
"76255f225cc094bc9cf1732ee9ebf8e5","Bacteria","Pseudomonadota","Betaproteobacteria","Nitrosomonadales","Usitatibacteraceae","Usitatibacter","Usitatibacter_palustris_strain_Swamp67"
"fe5a3be5b57410d00a738bb513e77fd1","Unassigned","Unassigned","Unassigned","Unassigned","Unassigned","Unassigned","Unassigned"
"fcea3127e4e2648e60c5f5b3d016502c","Bacteria","Acidobacteriota","Vicinamibacteria","Vicinamibacterales","Vicinamibacteraceae","Luteitalea","Luteitalea_pratensis_strain_HEG_-6_39"
"1d0df13366631957d53c46f718e4e4e7","Unassigned","Unassigned","Unassigned","Unassigned","Unassigned","Unassigned","Unassigned"
"400148d44561565f440e5154395b97a4","Unassigned","Unassigned","Unassigned","Unassigned","Unassigned","Unassigned","Unassigned"
"de587780e51e331fa601b211abad534e","Unassigned","Unassigned","Unassigned","Unassigned","Unassigned","Unassigned","Unassigned"
"51047e9fe679e77139a9186dca2e8e79","Bacteria","Pseudomonadota","Betaproteobacteria","Rhodocyclales","Zoogloeaceae","Azoarcus","Azoarcus_olearius_strain_DQS-4"
"b51062653dc1e16b4dd8cadf33f08ba0","Bacteria","Planctomycetota","Planctomycetia","Planctomycetales","Planctomycetaceae","Symmachiella","Symmachiella_macrocystis_strain_CA54"
"59995d9870e5d6701c37dc8475d3cd2e","Bacteria","Pseudomonadota","Betaproteobacteria","Burkholderiales","Comamonadaceae","Hydrogenophaga","Hydrogenophaga_taeniospiralis_CCUG_15921_strain_NBRC_102512"
"c8aea35c56fdf56d9fcd74af6d2fc6be","Bacteria","Pseudomonadota","Betaproteobacteria","Burkholderiales","Oxalobacteraceae","Glaciimonas","Glaciimonas_alpina_strain_Cr9-12"
"353e4b0a6216dc4d1a814faba862c143","Unassigned","Unassigned","Unassigned","Unassigned","Unassigned","Unassigned","Unassigned"
"b430d630529fcf933944b00051f4270c","Bacteria","Pseudomonadota","Alphaproteobacteria","Hyphomicrobiales","Reyranellaceae","Reyranella","Reyranella_soli_strain_KIS14-15"
"b3ada8cc783abb00c0c68cabb659bb78","Unassigned","Unassigned","Unassigned","Unassigned","Unassigned","Unassigned","Unassigned"
"fbeb73b645516c0b058fa8f8a67464b6","Bacteria","Acidobacteriota","Terriglobia","Bryobacterales","Bryobacteraceae","Paludibaculum","Paludibaculum_fermentans_strain_P105"
"32da0c9cca93c7387d080eee3f7a9f4f","Bacteria","Pseudomonadota","Alphaproteobacteria","Hyphomicrobiales","Hyphomicrobiaceae","Hyphomicrobium","Hyphomicrobium_hollandicum_strain_IFAM_KB-677"
"b43b60c6b51a1ec6519995ff2957f68a","Bacteria","Armatimonadota","Fimbriimonadia","Fimbriimonadales","Fimbriimonadaceae","Fimbriimonas","Fimbriimonas_ginsengisoli_strain_GSoil_348"
"754d5275b1fd2fcd58356b2c8be713db","Unassigned","Unassigned","Unassigned","Unassigned","Unassigned","Unassigned","Unassigned"
"40ae271b47f14271990080b1608240d3","Unassigned","Unassigned","Unassigned","Unassigned","Unassigned","Unassigned","Unassigned"
"e1952a6dfa23824b6a56c993b4c4eaf3","Bacteria","Acidobacteriota","Blastocatellia","Blastocatellales","Blastocatellaceae","Stenotrophobacter","Stenotrophobacter_terrae_strain_Ac_28_D10"
"06537f8badaf3a975fdaedacc4ee4b12","Bacteria","Pseudomonadota","Alphaproteobacteria","Hyphomicrobiales","Hyphomicrobiaceae","Hyphomicrobium","Hyphomicrobium_aestuarii_strain_ATCC_27483"
"b491bcb47828e756a6343b32b3176fe0","Bacteria","Planctomycetota","Planctomycetia","Planctomycetales","Planctomycetaceae","Symmachiella","Symmachiella_macrocystis_strain_CA54"
"9e68e0e7764168f5ffb730b505ae11f6","Bacteria","Bacteroidota","Flavobacteriia","Flavobacteriales","Flavobacteriaceae","Flavobacterium","Flavobacterium_paronense_strain_KNUS1"
"36dbada8ce2c49ee2df09a573c567070","Bacteria","Bacteroidota","Chitinophagia","Chitinophagales","Chitinophagaceae","Flavipsychrobacter","Flavipsychrobacter_stenotrophus_strain_RB1R16"
"62c473b60494c221363a82144a71d8ac","Unassigned","Unassigned","Unassigned","Unassigned","Unassigned","Unassigned","Unassigned"
"7f2c49e22a10281c556eee1431182094","Unassigned","Unassigned","Unassigned","Unassigned","Unassigned","Unassigned","Unassigned"
"db17535f89201e4be280ac9d1fe6e021","Bacteria","Bacteroidota","Chitinophagia","Chitinophagales","Chitinophagaceae","Flavipsychrobacter","Flavipsychrobacter_stenotrophus_strain_RB1R16"
"0e3c2d7cd25e5755fcd8c9425496c416","Bacteria","Planctomycetota","Planctomycetia","Planctomycetales","Planctomycetaceae","Fuerstiella","Fuerstiella_marisgermanici_strain_NH11"
"7ad70fb1d17ebd43372f2e2429a1d33e","Unassigned","Unassigned","Unassigned","Unassigned","Unassigned","Unassigned","Unassigned"
"45808a109fe721b5544ed363c1e93276","Unassigned","Unassigned","Unassigned","Unassigned","Unassigned","Unassigned","Unassigned"
"7409a626b6802399d33cf0d7296cb022","Bacteria","Bacteroidota","Chitinophagia","Chitinophagales","Chitinophagaceae","Ferruginibacter","Ferruginibacter_lapsinanis_strain_HU1-HG42"
"dfd10e3dd34510ac1f400bdf371c2ab8","Unassigned","Unassigned","Unassigned","Unassigned","Unassigned","Unassigned","Unassigned"
"de89cea51f714938b10f5b365d14be4a","Unassigned","Unassigned","Unassigned","Unassigned","Unassigned","Unassigned","Unassigned"
"feaa329283d227819de23309fa28751e","Bacteria","Pseudomonadota","Alphaproteobacteria","Caulobacterales","Caulobacteraceae","Terricaulis","Terricaulis_silvestris_strain_0127_4"
"f3adc7b1e2d0639f475bcf38184b344c","Bacteria","Bacteroidota","Chitinophagia","Chitinophagales","Chitinophagaceae","Terrimonas","Terrimonas_lutea_strain_DY"
"832af0f324acf7c8c360a3607e0ac0bc","Bacteria","Pseudomonadota","Betaproteobacteria","Nitrosomonadales","Sterolibacteriaceae","Nitrosovibrio","Nitrosovibrio_tenuis"
"0e644c051a3a8624a28d90b067e1a016","Bacteria","Acidobacteriota","Vicinamibacteria","Vicinamibacterales","Vicinamibacteraceae","Luteitalea","Luteitalea_pratensis_strain_HEG_-6_39"
"143f0d77317bce5f9f809ec6cbab051d","Bacteria","Planctomycetota","Planctomycetia","Planctomycetales","Planctomycetaceae","Fuerstiella","Fuerstiella_marisgermanici_strain_NH11"
"9379353d0010377921f29940ea9cb91f","Bacteria","Pseudomonadota","Betaproteobacteria","Rhodocyclales","Azonexaceae","Azonexus","Azonexus_fungiphilus_strain_BS5-8"
"344e157b50511472ca89513b79e4b28f","Bacteria","Pseudomonadota","Betaproteobacteria","Burkholderiales","","Rhizobacter","Rhizobacter_profundi_strain_DS48-6-5"
"27fd841eff19f51d2c223d3b4620d274","Unassigned","Unassigned","Unassigned","Unassigned","Unassigned","Unassigned","Unassigned"
"e23098c641ab69c05d990ed9d7b15920","Unassigned","Unassigned","Unassigned","Unassigned","Unassigned","Unassigned","Unassigned"
"592c27d4ffa11bdebcc54629d1b4f232","Bacteria","Bacteroidota","Chitinophagia","Chitinophagales","Chitinophagaceae","Parasegetibacter","Parasegetibacter_terrae_strain_SGM2-10"
"1bf92be377af37d9e960b88f09568139","Bacteria","Acidobacteriota","Terriglobia","Bryobacterales","Bryobacteraceae","Paludibaculum","Paludibaculum_fermentans_strain_P105"
"c22b16fd1d0853270f983d6adae26438","Bacteria","Pseudomonadota","Gammaproteobacteria","Nevskiales","Nevskiaceae","Fontimonas","Fontimonas_thermophila_strain_HA-01"
"c4f03edbb3aed2e10818bb16bfb431d1","Unassigned","Unassigned","Unassigned","Unassigned","Unassigned","Unassigned","Unassigned"
"f46c922959f30720c3bf5462df0dd079","Bacteria","Acidobacteriota","Vicinamibacteria","Vicinamibacterales","Vicinamibacteraceae","Vicinamibacter","Vicinamibacter_silvestris_strain_Ac_5_C6"
"7ad515a9c298c08aa116a9af4d8d580d","Bacteria","Bacteroidota","Flavobacteriia","Flavobacteriales","Flavobacteriaceae","Flavobacterium","Flavobacterium_noncentrifugens_strain_R-HLS-17"
"c213f7a19bb43224bc2f019f280a3d66","Bacteria","Pseudomonadota","Betaproteobacteria","Nitrosomonadales","Nitrosomonadaceae","Nitrosospira","Nitrosospira_lacus_strain_APG3"
"8609695b2e15bf1882ba03e6baab889d","Bacteria","Bacteroidota","Sphingobacteriia","Sphingobacteriales","Sphingobacteriaceae","Daejeonella","Solitalea_koreensis_strain_R2A36-4"
"499d2d92959f40e7d494237bfe65e58c","Bacteria","Pseudomonadota","Alphaproteobacteria","Rhodospirillales","Dongiaceae","Hypericibacter","Hypericibacter_terrae_strain_R5913"
"103480049e5523d7452215f25a0ab8e8","Unassigned","Unassigned","Unassigned","Unassigned","Unassigned","Unassigned","Unassigned"
"fb1830c610bda554d9279c9172f3c31e","Unassigned","Unassigned","Unassigned","Unassigned","Unassigned","Unassigned","Unassigned"
"7999ce48c97041cb3d2d229a40c88501","Unassigned","Unassigned","Unassigned","Unassigned","Unassigned","Unassigned","Unassigned"
"1d6ff21bf08310d7db5f767c69ad597f","Unassigned","Unassigned","Unassigned","Unassigned","Unassigned","Unassigned","Unassigned"
"9a863ce20c1cc4a8e02084cf5aebebe1","Unassigned","Unassigned","Unassigned","Unassigned","Unassigned","Unassigned","Unassigned"
"1d03a03839454a49bb084cc0c4b68ccc","Bacteria","Acidobacteriota","Terriglobia","Bryobacterales","Bryobacteraceae","Paludibaculum","Paludibaculum_fermentans_strain_P105"
"ef6228750d2d8a8fbd5b4e4844a815ce","Bacteria","Pseudomonadota","Betaproteobacteria","Nitrosomonadales","Methylophilaceae","Methylotenera","Methylotenera_oryzisoli_strain_La3113"
"94d4e902a3ce883531a3c6d29964a804","Bacteria","Pseudomonadota","Gammaproteobacteria","Chromatiales","Wenzhouxiangellaceae","Elongatibacter","Elongatibacter_sediminis"
"589313e67d1faa5e35a0a94fe48096ef","Bacteria","Pseudomonadota","Alphaproteobacteria","Hyphomicrobiales","Devosiaceae","Devosia","Devosia_insulae_DS-56"
"70f248429a3efcd3a41f4555eba05229","Bacteria","Pseudomonadota","Alphaproteobacteria","Hyphomicrobiales","Hyphomicrobiaceae","Hyphomicrobium","Pedomicrobium_manganicum_strain_ATCC_33121"
"c3403575153b68ed018516db459cfc2d","Bacteria","Planctomycetota","Planctomycetia","Gemmatales","Gemmataceae","Urbifossiella","Urbifossiella_limnaea_strain_ETA_A1"
"3276fa8f4d01afc81f1d130a273e5f85","Bacteria","Pseudomonadota","Betaproteobacteria","Rhodocyclales","Azonexaceae","Azonexus","Azonexus_fungiphilus_strain_BS5-8"
"041137e94957cb13faa957f5e5740e97","Bacteria","Pseudomonadota","Betaproteobacteria","Nitrosomonadales","Sterolibacteriaceae","Methyloversatilis","Sulfurisoma_sediminicola_strain_BSN1"
"0bc57dd025795c18fb4a4d95298c2850","Bacteria","Pseudomonadota","Alphaproteobacteria","Sphingomonadales","Sphingomonadaceae","Sphingobium","Sphingobium_boeckii_strain_469"
"be06c017dd69f41ca973266f038697b8","Bacteria","Planctomycetota","Planctomycetia","Gemmatales","Gemmataceae","Zavarzinella","Zavarzinella_formosa_strain_A10"
"ab18241139946a0ac35287766efc7d4c","Unassigned","Unassigned","Unassigned","Unassigned","Unassigned","Unassigned","Unassigned"
"c1cdbf609c43028fd48fce0c7e29c33d","Bacteria","Pseudomonadota","Betaproteobacteria","Rhodocyclales","Azonexaceae","Azonexus","Azonexus_fungiphilus_strain_BS5-8"
"3506a8e8a40c70199269962766421747","Bacteria","Actinomycetota","Actinomycetes","Mycobacteriales","Mycobacteriaceae","Mycolicibacterium","Mycobacterium_adipatum"
"4cd4679b9b98c8bc82bb3995d6ead004","Unassigned","Unassigned","Unassigned","Unassigned","Unassigned","Unassigned","Unassigned"
"260886a4998938bb76bebdea9fb030c7","Bacteria","Verrucomicrobiota","Opitutae","Opitutales","Opitutaceae","Nibricoccus","Nibricoccus_aquaticus"
"f84c06a7f3cf9a06d4064bf8b4f4899a","Bacteria","Pseudomonadota","Gammaproteobacteria","Legionellales","Coxiellaceae","Rickettsiella","Rickettsiella_grylli"
"797d813bfb0ba05271a169ffd6326061","Bacteria","Pseudomonadota","Betaproteobacteria","Nitrosomonadales","Sterolibacteriaceae","Methyloversatilis","Ferritrophicum_radicicola_strain_CCJ"
"c1b3dbd86e8ca9b8bbddea0f5a69e74b","Unassigned","Unassigned","Unassigned","Unassigned","Unassigned","Unassigned","Unassigned"
"33045b0de8041528cf7ac591a71bb712","Unassigned","Unassigned","Unassigned","Unassigned","Unassigned","Unassigned","Unassigned"
"743d8a829adcc2888b5c70fdf62a2c54","Bacteria","Planctomycetota","Planctomycetia","Planctomycetales","Planctomycetaceae","Symmachiella","Symmachiella_macrocystis_strain_CA54"
"1f46654d90bda4b417cf172b98c8f0f8","Bacteria","Bacteroidota","Flavobacteriia","Flavobacteriales","Flavobacteriaceae","Flavobacterium","Flavobacterium_noncentrifugens_strain_R-HLS-17"
"b95faa054388487380a4d6e91142915a","Unassigned","Unassigned","Unassigned","Unassigned","Unassigned","Unassigned","Unassigned"
"e09801b6018e1eed421b5e49cefd36a1","Bacteria","Pseudomonadota","Alphaproteobacteria","Rhodospirillales","Oceanibaculaceae","Oceanibaculum","Oceanibaculum_indicum_P24"
"ac1fa3c9b80d32bc26d178a9c2ca4a17","Bacteria","Pseudomonadota","Alphaproteobacteria","Rhodospirillales","Azospirillaceae","Oleisolibacter","Oleisolibacter_albus_strain_NAU-10"
"00917346b83116bc77bf2fdb8d8a50b4","Bacteria","Acidobacteriota","Blastocatellia","Blastocatellales","Blastocatellaceae","Stenotrophobacter","Stenotrophobacter_terrae_strain_Ac_28_D10"
"4f3ed380ac19206db9e6ed27caf8d5c0","Bacteria","Pseudomonadota","Alphaproteobacteria","Hyphomicrobiales","Boseaceae","Bosea","Bosea_beijingensis"
"5e389c8fad19799178cfb22f96053088","Unassigned","Unassigned","Unassigned","Unassigned","Unassigned","Unassigned","Unassigned"
"6b1dccb040d5d2bd06bfd2758d4e2481","Bacteria","Pseudomonadota","Betaproteobacteria","Burkholderiales","Sphaerotilaceae","Ideonella","Ideonella_paludis_strain_KBP-31"
"1097551f869b4a98e9d99d5f5c09f48f","Unassigned","Unassigned","Unassigned","Unassigned","Unassigned","Unassigned","Unassigned"
"aea4767ef191cea43d85de81e466845e","Unassigned","Unassigned","Unassigned","Unassigned","Unassigned","Unassigned","Unassigned"
"7552f9c2ff1adc0f1b0c7db8c152e1f2","Bacteria","Planctomycetota","Planctomycetia","Planctomycetales","Planctomycetaceae","Symmachiella","Symmachiella_macrocystis_strain_CA54"
"eac6585bf8e8c38d804ba8221625f6ff","Unassigned","Unassigned","Unassigned","Unassigned","Unassigned","Unassigned","Unassigned"
"72cbe7a103d162b4f74973dacc02c985","Unassigned","Unassigned","Unassigned","Unassigned","Unassigned","Unassigned","Unassigned"
"e10048f6d478654cc166b96803e9a97b","Unassigned","Unassigned","Unassigned","Unassigned","Unassigned","Unassigned","Unassigned"
"d595ccab7b9db9f1f8eab0c9fd9109a4","Unassigned","Unassigned","Unassigned","Unassigned","Unassigned","Unassigned","Unassigned"
"6f51597d5ff689a05da60a2a83b5a07f","Unassigned","Unassigned","Unassigned","Unassigned","Unassigned","Unassigned","Unassigned"
"9c1bc2aa0969ef1d33d32d56fbd1fcb7","Bacteria","Planctomycetota","Planctomycetia","Planctomycetales","Planctomycetaceae","Symmachiella","Polystyrenella_longa_strain_Pla110"
"a6903989568283e33caf7da0fed842fa","Unassigned","Unassigned","Unassigned","Unassigned","Unassigned","Unassigned","Unassigned"
"7a2bc0cefc29d21c17aeddf5ad9a9553","Bacteria","Bacteroidota","Flavobacteriia","Flavobacteriales","Flavobacteriaceae","Flavobacterium","Flavobacterium_anseonense_strain_ARSA-111"
"9b5f7705f168b8bffef85f144d95ca60","Bacteria","Bacteroidota","Cytophagia","Cytophagales","Chryseotaleaceae","Chryseotalea","Chryseotalea_sanaruensis_strain_Ys"
"9a1f5cbd4c6e6abac4540ba645481b03","Unassigned","Unassigned","Unassigned","Unassigned","Unassigned","Unassigned","Unassigned"
"f40dfb533bdb6daa3ad966510358e031","Bacteria","Pseudomonadota","Alphaproteobacteria","Hyphomicrobiales","Hyphomicrobiaceae","Hyphomicrobium","Hyphomicrobium_hollandicum_strain_IFAM_KB-677"
"76f610e22a6ae84ada0b45346af81c7a","Bacteria","Bacteroidota","Cytophagia","Cytophagales","Fulvivirgaceae","Chryseolinea","Chryseolinea_serpens_strain_RYG"
"84c2fcf3e69c22860af5a0f3dfd761a3","Bacteria","Pseudomonadota","Alphaproteobacteria","Micropepsales","Micropepsaceae","Micropepsis","Micropepsis_pineolensis_strain_CS4"
"ba40f89bade37263f0cd1f19e5509bdc","Bacteria","Planctomycetota","Planctomycetia","Pirellulales","Thermoguttaceae","Thermostilla","Thermostilla_marina_strain_SVX8"
"f101e488424868ce41c1cc23b9824aeb","Bacteria","Pseudomonadota","Alphaproteobacteria","Hyphomicrobiales","Hyphomicrobiaceae","Rhodoplanes","Undibacter_mobilis_strain_GY_H"
"c0628ffcd17373a14cc75b2fc6c5b28a","Unassigned","Unassigned","Unassigned","Unassigned","Unassigned","Unassigned","Unassigned"
"a53af1267a362ab39aa95a607af74767","Bacteria","Verrucomicrobiota","Verrucomicrobiia","Verrucomicrobiales","Verrucomicrobiaceae","Luteolibacter","Luteolibacter_luojiensis_strain_DR4-30"
"6c148dae91adfb00e2dfa907e67f36f4","Unassigned","Unassigned","Unassigned","Unassigned","Unassigned","Unassigned","Unassigned"
"7a1b84004881c87e03092d11f47f80dd","Bacteria","Pseudomonadota","Betaproteobacteria","Burkholderiales","Comamonadaceae","Curvibacter","Curvibacter_fontanus_strain_AQ9"
"8ce9bb5cbae5fc2883e85a16b5804c40","Bacteria","Pseudomonadota","Alphaproteobacteria","Micropepsales","Micropepsaceae","Micropepsis","Micropepsis_pineolensis_strain_CS4"
"1d7a2cac72b50cc84c5939dec98cbf21","Bacteria","Verrucomicrobiota","Verrucomicrobiia","Verrucomicrobiales","Verrucomicrobiaceae","Prosthecobacter","Prosthecobacter_vanneervenii_strain_FC2"
"c00b229b81d31a2925498fe73896ef64","Bacteria","Pseudomonadota","Alphaproteobacteria","Rickettsiales","Rickettsiaceae","Orientia","Orientia_tsutsugamushi_strain_Karp"
"ceba613a147789751f6cb50fd5775f70","Bacteria","Actinomycetota","Actinomycetes","Micrococcales","Microbacteriaceae","Rhodoluna","Rhodoluna_lacicola_strain_MWH-Ta8"
"d5947fe22eb7da93989839e62fc9d518","Bacteria","Pseudomonadota","Betaproteobacteria","Burkholderiales","Comamonadaceae","Polaromonas","Polaromonas_aquatica_strain_CCUG_39402"
"42b6f3d69f176ef68fbb80506c998a40","Unassigned","Unassigned","Unassigned","Unassigned","Unassigned","Unassigned","Unassigned"
"e77b2ee8bf1995dd8e2ab839fbf9977b","Unassigned","Unassigned","Unassigned","Unassigned","Unassigned","Unassigned","Unassigned"
"e7dc6e13c1af68a3d413357d0bf1b260","Unassigned","Unassigned","Unassigned","Unassigned","Unassigned","Unassigned","Unassigned"
"af23d4ba6f0f4007c38b6d2e4f872a58","Bacteria","Pseudomonadota","Gammaproteobacteria","Pseudomonadales","Pseudomonadaceae","Pseudomonas","Pseudomonas_azerbaijanoccidentalis"
"14ff87c73d82b595ab7136365c1e89c9","Bacteria","Pseudomonadota","Alphaproteobacteria","Rhodospirillales","Shumkoniaceae","Shumkonia","Shumkonia_mesophila_strain_Y-P2"
"2bb4a2630c8cde87630603120365adad","Unassigned","Unassigned","Unassigned","Unassigned","Unassigned","Unassigned","Unassigned"
"0e70000f88cb2f4de732e8ce5899b6a8","Unassigned","Unassigned","Unassigned","Unassigned","Unassigned","Unassigned","Unassigned"
"bd2f486bf553c5c6c094638f9dbfd208","Bacteria","Planctomycetota","Planctomycetia","Planctomycetales","Planctomycetaceae","Schlesneria","Schlesneria_paludicola_strain_MPL7"
"dfb44915fbf7da79e8aebe754020cad9","Unassigned","Unassigned","Unassigned","Unassigned","Unassigned","Unassigned","Unassigned"
"292cf90adeb9d07be060f70025f1856d","Bacteria","Planctomycetota","Planctomycetia","Gemmatales","Gemmataceae","Urbifossiella","Urbifossiella_limnaea_strain_ETA_A1"
"d5937a885c6fc9ea5beb43a617e1f9cd","Bacteria","Actinomycetota","Actinomycetes","Mycobacteriales","Nocardiaceae","Rhodococcoides","Rhodococcus_sovatensis_strain_H004"
"cd70f181d746223bf84c2303ff672ba9","Bacteria","Pseudomonadota","Alphaproteobacteria","Sphingomonadales","Sphingosinicellaceae","Sphingosinicella","Sphingomonas_flavalba_strain_ZLT-5"
"f131d6a979f1e38c1159eb835bd48269","Bacteria","Planctomycetota","Planctomycetia","Planctomycetales","Planctomycetaceae","Symmachiella","Symmachiella_macrocystis_strain_CA54"
"a5d2af4e3a39f1396de48d5b4819b451","Bacteria","Bacteroidota","Chitinophagia","Chitinophagales","Chitinophagaceae","Ferruginibacter","Ferruginibacter_lapsinanis_strain_HU1-HG42"
"1c2310630c0233f287d24525ee3ecd55","Unassigned","Unassigned","Unassigned","Unassigned","Unassigned","Unassigned","Unassigned"
"6461a1fc0d25541b5033eb4a2851cdaa","Bacteria","Pseudomonadota","Betaproteobacteria","Rhodocyclales","Burkholderiaceae","Candidatus_Accumulibacter","Azoarcus_olearius_strain_DQS-4"
"14bba0227f9186a9b94a603a0b7b9ed8","Bacteria","Actinomycetota","Actinomycetes","Micrococcales","Microbacteriaceae","Rhodoluna","Rhodoluna_limnophila"
"388cd39251354d039ed66062e004e4da","Bacteria","Bacteroidota","Chitinophagia","Chitinophagales","Chitinophagaceae","Nemorincola","Nemorincola_caseinilytica_strain_J116-2"
"195107d918bcea0a58599ed78f086678","Unassigned","Unassigned","Unassigned","Unassigned","Unassigned","Unassigned","Unassigned"
"2b7bbe0213d658bb58a33d4563685ddb","Bacteria","Pseudomonadota","Betaproteobacteria","Nitrosomonadales","Methylophilaceae","Methylotenera","Methylotenera_mobilis_JLW8"
"698769500e88c9f3e2fdaed05f621cd4","Bacteria","Pseudomonadota","Alphaproteobacteria","Hyphomicrobiales","Devosiaceae","Devosia","Devosia_insulae_DS-56"
"c47a7ade7cabd5a93fa7f795075a8fe3","Bacteria","Pseudomonadota","Betaproteobacteria","Nitrosomonadales","Methylophilaceae","Methylovorus","Methylovorus_glucosotrophus_strain_6B1"
"c0101b38549e2bb43be12001d6beecef","Bacteria","Bacteroidota","Cytophagia","Cytophagales","Flectobacillaceae","Arcicella","Arcicella_lustrica"
"6c962800f36281757449ac4d18e021b0","Bacteria","Bdellovibrionota","Bdellovibrionia","Bdellovibrionales","Pseudobdellovibrionaceae","Bdellovibrio","Bdellovibrio_bacteriovorus_strain_HD100"
"8a2f3eef0e94d2fdcbf7ec643196cd3f","Unassigned","Unassigned","Unassigned","Unassigned","Unassigned","Unassigned","Unassigned"
"5757076d2aafd878cfdd2790d0d44469","Unassigned","Unassigned","Unassigned","Unassigned","Unassigned","Unassigned","Unassigned"
"9eccb5953d7f991c6b4c531643717bb6","Bacteria","Planctomycetota","Planctomycetia","Planctomycetales","Planctomycetaceae","Maioricimonas","Maioricimonas_rarisocia_strain_Mal4"
"c0e073a397e6b374dd4d19540f21b34f","Bacteria","Acidobacteriota","Vicinamibacteria","Vicinamibacterales","Vicinamibacteraceae","Vicinamibacter","Vicinamibacter_silvestris_strain_Ac_5_C6"
"6a521a3a7036bfede37a9703f2e63af6","Bacteria","Pseudomonadota","Gammaproteobacteria","Lysobacterales","Lysobacteraceae","Arenimonas","Arenimonas_daechungensis_strain_CH15-1"
"940d4736e7c8233d6de8de8aa3f12c34","Unassigned","Unassigned","Unassigned","Unassigned","Unassigned","Unassigned","Unassigned"
"4e4ba3b677f55186e2952a9a4687eb24","Unassigned","Unassigned","Unassigned","Unassigned","Unassigned","Unassigned","Unassigned"
"3be6faf7368f3acae8a82257caacbdda","Bacteria","Actinomycetota","Acidimicrobiia","Acidimicrobiales","Iamiaceae","Rhabdothermincola","Dermatobacter_hominis_strain_Kera-3"
"ce6fa75326f52fb4ed6581ac119292c9","Bacteria","Pseudomonadota","Alphaproteobacteria","Hyphomicrobiales","Kaistiaceae","Bauldia","Bauldia_consociata_strain_11"
"ee9e32fea8a9450eb48a837a94fe37e4","Bacteria","Pseudomonadota","Alphaproteobacteria","Rhodospirillales","Dongiaceae","Dongia","Dongia_deserti"
"e47ad847a2a880df1299e326a226cdc5","Unassigned","Unassigned","Unassigned","Unassigned","Unassigned","Unassigned","Unassigned"
"4f961b2600b1156d7215a159133a5f58","Unassigned","Unassigned","Unassigned","Unassigned","Unassigned","Unassigned","Unassigned"
"3884bd2e9eb1a7364d15a9ceca38529e","Bacteria","Gemmatimonadota","Gemmatimonadia","Gemmatimonadales","Gemmatimonadaceae","Gemmatimonas","Gemmatimonas_phototrophica_strain_AP64"
"c13dfbde9bde70ad27d75d83fe5d8e86","Bacteria","Bacteroidota","Flavobacteriia","Flavobacteriales","Owenweeksiaceae","Owenweeksia","Owenweeksia_hongkongensis_strain_DSM_17368"
"d5f0cd2ca7f7c34f438404eb93681dae","Unassigned","Unassigned","Unassigned","Unassigned","Unassigned","Unassigned","Unassigned"
"428d78c1b4320acf9cd48a83a0b5a5d4","Bacteria","Pseudomonadota","Alphaproteobacteria","Rhodospirillales","Acetobacteraceae","Acidisoma","Acidisoma_sibiricum_strain_TPB606"
"e46b30f39fde08dc68e06bebcd9f9daa","Unassigned","Unassigned","Unassigned","Unassigned","Unassigned","Unassigned","Unassigned"
"b61b4ba700b74b15e50c1fd5a69fa69a","Unassigned","Unassigned","Unassigned","Unassigned","Unassigned","Unassigned","Unassigned"
"3c8402891fe7c7e5743f37747869a678","Bacteria","Nitrospirota","Nitrospiria","Nitrospirales","Nitrospiraceae","Nitrospira","Nitrospira_japonica_strain_J1"
"2dc9ae22b3ae547d5fe2e971cf452bda","Bacteria","Bdellovibrionota","Bdellovibrionia","Bdellovibrionales","Pseudobdellovibrionaceae","Bdellovibrio","Bdellovibrio_bacteriovorus_strain_HD100"
"7e22ccb3f8675f3c8918ccf4336e16c7","Unassigned","Unassigned","Unassigned","Unassigned","Unassigned","Unassigned","Unassigned"
"a0f3348c81cd1afef8c94e18c0cf2c69","Bacteria","Pseudomonadota","Betaproteobacteria","Burkholderiales","Comamonadaceae","Rhodoferax","Rhodoferax_saidenbachensis_strain_ED16"
"d632e9335e8ecb33791c410305e4ec6d","Unassigned","Unassigned","Unassigned","Unassigned","Unassigned","Unassigned","Unassigned"
"de5ade30ddb28df6b4d4655aa8dd250a","Bacteria","Pseudomonadota","Betaproteobacteria","Burkholderiales","Comamonadaceae","Polaromonas","Polaromonas_aquatica_strain_CCUG_39402"
"c6ece095ac1ac3266c6b2123dcab8c45","Bacteria","Planctomycetota","Planctomycetia","Planctomycetales","Planctomycetaceae","Schlesneria","Schlesneria_paludicola_strain_MPL7"
"6a72e6a3ad90d0f94c94587d4c5e0e2f","Bacteria","Pseudomonadota","Alphaproteobacteria","Hyphomicrobiales","Hyphomicrobiaceae","Hyphomicrobium","Hyphomicrobium_facile_strain_IFAM_H-526"
"8df653e6b8e0b3c161e61d3e825f64cc","Bacteria","Pseudomonadota","Alphaproteobacteria","Caulobacterales","Caulobacteraceae","Terricaulis","Terricaulis_silvestris_strain_0127_4"
"702c424520b416480c69e0aa1f53579c","Bacteria","Pseudomonadota","Alphaproteobacteria","Hyphomicrobiales","Reyranellaceae","Reyranella","Reyranella_soli_strain_KIS14-15"
"30c1416c7039bd9213c10767269d91e4","Bacteria","Bacteroidota","Saprospiria","Saprospirales","Haliscomenobacteraceae","Haliscomenobacter","Haliscomenobacter_hydrossis_strain_DSM_1100"
"1d56deef13d3452b545c10c78c798b8b","Unassigned","Unassigned","Unassigned","Unassigned","Unassigned","Unassigned","Unassigned"
"f08fc7d60e226177c25a2fa6c57af7e4","Unassigned","Unassigned","Unassigned","Unassigned","Unassigned","Unassigned","Unassigned"
"66cb975c10684e81b4ad69bd907709e4","Unassigned","Unassigned","Unassigned","Unassigned","Unassigned","Unassigned","Unassigned"
"2793f26a5b1c96b35aa8d0d5c8809276","Bacteria","Verrucomicrobiota","Verrucomicrobiia","Verrucomicrobiales","Verrucomicrobiaceae","Prosthecobacter","Prosthecobacter_fluviatilis_strain_HAQ-1"
"1904b6b082375be3dd1974cb87ceced1","Unassigned","Unassigned","Unassigned","Unassigned","Unassigned","Unassigned","Unassigned"
"893e187d097751fb3abc973eafca3d2b","Bacteria","Planctomycetota","Planctomycetia","Planctomycetales","Planctomycetaceae","Fuerstiella","Fuerstiella_marisgermanici_strain_NH11"
"f4fffedfe9d1a73ae395c86889d7accb","Bacteria","Acidobacteriota","Vicinamibacteria","Vicinamibacterales","Vicinamibacteraceae","Luteitalea","Luteitalea_pratensis_strain_HEG_-6_39"
"d96301e09d2db933db4c77c30c386415","Bacteria","Pseudomonadota","Betaproteobacteria","Burkholderiales","Oxalobacteraceae","Noviherbaspirillum","Noviherbaspirillum_aridicola_strain_NCCP-691"
"adde3aeae4ded975debfb03192de225d","Unassigned","Unassigned","Unassigned","Unassigned","Unassigned","Unassigned","Unassigned"
"f4f23a9314c02d4eeb0e8e6318fd179f","Bacteria","Planctomycetota","Phycisphaerae","Tepidisphaerales","Tepidisphaeraceae","Tepidisphaera","Tepidisphaera_mucosa_strain_2842"
"eaa766be280e91faec17ce6d256295ab","Unassigned","Unassigned","Unassigned","Unassigned","Unassigned","Unassigned","Unassigned"
"0f7d7f3b15638432fd989b92746fd3ab","Unassigned","Unassigned","Unassigned","Unassigned","Unassigned","Unassigned","Unassigned"
"1b7c992c6099c04d1bc9303789574c13","Bacteria","Pseudomonadota","Alphaproteobacteria","Caulobacterales","Caulobacteraceae","Terricaulis","Terricaulis_silvestris_strain_0127_4"
"383bdd7e5bfa3e8b8ed2c730b9d9b59c","Bacteria","Pseudomonadota","Betaproteobacteria","Burkholderiales","Oxalobacteraceae","Undibacterium","Oxalobacter_vibrioformis_strain_WoOx3"
"4a4051740786d454f3dc4997ca467fe8","Bacteria","Pseudomonadota","Betaproteobacteria","Nitrosomonadales","Usitatibacteraceae","Usitatibacter","Usitatibacter_palustris_strain_Swamp67"
"7a92d151e287d941bf8286f18940db6c","Bacteria","Acidobacteriota","Blastocatellia","Blastocatellales","Blastocatellaceae","Stenotrophobacter","Stenotrophobacter_terrae_strain_Ac_28_D10"
"55f527ecd2e6bf251bc08a9f48858aac","Bacteria","Pseudomonadota","Betaproteobacteria","Burkholderiales","Burkholderiaceae","Robbsia","Robbsia_betulipollinis"
"68f245a7883730c13d8c38c2d2e6487d","Bacteria","Acidobacteriota","Terriglobia","Bryobacterales","Bryobacteraceae","Paludibaculum","Paludibaculum_fermentans_strain_P105"
"401fdde8f26f9eb53adcb882ad48bc95","Bacteria","Verrucomicrobiota","Spartobacteria","Chthoniobacterales","Chthoniobacteraceae","Chthoniobacter","Chthoniobacter_flavus_Ellin428"
"afd6b1246a945184a756937e0f565471","Unassigned","Unassigned","Unassigned","Unassigned","Unassigned","Unassigned","Unassigned"
"74d2214f517558e79798a9fdc0e75004","Bacteria","Bacteroidota","Flavobacteriia","Flavobacteriales","Flavobacteriaceae","Flavobacterium","Flavobacterium_succinicans_strain_DSM_4002"
"25922e3690daa1d0aba6123d347395f9","Bacteria","Bacteroidota","Chitinophagia","Chitinophagales","Chitinophagaceae","Nemorincola","Nemorincola_caseinilytica_strain_J116-2"
"32adeda2672d46498385ea477f80435a","Unassigned","Unassigned","Unassigned","Unassigned","Unassigned","Unassigned","Unassigned"
"1ec6a020433b9c0d9e1b92d6d739fb65","Unassigned","Unassigned","Unassigned","Unassigned","Unassigned","Unassigned","Unassigned"
"02b1ca131634a34355da97b50e14319d","Unassigned","Unassigned","Unassigned","Unassigned","Unassigned","Unassigned","Unassigned"
"35deb6b8fed5b1f686a755b09776c4d2","Bacteria","Pseudomonadota","Betaproteobacteria","Nitrosomonadales","Sterolibacteriaceae","Georgfuchsia","Georgfuchsia_toluolica_strain_G5G6"
"9d13bd69f7a1b74ad52acfa5219e27eb","Unassigned","Unassigned","Unassigned","Unassigned","Unassigned","Unassigned","Unassigned"
"3cd9892d85061d0a39dd49cd12848c48","Unassigned","Unassigned","Unassigned","Unassigned","Unassigned","Unassigned","Unassigned"
"f8ae8f961bd7a64179eb0716e309e7f7","Bacteria","Gemmatimonadota","Gemmatimonadia","Gemmatimonadales","Gemmatimonadaceae","Gemmatimonas","Gemmatimonas_phototrophica_strain_AP64"
"b0b94b3b8b866f2041811d39a7364fa3","Unassigned","Unassigned","Unassigned","Unassigned","Unassigned","Unassigned","Unassigned"
"228afbc8b62433f4a8b0efb21c6e1ca6","Unassigned","Unassigned","Unassigned","Unassigned","Unassigned","Unassigned","Unassigned"
"74227bc73ffcca35fa0c126442b5e875","Bacteria","Bacteroidota","Flavobacteriia","Flavobacteriales","Flavobacteriaceae","Flavobacterium","Flavobacterium_noncentrifugens_strain_R-HLS-17"
"4d694478e5a138bd3d3ad7a48717a155","Unassigned","Unassigned","Unassigned","Unassigned","Unassigned","Unassigned","Unassigned"
"d86f88b6a01d2d7afd8d2814b5320385","Bacteria","Verrucomicrobiota","Opitutia","Opitutales","Opitutaceae","Horticoccus","Horticoccus_luteus_strain_KSB-15"
"785024d273f7bdfddc0fd338e44816ee","Unassigned","Unassigned","Unassigned","Unassigned","Unassigned","Unassigned","Unassigned"
"827108459cf209733301d13032124b1c","Unassigned","Unassigned","Unassigned","Unassigned","Unassigned","Unassigned","Unassigned"
"3bad5fe8e60a457e181bafd65c28ec18","Bacteria","Pseudomonadota","Betaproteobacteria","Nitrosomonadales","Sterolibacteriaceae","Sterolibacterium","Sterolibacterium_denitrificans_strain_Chol-1S"
"4bfe7082747f42ce514a3185e2f8ea69","Unassigned","Unassigned","Unassigned","Unassigned","Unassigned","Unassigned","Unassigned"
"2cb165d14ce394422bf43fdc5495d6a5","Bacteria","Bacteroidota","Chitinophagia","Chitinophagales","Chitinophagaceae","Parasegetibacter","Parasegetibacter_terrae_strain_SGM2-10"
"17f26fe9860202dd017cbbd77d76bbfa","Unassigned","Unassigned","Unassigned","Unassigned","Unassigned","Unassigned","Unassigned"
"5ed498b3ea5d7c2b5d72dd58e42055ab","Unassigned","Unassigned","Unassigned","Unassigned","Unassigned","Unassigned","Unassigned"
"403f456f9a569f4baffdf53f05321eec","Bacteria","Pseudomonadota","Alphaproteobacteria","Holosporales","Holosporaceae","Candidatus_Bealeia","Candidatus_Bealeia_paramacronuclearis"
"f776b06dd6ab9998621a85d75a8c334c","Bacteria","Planctomycetota","Planctomycetia","Pirellulales","Pirellulaceae","Anatilimnocola","Anatilimnocola_aggregata_strain_ETA_A8"
"5a9e0f44505a39adeded39c8696a074f","Unassigned","Unassigned","Unassigned","Unassigned","Unassigned","Unassigned","Unassigned"
"5d642ef9c58e625256fd05bce4ceeea4","Unassigned","Unassigned","Unassigned","Unassigned","Unassigned","Unassigned","Unassigned"
"637001d09a6ddfd6adf712201ef8e842","Unassigned","Unassigned","Unassigned","Unassigned","Unassigned","Unassigned","Unassigned"
"543a0e25ef0683db2b474a9e879fa982","Unassigned","Unassigned","Unassigned","Unassigned","Unassigned","Unassigned","Unassigned"
"363665720918231c7ede04752a2f25cd","Bacteria","Acidobacteriota","Vicinamibacteria","Vicinamibacterales","Vicinamibacteraceae","Vicinamibacter","Vicinamibacter_silvestris_strain_Ac_5_C6"
"5bcc99dfefe5943c84b0d9675889b020","Unassigned","Unassigned","Unassigned","Unassigned","Unassigned","Unassigned","Unassigned"
"4e80c26918dc3bccf8347912c183333e","Bacteria","Pseudomonadota","Alphaproteobacteria","Caulobacterales","Caulobacteraceae","Phenylobacterium","Phenylobacterium_muchangponense_strain_A8"
"95de9c70b64bd537c4632b91e16ce9d5","Bacteria","Pseudomonadota","Alphaproteobacteria","Caulobacterales","Caulobacteraceae","Caulobacter","Caulobacter_fusiformis_strain_ATCC_15257"
"c7b537a8645f21d6f75bef9df043734c","Unassigned","Unassigned","Unassigned","Unassigned","Unassigned","Unassigned","Unassigned"
"75b95108be744751be5a93f0691b7fdc","Unassigned","Unassigned","Unassigned","Unassigned","Unassigned","Unassigned","Unassigned"
"3c28d229ecc5abe08b280bbdffb8e662","Bacteria","Pseudomonadota","Alphaproteobacteria","Hyphomicrobiales","Nitrobacteraceae","Afipia","Afipia_birgiae_34632"
"6d0f10b472603984fdab3012314182af","Unassigned","Unassigned","Unassigned","Unassigned","Unassigned","Unassigned","Unassigned"
"10dfa0fb048d17dd8cbf87912fff0705","Bacteria","Pseudomonadota","Alphaproteobacteria","Hyphomicrobiales","Aestuariivirgaceae","Taklimakanibacter","Aestuariivirga_litoralis_strain_SYSU_M10001"
"aa25547d752064ba29421a5b886af045","Bacteria","Pseudomonadota","Alphaproteobacteria","Rhodospirillales","Acetobacteraceae","Falsiroseomonas","Granulibacter_bethesdensis_CGDNIH1"
"b9b37ceb755014cb238bb42656ecbab8","Bacteria","Bacteroidota","Flavobacteriia","Flavobacteriales","Owenweeksiaceae","Owenweeksia","Owenweeksia_hongkongensis_strain_DSM_17368"
"147821397e0619cdde286d37ee443446","Bacteria","Bacteroidota","Cytophagia","Cytophagales","Leadbetterellaceae","Lacihabitans","Lacihabitans_soyangensis_strain_HME6675"
"8376f8bcad668311e8009a70902afeee","Unassigned","Unassigned","Unassigned","Unassigned","Unassigned","Unassigned","Unassigned"
"30a9399abe95e1aeac665ad98a9fc961","Unassigned","Unassigned","Unassigned","Unassigned","Unassigned","Unassigned","Unassigned"
"4fc127e871fbb3da5d70abd773062558","Unassigned","Unassigned","Unassigned","Unassigned","Unassigned","Unassigned","Unassigned"
"6b239b63900a06f01eac0db4f56de503","Bacteria","Pseudomonadota","Gammaproteobacteria","Chromatiales","Ectothiorhodospiraceae","Thiorhodospira","Thiorhodospira_sibirica_strain_A12"
"0c42023d2b850e44a64732c748840f0b","Unassigned","Unassigned","Unassigned","Unassigned","Unassigned","Unassigned","Unassigned"
"1cf6d19dabd5fc885fd1a4cb51d73e00","Unassigned","Unassigned","Unassigned","Unassigned","Unassigned","Unassigned","Unassigned"
"d5f85c1461c46089a1e09fb910046d44","Bacteria","Pseudomonadota","Alphaproteobacteria","Hyphomicrobiales","Hyphomicrobiaceae","Hyphomicrobium","Hyphomicrobium_aestuarii_strain_ATCC_27483"
"59ef0f23f6d16ec7f7a956b80b7d408d","Bacteria","Pseudomonadota","Gammaproteobacteria","Chromatiales","Sedimenticolaceae","Candidatus_Thiodiazotropha","Candidatus_Thiodiazotropha_endolucinida"
"bb8c97a97a48469375a468831399a49f","Bacteria","Pseudomonadota","Betaproteobacteria","Nitrosomonadales","Usitatibacteraceae","Usitatibacter","Usitatibacter_palustris_strain_Swamp67"
"b4632d56bf57cd2d80dc3b57aa0bbcd7","Bacteria","Pseudomonadota","Alphaproteobacteria","Hyphomicrobiales","Hyphomicrobiaceae","Pedomicrobium","Pedomicrobium_americanum_strain_IFAM_G-1381"
"fc526698b71b31cfe45b4cfeca1b817e","Bacteria","Verrucomicrobiota","Verrucomicrobiia","Verrucomicrobiales","Verrucomicrobiaceae","Prosthecobacter","Prosthecobacter_fluviatilis_strain_HAQ-1"
"d69a4364f8c19d969f5762078358ee77","Unassigned","Unassigned","Unassigned","Unassigned","Unassigned","Unassigned","Unassigned"
"6abe4d8ba2a9c67922d516c7da768b59","Unassigned","Unassigned","Unassigned","Unassigned","Unassigned","Unassigned","Unassigned"
"7652188c74c54e32f3bce4abe20becb7","Unassigned","Unassigned","Unassigned","Unassigned","Unassigned","Unassigned","Unassigned"
"2e488343b79631a8bb868109f018e8de","Unassigned","Unassigned","Unassigned","Unassigned","Unassigned","Unassigned","Unassigned"
"51e731c6ac00ebe28aff30cbe912c401","Unassigned","Unassigned","Unassigned","Unassigned","Unassigned","Unassigned","Unassigned"
"0a802a134192e1602c7c0ac8e0eedcd3","Bacteria","Bacteroidota","Chitinophagia","Chitinophagales","Chitinophagaceae","Ferruginibacter","Ferruginibacter_paludis_strain_HME8881"
"1982c8ec12968179602815817fc017ff","Unassigned","Unassigned","Unassigned","Unassigned","Unassigned","Unassigned","Unassigned"
"cbac980bac77f251979c270aea23cd32","Bacteria","Verrucomicrobiota","Verrucomicrobiia","Verrucomicrobiales","Verrucomicrobiaceae","Brevifollis","Brevifollis_gellanilyticus_strain_DC2c-G4"
"e94999cee2eb1579a831c2bf40e6c667","Bacteria","Pseudomonadota","Alphaproteobacteria","Hyphomicrobiales","","Vineibacter","Vineibacter_terrae_strain_CC-CFT640"
"6cadee61b430ab09146e4e05b1405c89","Bacteria","Pseudomonadota","Gammaproteobacteria","Methylococcales","Methylococcaceae","Methylobacter","Methylobacter_tundripaludum_SV96"
"ed77834ae23c01a6b7b68b75bd7a76ff","Bacteria","Pseudomonadota","Alphaproteobacteria","Rhodospirillales","Rhodospirillaceae","Lacibacterium","Lacibacterium_aquatile_strain_LTC-2"
"1e96e7332c6af32df85f40048198cb94","Bacteria","Acidobacteriota","Terriglobia","Bryobacterales","Bryobacteraceae","Paludibaculum","Paludibaculum_fermentans_strain_P105"
"d139886084241b74f4e71d96af1fac85","Unassigned","Unassigned","Unassigned","Unassigned","Unassigned","Unassigned","Unassigned"
"74fecf48757436c68d39aaf0a8de8cb8","Bacteria","Verrucomicrobiota","Opitutia","Opitutales","Opitutaceae","Opitutus","Opitutus_terrae_PB90-1"
"1b687d00e65b49f08b86eb37258381d1","Bacteria","Pseudomonadota","Betaproteobacteria","Rhodocyclales","","Candidatus_Accumulibacter","Candidatus_Accumulibacter_propinquus"
"9bca6f6838efd34e47beea65fbd3bba8","Bacteria","Acidobacteriota","Vicinamibacteria","Vicinamibacterales","Vicinamibacteraceae","Luteitalea","Luteitalea_pratensis_strain_HEG_-6_39"
"3285f9ca931c19f4caec16e0c8cfa432","Unassigned","Unassigned","Unassigned","Unassigned","Unassigned","Unassigned","Unassigned"
"bce4ceb46f6509130f10a223e8a33006","Bacteria","Planctomycetota","Planctomycetia","Pirellulales","Pirellulaceae","Anatilimnocola","Anatilimnocola_floriformis"
"bd8d7a4eb3f19a23e860c9c8f9fc371f","Unassigned","Unassigned","Unassigned","Unassigned","Unassigned","Unassigned","Unassigned"
"476d87f1c97b2df89208aec01324e218","Unassigned","Unassigned","Unassigned","Unassigned","Unassigned","Unassigned","Unassigned"
"2def29573161d7e0e94dfbc667f05575","Unassigned","Unassigned","Unassigned","Unassigned","Unassigned","Unassigned","Unassigned"
"0fd8ba140111c317c0811b4f783d1064","Bacteria","Acidobacteriota","Vicinamibacteria","Vicinamibacterales","Vicinamibacteraceae","Vicinamibacter","Vicinamibacter_silvestris_strain_Ac_5_C6"
"deec712aa8a3d1c0fac2ceee3a4a749f","Bacteria","Pseudomonadota","Alphaproteobacteria","Rhodospirillales","Acetobacteraceae","Rhodopila","Rhodopila_globiformis_strain_7950"
"db67e7018f97c7f1ed5284b554693125","Bacteria","Pseudomonadota","Alphaproteobacteria","Hyphomicrobiales","Nitrobacteraceae","Afipia","Afipia_massiliensis_34633"
"eafcea0c24e714842ae8cd749ebe0500","Bacteria","Pseudomonadota","Alphaproteobacteria","Caulobacterales","Caulobacteraceae","Caulobacter","Caulobacter_ginsengisoli_strain_Gsoil_317"
"da2313148f13a73bbfac2866cd6f3d5f","Bacteria","Pseudomonadota","Alphaproteobacteria","Hyphomicrobiales","Hyphomicrobiaceae","Hyphomicrobium","Hyphomicrobium_hollandicum_strain_IFAM_KB-677"
"fc6c7fd6a54f7dc377d81fb55565ba06","Bacteria","Planctomycetota","Planctomycetia","Planctomycetales","Planctomycetaceae","Schlesneria","Schlesneria_paludicola_strain_MPL7"
"65204b0474fa02f1f3928ff0910557cb","Unassigned","Unassigned","Unassigned","Unassigned","Unassigned","Unassigned","Unassigned"
"dc90c181a911daf8c856b3c83014004b","Bacteria","Verrucomicrobiota","Opitutae","Opitutales","Opitutaceae","Nibricoccus","Nibricoccus_aquaticus"
"d26a02bb1088231dc23acd6bce0dee2f","Bacteria","Pseudomonadota","Gammaproteobacteria","Chromatiales","Sedimenticolaceae","Candidatus_Thiodiazotropha","Candidatus_Thiodiazotropha_endolucinida"
"9e009860d212fa9812d07c1ff63d8902","Unassigned","Unassigned","Unassigned","Unassigned","Unassigned","Unassigned","Unassigned"
"656d008501bdf86d7933e9bb37dd79ce","Unassigned","Unassigned","Unassigned","Unassigned","Unassigned","Unassigned","Unassigned"
"c6b3ad21c48c7a46590a832ae27f128a","Unassigned","Unassigned","Unassigned","Unassigned","Unassigned","Unassigned","Unassigned"
"5401071a113a2cdf5b0c6902d52961f9","Bacteria","Acidobacteriota","Vicinamibacteria","Vicinamibacterales","Vicinamibacteraceae","Luteitalea","Luteitalea_pratensis_strain_HEG_-6_39"
"a896693ac8e398849dafa3bc5532caca","Bacteria","Abditibacteriota","Abditibacteriia","Abditibacteriales","Abditibacteriaceae","Abditibacterium","Abditibacterium_utsteinense_strain_R-68213"
"0010ec06f18fca4839e25e7440b64acf","Unassigned","Unassigned","Unassigned","Unassigned","Unassigned","Unassigned","Unassigned"
"90548e86b4810cfd3e121729692e7569","Bacteria","Pseudomonadota","Alphaproteobacteria","Hyphomicrobiales","Devosiaceae","Devosia","Devosia_insulae_DS-56"
"407ee105316d1cf8f454292432394646","Unassigned","Unassigned","Unassigned","Unassigned","Unassigned","Unassigned","Unassigned"
"529c6a4e4c11e85a725590e46f23f4fc","Bacteria","Actinomycetota","Acidimicrobiia","Acidimicrobiales","Acidimicrobiaceae","Aciditerrimonas","Aciditerrimonas_ferrireducens_JCM_15389_strain_IC-180"
"0ef39d2b95e391c13a2d5329240165bb","Bacteria","Bacteroidota","Chitinophagia","Chitinophagales","Chitinophagaceae","Flavipsychrobacter","Flavipsychrobacter_stenotrophus_strain_RB1R16"
"a42a27d20185702beb4f46b4a8200329","Bacteria","Planctomycetota","Phycisphaerae","Tepidisphaerales","Tepidisphaeraceae","Tepidisphaera","Tepidisphaera_mucosa_strain_2842"
"5835067baf8361c2bff5f4c5a936c490","Bacteria","Actinomycetota","Acidimicrobiia","Acidimicrobiales","Acidimicrobiaceae","Aciditerrimonas","Aciditerrimonas_ferrireducens_JCM_15389_strain_IC-180"
"4992949a09c285a850696cbbecd239c5","Unassigned","Unassigned","Unassigned","Unassigned","Unassigned","Unassigned","Unassigned"
"f67a9a0da58ff60b7a0efe8db77f893f","Bacteria","Pseudomonadota","Betaproteobacteria","Nitrosomonadales","Usitatibacteraceae","Usitatibacter","Usitatibacter_rugosus_strain_0125_3"
"b519762e9e314bbc2e56ac8dc1bfcbae","Bacteria","Pseudomonadota","Betaproteobacteria","Nitrosomonadales","Usitatibacteraceae","Usitatibacter","Usitatibacter_rugosus_strain_0125_3"
"9fa458f66958aa30985b6b64a87cc6df","Bacteria","Planctomycetota","Planctomycetia","Planctomycetales","Planctomycetaceae","Fuerstiella","Fuerstiella_marisgermanici_strain_NH11"
"1aa84f4f1adb89f20edf210de100a897","Bacteria","Chlamydiota","Chlamydiia","Parachlamydiales","Parachlamydiaceae","Protochlamydia","Candidatus_Protochlamydia_naegleriophila"
"4a7773d79fa2cb91b01c64a33860d82f","Bacteria","Pseudomonadota","Betaproteobacteria","Nitrosomonadales","Sterolibacteriaceae","Methyloversatilis","Methyloversatilis_discipulorum_strain_FAM1"
"8c40110f94cb77e2a3a370fb8c9941f8","Bacteria","Pseudomonadota","Betaproteobacteria","Nitrosomonadales","Methylophilaceae","Methylopumilus","Candidatus_Methylopumilus_turicensis"
"1888c2c0bea930ddb6be606d4007159a","Unassigned","Unassigned","Unassigned","Unassigned","Unassigned","Unassigned","Unassigned"
"51c6e3203a50f385c5dc70c75169ce37","Unassigned","Unassigned","Unassigned","Unassigned","Unassigned","Unassigned","Unassigned"
"0b33cdccbea11b5057d854544214d838","Unassigned","Unassigned","Unassigned","Unassigned","Unassigned","Unassigned","Unassigned"
"c7514b712f98e3bbc2dbccfb60284215","Unassigned","Unassigned","Unassigned","Unassigned","Unassigned","Unassigned","Unassigned"
"86efe08dc375f05c474f2e4cd10de697","Unassigned","Unassigned","Unassigned","Unassigned","Unassigned","Unassigned","Unassigned"
"c27f28fa53ff8b7ce7f21620f2f684d7","Bacteria","Verrucomicrobiota","Verrucomicrobiia","Verrucomicrobiales","Verrucomicrobiaceae","Luteolibacter","Luteolibacter_ambystomatis_strain_32A"
"463a3a1f1e9b2b7a0f607c613cd84bc9","Unassigned","Unassigned","Unassigned","Unassigned","Unassigned","Unassigned","Unassigned"
"5ba991c88d17a793f546ca65ceed1322","Bacteria","Pseudomonadota","Betaproteobacteria","Nitrosomonadales","Gallionellaceae","Nitrotoga","Candidatus_Nitrotoga_fabula"
"2f0787ea3ac5626fb9a9d11accc4f71a","Unassigned","Unassigned","Unassigned","Unassigned","Unassigned","Unassigned","Unassigned"
"e5e7b430aebebc0a7dc6abc7b5b085de","Bacteria","Pseudomonadota","Betaproteobacteria","Nitrosomonadales","Methylophilaceae","Methylotenera","Methylotenera_mobilis_JLW8"
"f6d826aadb37fb89c8c2d107e2f93c77","Bacteria","Bacteroidota","Flavobacteriia","Flavobacteriales","Crocinitomicaceae","Fluviicola","Fluviicola_taffensis_strain_DSM_16823"
"1043574d2d2ef406231a63f9a757ae4c","Bacteria","Bacteroidota","Cytophagia","Cytophagales","Fulvivirgaceae","Chryseolinea","Chryseolinea_lacunae"
"20723b6de4e34aeeddd3c824a82cb3af","Bacteria","","Candidatus_Babeliae","Candidatus_Babeliales","Candidatus_Chromulinivoraceae","Candidatus_Chromulinivorax","Candidatus_Chromulinivorax_destructor"
"4b1f330f45d2b5b8601e2388fe0ede7f","Bacteria","Acidobacteriota","Terriglobia","Bryobacterales","Bryobacteraceae","Bryobacter","Bryobacter_aggregatus_strain_MPL3"
"90fd71895f93ff76807ed548510d7db2","Unassigned","Unassigned","Unassigned","Unassigned","Unassigned","Unassigned","Unassigned"
"8ecdad824ca6a5ebc7533bd7fd67ced9","Unassigned","Unassigned","Unassigned","Unassigned","Unassigned","Unassigned","Unassigned"
"b2d0eee60f4c2fc7d37526a2706a46a9","Bacteria","Pseudomonadota","Gammaproteobacteria","Chromatiales","Granulosicoccaceae","Granulosicoccus","Granulosicoccus_marinus_strain_IMCC3490"
"f166d36b6efbf29d7ce00e7ba018a15a","Bacteria","Pseudomonadota","Betaproteobacteria","Burkholderiales","Oxalobacteraceae","Massilia","Massilia_litorea"
"23d696c7d19be02c3b5381074b612af0","Bacteria","Pseudomonadota","Betaproteobacteria","Burkholderiales","Oxalobacteraceae","Rugamonas","Rugamonas_rubra_strain_MOM_28/2/79"
"aff9a2eeb7b2589830d5e1b7091e5795","Bacteria","Planctomycetota","Planctomycetia","Pirellulales","Lacipirellulaceae","Pirellulimonas","Pirellulimonas_nuda_strain_Pla175"
"40bea75d9784b5a476ed7c8b58953e53","Unassigned","Unassigned","Unassigned","Unassigned","Unassigned","Unassigned","Unassigned"
"ac990558768c0e59f60ef059fcafbb1b","Unassigned","Unassigned","Unassigned","Unassigned","Unassigned","Unassigned","Unassigned"
"aba9602a8d5a3e22e1c6fa213f9c431e","Unassigned","Unassigned","Unassigned","Unassigned","Unassigned","Unassigned","Unassigned"
"b6698eb10575d1c8c3435c739d660fb9","Unassigned","Unassigned","Unassigned","Unassigned","Unassigned","Unassigned","Unassigned"
"5b7a1e5c404aa14b23f5d4cb1878ac9b","Bacteria","Bacteroidota","Flavobacteriia","Flavobacteriales","Flavobacteriaceae","Flavobacterium","Flavobacterium_lotistagni_strain_CYK-4"
"dc6791201765a049960ad52a33977783","Unassigned","Unassigned","Unassigned","Unassigned","Unassigned","Unassigned","Unassigned"
"ec9ff08f6c5d05f85c02b7d249c05cf2","Bacteria","Planctomycetota","Planctomycetia","Pirellulales","Lacipirellulaceae","Aeoliella","Aeoliella_mucimassa_strain_Pan181"
"28f789de482f361bb1b2f1c2d3281921","Bacteria","Pseudomonadota","Alphaproteobacteria","Hyphomicrobiales","Rhizobiaceae","Rhizobium","Albimonas_pacifica_strain_P-50-3"
"4d099de775e4e26824c6053acdb31d63","Bacteria","Acidobacteriota","Vicinamibacteria","Vicinamibacterales","Vicinamibacteraceae","Vicinamibacter","Vicinamibacter_silvestris_strain_Ac_5_C6"
"4654a135cdb51e376f8b956a5c935277","Unassigned","Unassigned","Unassigned","Unassigned","Unassigned","Unassigned","Unassigned"
"8b06e1f457c3ba9b9e8cef83340cd2bd","Unassigned","Unassigned","Unassigned","Unassigned","Unassigned","Unassigned","Unassigned"
"c7057a7937dc174fc416afd08bdcd4d1","Bacteria","Pseudomonadota","Betaproteobacteria","Rhodocyclales","Zoogloeaceae","Azoarcus","Azoarcus_olearius_strain_DQS-4"
"ceba378433d04e9d32f185f4551d5607","Bacteria","Pseudomonadota","Alphaproteobacteria","Hyphomicrobiales","Hyphomicrobiaceae","Hyphomicrobium","Hyphomicrobium_aestuarii_strain_ATCC_27483"
"b66541bff747cb0b38862d1060674b6e","Unassigned","Unassigned","Unassigned","Unassigned","Unassigned","Unassigned","Unassigned"
"342c208b41fb3d2fa661c3e05ed54b8b","Unassigned","Unassigned","Unassigned","Unassigned","Unassigned","Unassigned","Unassigned"
"be753abd14c3ea44340ba0939118e296","Unassigned","Unassigned","Unassigned","Unassigned","Unassigned","Unassigned","Unassigned"
"e2582f6db78e902f9a5ced5af573f3b7","Bacteria","Pseudomonadota","Alphaproteobacteria","Rhodospirillales","Rhodovibrionaceae","Shumkonia","Shumkonia_mesophila_strain_Y-P2"
"a285897b1adae632a255cc36dfbfa93a","Unassigned","Unassigned","Unassigned","Unassigned","Unassigned","Unassigned","Unassigned"
"84a33dfe01efb4fc4333543d75d17df8","Bacteria","Pseudomonadota","Betaproteobacteria","Nitrosomonadales","Gallionellaceae","Nitrotoga","Candidatus_Nitrotoga_arctica"
"a675cd7f7142137c834734ab3ea55ea8","Bacteria","Pseudomonadota","Alphaproteobacteria","Rhodospirillales","Azospirillaceae","Nitrospirillum","Nitrospirillum_amazonense_strain_DSM_2787"
"a803a2d1a407d297e333c65d67ef7d81","Unassigned","Unassigned","Unassigned","Unassigned","Unassigned","Unassigned","Unassigned"
"6455c989043f1c4cfa21428f71328b8d","Unassigned","Unassigned","Unassigned","Unassigned","Unassigned","Unassigned","Unassigned"
"e346281dd0d7390f72a2ed88cb68b9a6","Unassigned","Unassigned","Unassigned","Unassigned","Unassigned","Unassigned","Unassigned"
"70ebf90569446b1fd1ad4d47e81f75f6","Bacteria","Pseudomonadota","Betaproteobacteria","Burkholderiales","Sphaerotilaceae","Sphaerotilus","Sphaerotilus_montanus_strain_HS"
"bde3c00057a90451978f0721e991716f","Unassigned","Unassigned","Unassigned","Unassigned","Unassigned","Unassigned","Unassigned"
"cca1d05279da226edfbf98b8cd46a380","Unassigned","Unassigned","Unassigned","Unassigned","Unassigned","Unassigned","Unassigned"
"ff8468fb07f341900d4a212afec65368","Bacteria","Pseudomonadota","Betaproteobacteria","Rhodocyclales","","Candidatus_Accumulibacter","Candidatus_Accumulibacter_propinquus"
"bd4553a821c4409ce6e90afb3e4b600e","Bacteria","Verrucomicrobiota","Verrucomicrobiia","Verrucomicrobiales","Verrucomicrobiaceae","Prosthecobacter","Prosthecobacter_fluviatilis_strain_HAQ-1"
"050bdd9065ac78d287a21c830b3e24ce","Unassigned","Unassigned","Unassigned","Unassigned","Unassigned","Unassigned","Unassigned"
"15f1b58384a882595ad14517bec735c5","Unassigned","Unassigned","Unassigned","Unassigned","Unassigned","Unassigned","Unassigned"
"ef0441764476820ab527f783ff554d39","Bacteria","Planctomycetota","Planctomycetia","Gemmatales","Gemmataceae","Urbifossiella","Urbifossiella_limnaea_strain_ETA_A1"
"fa16cab3078654ff298ffb8e1d1fe871","Bacteria","Pseudomonadota","Betaproteobacteria","Nitrosomonadales","Burkholderiaceae","Robbsia","Robbsia_betulipollinis"
"991dfee6bbcad9d64ceb27c0cd72788d","Unassigned","Unassigned","Unassigned","Unassigned","Unassigned","Unassigned","Unassigned"
"2b4f8421fe8b33dec44de929a1be9108","Bacteria","Pseudomonadota","Alphaproteobacteria","Hyphomicrobiales","Rhizobiaceae","Pararhizobium","Pararhizobium_qamdonense"
"aba440789aa80c71ab665c56a4cb7d2d","Bacteria","Acidobacteriota","Vicinamibacteria","Vicinamibacterales","Vicinamibacteraceae","Vicinamibacter","Vicinamibacter_silvestris_strain_Ac_5_C6"
"b05254d805f7243d9a02f80d590604f2","Bacteria","Acidobacteriota","Vicinamibacteria","Vicinamibacterales","Vicinamibacteraceae","Luteitalea","Luteitalea_pratensis_strain_HEG_-6_39"
"72126a00764940827a9ddb28c5c02570","Bacteria","Bacteroidota","Chitinophagia","Chitinophagales","Chitinophagaceae","Terrimonas","Terrimonas_arctica_strain_R9-86"
"5b7c80d75f2adb36df49ad595497a798","Bacteria","Pseudomonadota","Gammaproteobacteria","Methylococcales","Methylococcaceae","Methyloparacoccus","Methyloparacoccus_murrellii_strain_R-49797"
"1c02682133e8b8c3bbdf5c5b777b49c8","Unassigned","Unassigned","Unassigned","Unassigned","Unassigned","Unassigned","Unassigned"
"b982f9611b3e0fa7d05464f0a5290718","Unassigned","Unassigned","Unassigned","Unassigned","Unassigned","Unassigned","Unassigned"
"4afa152b9257bb94e60f40e742f5b01c","Bacteria","Planctomycetota","Phycisphaerae","Tepidisphaerales","Tepidisphaeraceae","Tepidisphaera","Tepidisphaera_mucosa_strain_2842"
"108957ff6d33560d5b2078ac2fbcd345","Bacteria","Verrucomicrobiota","Opitutia","Opitutales","Opitutaceae","Horticoccus","Horticoccus_luteus_strain_KSB-15"
"678dde4e003bb9c206e6a60daedfaabc","Unassigned","Unassigned","Unassigned","Unassigned","Unassigned","Unassigned","Unassigned"
"695420cd7fc5638dd27b2cc80a989e9b","Unassigned","Unassigned","Unassigned","Unassigned","Unassigned","Unassigned","Unassigned"
"46deac84d55029eff42f15abc41cece2","Unassigned","Unassigned","Unassigned","Unassigned","Unassigned","Unassigned","Unassigned"
"4496e98f20eb9bb52591b3a817f76d96","Bacteria","Pseudomonadota","Gammaproteobacteria","Legionellales","Legionellaceae","Legionella","Legionella_norrlandica_strain_LEGN"
"0900ce3a0b07c642bae4f6db1d86fe49","Bacteria","Pseudomonadota","Alphaproteobacteria","Hyphomicrobiales","Blastochloridaceae","Blastochloris","Blastochloris_viridis_strain_DSM_133"
"50625e1c06a01e5b5df487dd3d61e5bd","Bacteria","Pseudomonadota","Alphaproteobacteria","Rickettsiales","Candidatus_Midichloriaceae","Candidatus_Bandiella","Candidatus_Bandiella_numerosa"
"b0a28e6b3c2bb69d9d69b860784e7d2c","Bacteria","Bacteroidota","Flavobacteriia","Flavobacteriales","Flavobacteriaceae","Flavobacterium","Flavobacterium_knui_strain_2-56"
"cc77eb41b0f29e61b700ef9ffaee46c6","Unassigned","Unassigned","Unassigned","Unassigned","Unassigned","Unassigned","Unassigned"
"49bcf57af74d39e0fe122bbbc2debb02","Unassigned","Unassigned","Unassigned","Unassigned","Unassigned","Unassigned","Unassigned"
"a518e9ad07648284483ef0be354e87c9","Bacteria","Pseudomonadota","Alphaproteobacteria","Hyphomicrobiales","Rhizobiaceae","Mycoplana","Mycoplana_azooxidifex_strain_Po_20/26"
"ac7fbc277c494b3d1ac7667004c31d27","Unassigned","Unassigned","Unassigned","Unassigned","Unassigned","Unassigned","Unassigned"
"12e4da30eb58f2d8790094c86c856da7","Unassigned","Unassigned","Unassigned","Unassigned","Unassigned","Unassigned","Unassigned"
"ec77ac500c989d8c02a8d2b91f775447","Bacteria","Chlamydiota","Chlamydiia","Parachlamydiales","Parachlamydiaceae","Protochlamydia","Candidatus_Protochlamydia_phocaeensis"
"2be037b44c285100da29c237534387de","Bacteria","Pseudomonadota","Alphaproteobacteria","Hyphomicrobiales","Hyphomicrobiaceae","Methylothermalis","Methylothermalis_aethiopiae_strain_LS7-MT"
"365c0c786635300c2a3a5e65bfed1cd2","Bacteria","Chlamydiota","Chlamydiia","Parachlamydiales","Parachlamydiaceae","Protochlamydia","Candidatus_Protochlamydia_phocaeensis"
"0d259c6a1a2daec5cb539bb80ee5455a","Unassigned","Unassigned","Unassigned","Unassigned","Unassigned","Unassigned","Unassigned"
"26e3d7715c788392a72e37edbc33c7a9","Bacteria","Pseudomonadota","Alphaproteobacteria","Hyphomicrobiales","Hyphomicrobiaceae","Hyphomicrobium","Hyphomicrobium_zavarzinii_strain_ZV-622"
"6b00b1c0fe72300a141a465f95c60f54","Bacteria","Armatimonadota","Fimbriimonadia","Fimbriimonadales","Fimbriimonadaceae","Fimbriimonas","Fimbriimonas_ginsengisoli_strain_GSoil_348"
"4c80e882bc2251281efa1327e7857188","Bacteria","Pseudomonadota","Alphaproteobacteria","Rhodospirillales","Rhodospirillaceae","Lacibacterium","Lacibacterium_aquatile_strain_LTC-2"
"8696ff0dbb1703124c5c462c8e41f529","Bacteria","Planctomycetota","Planctomycetia","Planctomycetales","Planctomycetaceae","Symmachiella","Symmachiella_macrocystis_strain_CA54"
"484316e706eba83263b72ab37853c250","Bacteria","Planctomycetota","Planctomycetia","Planctomycetales","Planctomycetaceae","Planctopirus","Planctopirus_ephydatiae_strain_spb1"
"9e34affd579fd3cd1b1463eafbfee014","Bacteria","Actinomycetota","Thermoleophilia","Gaiellales","Gaiellaceae","Gaiella","Gaiella_occulta_strain_F2-233"
"b8ed046b51efec3c3219c33c9fb96a17","Unassigned","Unassigned","Unassigned","Unassigned","Unassigned","Unassigned","Unassigned"
"82d02910f07631acc68742284fe38b9f","Bacteria","Pseudomonadota","Betaproteobacteria","Nitrosomonadales","Methylophilaceae","Methylopumilus","Candidatus_Methylopumilus_turicensis"
"148abb888b6be0e3746913d644dbeab6","Bacteria","Planctomycetota","Planctomycetia","Planctomycetales","Planctomycetaceae","Symmachiella","Gimesia_aquarii_strain_V144"
"0b63704b525e43e8262596d9f0386026","Bacteria","Pseudomonadota","Betaproteobacteria","Rhodocyclales","Rhodocyclaceae","Oryzomicrobium","Oryzomicrobium_terrae_strain_TPP412"
"471a3276f51a5af2e3b0f69e73808796","Unassigned","Unassigned","Unassigned","Unassigned","Unassigned","Unassigned","Unassigned"
"7f38040d3a70a87d1ea35911aac681ac","Unassigned","Unassigned","Unassigned","Unassigned","Unassigned","Unassigned","Unassigned"
"9710f88fb1850a13654d052307f68250","Bacteria","Planctomycetota","Planctomycetia","Planctomycetales","Planctomycetaceae","Symmachiella","Symmachiella_macrocystis_strain_CA54"
"b4982053a76f638f15362b6940110b22","Unassigned","Unassigned","Unassigned","Unassigned","Unassigned","Unassigned","Unassigned"
"b7ad25e585d66d172aafb8f2b0e3e9aa","Unassigned","Unassigned","Unassigned","Unassigned","Unassigned","Unassigned","Unassigned"
"2f368b2548995b2d435b3f4c0615d8a6","Unassigned","Unassigned","Unassigned","Unassigned","Unassigned","Unassigned","Unassigned"
"bbee754f4943b9d544e00216c06d1e12","Unassigned","Unassigned","Unassigned","Unassigned","Unassigned","Unassigned","Unassigned"
"c738382f0e74c850e426f03fa7326a84","Bacteria","Verrucomicrobiota","Opitutia","Opitutales","Opitutaceae","Horticoccus","Horticoccus_luteus_strain_KSB-15"
"1fb82c28279011fa7809c1d44f02e78c","Bacteria","Planctomycetota","Planctomycetia","Gemmatales","Gemmataceae","Zavarzinella","Zavarzinella_formosa_strain_A10"
"c6d144acb5ecab86a7f705f728f7daed","Bacteria","Verrucomicrobiota","Spartobacteria","Chthoniobacterales","Chthoniobacteraceae","Chthoniobacter","Chthoniobacter_flavus_Ellin428"
"6b2ace9daa0ae8eeba054aac368a8a0a","Unassigned","Unassigned","Unassigned","Unassigned","Unassigned","Unassigned","Unassigned"
"fefdeba732edf2c2b610a9b81162e7ba","Bacteria","Pseudomonadota","Betaproteobacteria","Burkholderiales","","Rhizobacter","Rhizobacter_profundi_strain_DS48-6-5"
"b0ee02470bc9ea414c5af89c3fb4bbf5","Bacteria","Planctomycetota","Planctomycetia","Gemmatales","Gemmataceae","Fimbriiglobus","Fimbriiglobus_ruber_strain_SP5"
"5ead92830e992f61f5ae07b7db2d31a7","Bacteria","Pseudomonadota","Alphaproteobacteria","Hyphomicrobiales","Devosiaceae","Devosia","Devosia_insulae_DS-56"
"4cee01a241c595b64a24eb850be1d30f","Bacteria","Planctomycetota","Planctomycetia","Pirellulales","Thermoguttaceae","Thermostilla","Thermostilla_marina_strain_SVX8"
"c96be1351e55efef3ef5ec729706cef8","Unassigned","Unassigned","Unassigned","Unassigned","Unassigned","Unassigned","Unassigned"
"d8a5e8daae02b184d1bfd060177e821e","Bacteria","Pseudomonadota","Alphaproteobacteria","Rhodospirillales","Acetobacteraceae","Falsiroseomonas","Falsiroseomonas_riguiloci_strain_03SU10-P"
"4707e5249e7803617064d49b8da6d94c","Bacteria","Planctomycetota","Planctomycetia","Gemmatales","Gemmataceae","Zavarzinella","Zavarzinella_formosa_strain_A10"
"e36b404cb49a8251d5e4e544dc836e69","Bacteria","Pseudomonadota","Gammaproteobacteria","Chromatiales","Thioprofundaceae","Thioprofundum","Thioprofundum_lithotrophicum_strain_106"
"2b6ecf6fd3a0d96ac43d310a97ef6982","Bacteria","Actinomycetota","Actinomycetes","Mycobacteriales","Mycobacteriaceae","Mycolicibacterium","Mycobacterium_kyogaense_strain_NCTC_11659"
"68d342344a4911408b6de4c98c68cbe0","Bacteria","Acidobacteriota","Terriglobia","Bryobacterales","Bryobacteraceae","Paludibaculum","Paludibaculum_fermentans_strain_P105"
"bfcd1ccff1c126911ba9a88a473cfe84","Bacteria","Pseudomonadota","Betaproteobacteria","Burkholderiales","Sphaerotilaceae","Caldimonas","Aquincola_tertiaricarbonis_strain_L10"
"e6e9914741dc33adcfeabbdf0c4c4e63","Bacteria","Pseudomonadota","Betaproteobacteria","Nitrosomonadales","Methylophilaceae","Methylotenera","Methylotenera_mobilis_JLW8"
"0aed21d774f73c9dcd36f888fe65b6d3","Unassigned","Unassigned","Unassigned","Unassigned","Unassigned","Unassigned","Unassigned"
"cafc569da444af12481f88e1c9c83b49","Unassigned","Unassigned","Unassigned","Unassigned","Unassigned","Unassigned","Unassigned"
"e7325019618a4acd278830b6be7964b1","Unassigned","Unassigned","Unassigned","Unassigned","Unassigned","Unassigned","Unassigned"
"5ed18dc944ec34f6747f6cae7dfd2911","Unassigned","Unassigned","Unassigned","Unassigned","Unassigned","Unassigned","Unassigned"
"536086a9c58f495d928687e31442db2b","Unassigned","Unassigned","Unassigned","Unassigned","Unassigned","Unassigned","Unassigned"
"d41a7e9d9921fa65ae9868802b7fb573","Bacteria","Pseudomonadota","Betaproteobacteria","Nitrosomonadales","Sterolibacteriaceae","Robbsia","Robbsia_betulipollinis"
"dbbf463f5ce1d46dc3e5c43db9a3db8c","Bacteria","Planctomycetota","Planctomycetia","Gemmatales","Gemmataceae","Urbifossiella","Urbifossiella_limnaea_strain_ETA_A1"
"497eb82b98130afdbc74c060a51fbe4f","Unassigned","Unassigned","Unassigned","Unassigned","Unassigned","Unassigned","Unassigned"
"28d54f2b83e2512eb7720b99f4a5fbb6","Bacteria","Pseudomonadota","Betaproteobacteria","Burkholderiales","","Aquabacterium","Aquabacterium_commune_strain_B8"
"6db09b21dc4febcb82cf32d67966d886","Bacteria","Planctomycetota","Planctomycetia","Planctomycetales","Planctomycetaceae","Fuerstiella","Fuerstiella_marisgermanici_strain_NH11"
"acc796ebea3632d756c2bc1a57f25f8b","Bacteria","Bacteroidota","Chitinophagia","Chitinophagales","Chitinophagaceae","Flavisolibacter","Flavisolibacter_carri_strain_TX0651"
"0f7d6624f713d2a7c0cbfdb4fde7989c","Bacteria","Pseudomonadota","Alphaproteobacteria","Hyphomicrobiales","Hyphomicrobiaceae","Hyphomicrobium","Hyphomicrobium_methylovorum_strain_NBRC_14180"
"519367e0d102731967ee018d0af981e6","Bacteria","Pseudomonadota","Alphaproteobacteria","Hyphomicrobiales","Micropepsaceae","Rhizomicrobium","Rhizomicrobium_electricum_strain_Mfc52"
"5c755e98235686c61b0ccac166996f21","Bacteria","Acidobacteriota","Vicinamibacteria","Vicinamibacterales","Vicinamibacteraceae","Vicinamibacter","Vicinamibacter_silvestris_strain_Ac_5_C6"
"afef6bfb53485e8959f4c95758946982","Bacteria","Bacteroidota","Flavobacteriia","Flavobacteriales","Flavobacteriaceae","Flavobacterium","Flavobacterium_laiguense_strain_LB2P30"
"a5fd91c0683b7b270c2400100f76cf1d","Bacteria","Pseudomonadota","Betaproteobacteria","Nitrosomonadales","Methylophilaceae","Methylovorus","Methylovorus_glucosotrophus_strain_6B1"
"49bc0923dc01ef22e383ba35c1ed3c7e","Unassigned","Unassigned","Unassigned","Unassigned","Unassigned","Unassigned","Unassigned"
"710f6bf3398cfb7d61976638c0e465d1","Bacteria","Pseudomonadota","Gammaproteobacteria","Pseudomonadales","Pseudomonadaceae","Pseudomonas","Pseudomonas_zeae"
"5f909f8250f8a6a0270d113a0cf9f41b","Unassigned","Unassigned","Unassigned","Unassigned","Unassigned","Unassigned","Unassigned"
"a4e062e002f6850bb7a3461fc1b70bc0","Unassigned","Unassigned","Unassigned","Unassigned","Unassigned","Unassigned","Unassigned"
"c0cae71d2689b21bd1738eb38e450253","Bacteria","Pseudomonadota","Alphaproteobacteria","Hyphomonadales","Hyphomonadaceae","Vitreimonas","Vitreimonas_flagellata_strain_SYSU_XM001"
"0f083c3c38cd54031c441f4ea813651c","Bacteria","Pseudomonadota","Gammaproteobacteria","Chromatiales","Ectothiorhodospiraceae","Thioalbus","Thioalbus_denitrificans_strain_Su4"
"ec41ceefaee33459a50d379f82720dfc","Unassigned","Unassigned","Unassigned","Unassigned","Unassigned","Unassigned","Unassigned"
"6b706b6cb06d434fafbaebf02dabfb58","Bacteria","Pseudomonadota","Betaproteobacteria","Burkholderiales","Sphaerotilaceae","Leptothrix","Leptothrix_discophora_strain_SS-1"
"6aa1caa6f53522d0f9181cf42d665a52","Bacteria","Bacteroidota","Cytophagia","Cytophagales","Chryseotaleaceae","Chryseotalea","Chryseotalea_sanaruensis_strain_Ys"
"ca1541221541c97b1a4156811919e6f6","Bacteria","Pseudomonadota","Alphaproteobacteria","Rhodospirillales","Acetobacteraceae","Acidocella","Acidocella_aminolytica_strain_101"
"fe249375ea75e6e2b7758deaca85030e","Unassigned","Unassigned","Unassigned","Unassigned","Unassigned","Unassigned","Unassigned"
"9a9a562657b71e7dabd345584eea0a87","Unassigned","Unassigned","Unassigned","Unassigned","Unassigned","Unassigned","Unassigned"
"bd301f1e78a9501de5244efcdb479653","Unassigned","Unassigned","Unassigned","Unassigned","Unassigned","Unassigned","Unassigned"
"2995af9be863e7b36e77ced8ebb97ede","Unassigned","Unassigned","Unassigned","Unassigned","Unassigned","Unassigned","Unassigned"
"7f25a64c5cd8f594c3ba40d802be0388","Unassigned","Unassigned","Unassigned","Unassigned","Unassigned","Unassigned","Unassigned"
"0e5a9028f465c7ff2c11c3aeda166bcf","Bacteria","Pseudomonadota","Alphaproteobacteria","Micropepsales","Micropepsaceae","Rhizomicrobium","Rhizomicrobium_electricum_strain_Mfc52"
"43508205381a35a559436b17bd97d260","Bacteria","Verrucomicrobiota","Opitutia","Opitutales","Opitutaceae","Horticoccus","Horticoccus_luteus_strain_KSB-15"
"4045e6643ca66defe4002f5bcad769c2","Unassigned","Unassigned","Unassigned","Unassigned","Unassigned","Unassigned","Unassigned"
"de6c1f1263aabd7972d0e43b966e950a","Bacteria","Pseudomonadota","Betaproteobacteria","Nitrosomonadales","Usitatibacteraceae","Usitatibacter","Usitatibacter_palustris_strain_Swamp67"
"874375da4f0c302902781d26f2c36124","Unassigned","Unassigned","Unassigned","Unassigned","Unassigned","Unassigned","Unassigned"
"d2a603891613cdee177766928a932830","Unassigned","Unassigned","Unassigned","Unassigned","Unassigned","Unassigned","Unassigned"
"65339ae21bd99fe6709ebb969a39c695","Bacteria","Bacteroidota","Chitinophagia","Chitinophagales","Chitinophagaceae","Terrimonas","Terrimonas_suqianensis_strain_personal::C3-5"
"b2db3b0d501b9c1d4d7bddc64fcb107a","Unassigned","Unassigned","Unassigned","Unassigned","Unassigned","Unassigned","Unassigned"
"ea340187a633c45d47563cdc76d9c52d","Bacteria","Planctomycetota","Planctomycetia","Planctomycetales","Planctomycetaceae","Symmachiella","Symmachiella_macrocystis_strain_CA54"
"ece16893763cadbb01d7780a3fe74876","Bacteria","Pseudomonadota","Betaproteobacteria","Nitrosomonadales","Sterolibacteriaceae","Georgfuchsia","Georgfuchsia_toluolica_strain_G5G6"
"e51082f0c992096409f09f1fe4360298","Unassigned","Unassigned","Unassigned","Unassigned","Unassigned","Unassigned","Unassigned"
"6d869dff803de7202bff53fdc0186b87","Unassigned","Unassigned","Unassigned","Unassigned","Unassigned","Unassigned","Unassigned"
"bd01f583cc6de62a59b58a0787448d1d","Bacteria","Planctomycetota","Planctomycetia","Planctomycetales","Planctomycetaceae","Symmachiella","Symmachiella_macrocystis_strain_CA54"
"f3a5f2674be0c24a924c52f8134ecfbf","Bacteria","Pseudomonadota","Alphaproteobacteria","Hyphomicrobiales","Hyphomicrobiaceae","Hyphomicrobium","Hyphomicrobium_aestuarii_strain_ATCC_27483"
"bdf7bf1ac231a0da85b876dc79e836b1","Unassigned","Unassigned","Unassigned","Unassigned","Unassigned","Unassigned","Unassigned"
"3ccd6139aa612ae8572194acb56f04f8","Unassigned","Unassigned","Unassigned","Unassigned","Unassigned","Unassigned","Unassigned"
"53c552779bb109b97d18bdf9a591cac4","Bacteria","Pseudomonadota","Betaproteobacteria","Nitrosomonadales","Nitrosomonadaceae","Methyloversatilis","Nitrosovibrio_tenuis"
"d9f4297750cd1779a6c73e82eb1fc6fb","Bacteria","Bacteroidota","Cytophagia","Cytophagales","Fulvivirgaceae","Chryseolinea","Chryseolinea_lacunae"
"0b901f426dc1cd2a675c1829c4d576da","Unassigned","Unassigned","Unassigned","Unassigned","Unassigned","Unassigned","Unassigned"
"1338e67532af68d75f110d39cb029b69","Unassigned","Unassigned","Unassigned","Unassigned","Unassigned","Unassigned","Unassigned"
"50c0be681dc8b05400f2982fc183ad8f","Bacteria","Pseudomonadota","Betaproteobacteria","Nitrosomonadales","Nitrosomonadaceae","Nitrosospira","Nitrosospira_lacus_strain_APG3"
"e19603711827961ea3a3eb43dbe1c3f6","Unassigned","Unassigned","Unassigned","Unassigned","Unassigned","Unassigned","Unassigned"
"e412b10fd9f9f44780d9d8e530320051","Bacteria","Verrucomicrobiota","Spartobacteria","Chthoniobacterales","Chthoniobacteraceae","Chthoniobacter","Chthoniobacter_flavus_Ellin428"
"f16008ad5c0e91d0f42059f4023a358d","Unassigned","Unassigned","Unassigned","Unassigned","Unassigned","Unassigned","Unassigned"
"ce9afbf7b057491dedf3d4192405c65a","Unassigned","Unassigned","Unassigned","Unassigned","Unassigned","Unassigned","Unassigned"
"87ecda4aa7c1a4a698b2addc9c188637","Bacteria","Pseudomonadota","Gammaproteobacteria","Chromatiales","Wenzhouxiangellaceae","Elongatibacter","Elongatibacter_sediminis"
"b8483b59585c3d24b533c041cf05df4a","Unassigned","Unassigned","Unassigned","Unassigned","Unassigned","Unassigned","Unassigned"
"0548f877c97fb3b4eb27062d9ef288d3","Unassigned","Unassigned","Unassigned","Unassigned","Unassigned","Unassigned","Unassigned"
"a9a72b173d555fe2c5835c1d76ad5168","Bacteria","Pseudomonadota","Alphaproteobacteria","Sphingomonadales","Sphingomonadaceae","Sphingobium","Sphingobium_yanoikuyae_strain_GIFU_9882"
"fb23b48d7d3861fbb4883a4ee979a278","Bacteria","Planctomycetota","Planctomycetia","Gemmatales","Gemmataceae","Gemmata","Gemmata_massiliana_strain_IIL30"
"339dd0e644e3bef2b36223090cd85596","Bacteria","Pseudomonadota","Betaproteobacteria","Rhodocyclales","Rhodocyclaceae","Oryzomicrobium","Oryzomicrobium_terrae_strain_TPP412"
"70ccf9293bf9d93c54fee059e1cf72bf","Bacteria","Acidobacteriota","Vicinamibacteria","Vicinamibacterales","Vicinamibacteraceae","Vicinamibacter","Vicinamibacter_silvestris_strain_Ac_5_C6"
"5801b6f8f82106bf9d997b7f5781e351","Bacteria","Pseudomonadota","Betaproteobacteria","Rhodocyclales","Azonexaceae","Azonexus","Azonexus_fungiphilus_strain_BS5-8"
"6f308cdf78600511cb3c0563e2ec1366","Bacteria","Bdellovibrionota","Bdellovibrionia","Bdellovibrionales","Pseudobdellovibrionaceae","Bdellovibrio","Bdellovibrio_svalbardensis"
"8c291056cabfabd0132a748bc0bd8044","Unassigned","Unassigned","Unassigned","Unassigned","Unassigned","Unassigned","Unassigned"
"144cc1396d83ff0374e29a725332c74a","Bacteria","Pseudomonadota","Betaproteobacteria","Burkholderiales","Comamonadaceae","Rhodoferax","Rhodoferax_bucti"
"ccfa4a2b0b2eae4c40e73667273d9df8","Bacteria","Pseudomonadota","Betaproteobacteria","Rhodocyclales","Rhodocyclaceae","Rhodocyclus","Rhodocyclus_tenuis_strain_2761"
"2cb9df19b1e12ee0b585ecbe1aaca8aa","Unassigned","Unassigned","Unassigned","Unassigned","Unassigned","Unassigned","Unassigned"
"f9290e64a682ef208044c2c6d22d5f49","Bacteria","Pseudomonadota","Alphaproteobacteria","Holosporales","Candidatus_Paracaedibacteraceae","Paracaedibacter","Candidatus_Paracaedibacter_symbiosus"
"2f82de0a925260457f68344a7d45f5f1","Bacteria","Pseudomonadota","Alphaproteobacteria","Sphingomonadales","Erythrobacteraceae","Paraurantiacibacter","Paraurantiacibacter_namhicola_strain_KYW48"
"e57783fcf84c52c90737c7da66d812f9","Bacteria","Nitrospirota","Nitrospiria","Nitrospirales","Nitrospiraceae","Nitrospira","Nitrospira_japonica_strain_J1"
"c547c1ecfb4c3e8ec4d45decea94c35a","Bacteria","Verrucomicrobiota","Spartobacteria","Chthoniobacterales","Chthoniobacteraceae","Chthoniobacter","Chthoniobacter_flavus_Ellin428"
"b8ed4b08c2e7cb9f1a0699b90bb619eb","Unassigned","Unassigned","Unassigned","Unassigned","Unassigned","Unassigned","Unassigned"
"985a3d733732399f07f4a91d04242375","Bacteria","Pseudomonadota","Alphaproteobacteria","Rhodospirillales","Rhodospirillaceae","Lacibacterium","Lacibacterium_aquatile_strain_LTC-2"
"9783ef5764fc8de8efe1aee951e275e9","Bacteria","Verrucomicrobiota","Opitutia","Opitutales","Opitutaceae","Opitutus","Opitutus_terrae_PB90-1"
"55724ee910ab1b3736aeced4f758ac7a","Unassigned","Unassigned","Unassigned","Unassigned","Unassigned","Unassigned","Unassigned"
"27285c9782c6c3789d99f6c3f52f0e4a","Bacteria","Pseudomonadota","Alphaproteobacteria","Holosporales","Candidatus_Paracaedibacteraceae","Candidatus_Bodocaedibacter","Candidatus_Bodocaedibacter_vickermanii"
"93332adfb71577167ada78a396274d8d","Bacteria","Planctomycetota","Planctomycetia","Gemmatales","Gemmataceae","Limnoglobus","Limnoglobus_roseus_strain_PX52"
"cf4578f447fd8bea470d8b7342c0fd29","Unassigned","Unassigned","Unassigned","Unassigned","Unassigned","Unassigned","Unassigned"
"5ab3d787ee9c094e352bc6ac6e611640","Unassigned","Unassigned","Unassigned","Unassigned","Unassigned","Unassigned","Unassigned"
"c377db3c5afb30022b7e839f6d77b006","Bacteria","Pseudomonadota","Betaproteobacteria","Burkholderiales","Oxalobacteraceae","Collimonas","Collimonas_fungivorans_strain_Ter6"
"205172616d51512c50a5e7ca91c396d6","Unassigned","Unassigned","Unassigned","Unassigned","Unassigned","Unassigned","Unassigned"
"6c06a9fee8812abee0a8960f3f79b0a3","Unassigned","Unassigned","Unassigned","Unassigned","Unassigned","Unassigned","Unassigned"
"f3bee7720680f8e0ea63a3eee6b4a9a8","Unassigned","Unassigned","Unassigned","Unassigned","Unassigned","Unassigned","Unassigned"
"e7d26906fbb7c78516ba45e8420c8c1a","Unassigned","Unassigned","Unassigned","Unassigned","Unassigned","Unassigned","Unassigned"
"5377e5da40c3f7bdfe0c7e1ef501f6d1","Bacteria","Planctomycetota","Planctomycetia","Gemmatales","Gemmataceae","Zavarzinella","Zavarzinella_formosa_strain_A10"
"a9c0f0bfa4a963eac3d19da1e14633e8","Bacteria","Planctomycetota","Planctomycetia","Gemmatales","Gemmataceae","Zavarzinella","Zavarzinella_formosa_strain_A10"
"2a09d0b5a1fdd5a09d7ef866040a3ba0","Unassigned","Unassigned","Unassigned","Unassigned","Unassigned","Unassigned","Unassigned"
"fb647dbbceb8e49de72d868e175d0303","Bacteria","Acidobacteriota","Terriglobia","Bryobacterales","Bryobacteraceae","Paludibaculum","Paludibaculum_fermentans_strain_P105"
"2fdbab188197c39ab773677d1e96c8f6","Unassigned","Unassigned","Unassigned","Unassigned","Unassigned","Unassigned","Unassigned"
"97a9ea24b23f6e278e6fa914d70f2c40","Unassigned","Unassigned","Unassigned","Unassigned","Unassigned","Unassigned","Unassigned"
"2dc4f290d94872b37b5eff266ceb6ccc","Bacteria","Bacteroidota","Cytophagia","Cytophagales","Fulvivirgaceae","Chryseolinea","Chryseolinea_lacunae"
"4309c68ea8c87cc6aa6770700fd4bc66","Bacteria","Acidobacteriota","Terriglobia","Bryobacterales","Bryobacteraceae","Paludibaculum","Paludibaculum_fermentans_strain_P105"
"fdbc3c3b360fad98ebf3433c8a0e1689","Bacteria","Bacteroidota","Sphingobacteriia","Sphingobacteriales","Sphingobacteriaceae","Daejeonella","Daejeonella_rubra_strain_W1"
"4816904928040f5897713a9706151307","Unassigned","Unassigned","Unassigned","Unassigned","Unassigned","Unassigned","Unassigned"
"d9e508fe7f2c83bfb878202f5c1d39db","Bacteria","Planctomycetota","Planctomycetia","Pirellulales","Pirellulaceae","Pirellula","Pirellula_staleyi_DSM_6068"
"3b83c8401faf789da4eb0a16304060b0","Bacteria","Pseudomonadota","Alphaproteobacteria","Rhodobacterales","Paracoccaceae","Tabrizicola","Tabrizicola_piscis_strain_K13M18"
"766926be8505a40f51cfc11ae5771b5b","Bacteria","Pseudomonadota","Betaproteobacteria","Burkholderiales","Comamonadaceae","Rhodoferax","Rhodoferax_bucti"
"4203c1c06261eb663fa31d29e9b56b95","Bacteria","Pseudomonadota","Alphaproteobacteria","Hyphomicrobiales","Ancalomicrobiaceae","Prosthecodimorpha","Prosthecodimorpha_staleyi"
"becb75595ce8496641da40690688ca26","Bacteria","Planctomycetota","Phycisphaerae","Tepidisphaerales","Tepidisphaeraceae","Tepidisphaera","Tepidisphaera_mucosa_strain_2842"
"f9b4d4bd3b302236167251ecff0db669","Bacteria","Planctomycetota","Phycisphaerae","Tepidisphaerales","Tepidisphaeraceae","Tepidisphaera","Tepidisphaera_mucosa_strain_2842"
"b77c909b0c1e9d3e01e2c9bdfd20acaa","Unassigned","Unassigned","Unassigned","Unassigned","Unassigned","Unassigned","Unassigned"
"cd01a52cab058d1f4b1af7d87e3b9696","Bacteria","Chlamydiota","Chlamydiia","Parachlamydiales","Parachlamydiaceae","Neochlamydia","Neochlamydia_hartmannellae_strain_A1Hsp"
"7370f723bbb25085a3427df24bdda41f","Unassigned","Unassigned","Unassigned","Unassigned","Unassigned","Unassigned","Unassigned"
"0eb63d43f86ae1a4f7086bf4115f6e68","Bacteria","Planctomycetota","Planctomycetia","Planctomycetales","Planctomycetaceae","Symmachiella","Polystyrenella_longa_strain_Pla110"
"7e9fdaa865699bdefbf38f1f4b4cd0a8","Unassigned","Unassigned","Unassigned","Unassigned","Unassigned","Unassigned","Unassigned"
"5a4152680bd923c0104b11125e9d0095","Bacteria","Bacteroidota","Sphingobacteriia","Sphingobacteriales","Aurantibacillaceae","Aurantibacillus","Aurantibacillus_circumpalustris_strain_Swamp196"
"6dd77d9da738a4f207057ae272ad8977","Unassigned","Unassigned","Unassigned","Unassigned","Unassigned","Unassigned","Unassigned"
"6ec8818e866aca0e79c168d606a4b91a","Bacteria","Pseudomonadota","Alphaproteobacteria","Hyphomicrobiales","Hyphomicrobiaceae","Rhodoplanes","Variibacter_gotjawalensis_strain_GJW-30"
"19435445d937cc7f05c1ba5d16c73c5c","Unassigned","Unassigned","Unassigned","Unassigned","Unassigned","Unassigned","Unassigned"
"69c5694ad38784206909ebccd9cf6cb4","Unassigned","Unassigned","Unassigned","Unassigned","Unassigned","Unassigned","Unassigned"
"57aab50cbe45e4d45a24575ce8a38302","Unassigned","Unassigned","Unassigned","Unassigned","Unassigned","Unassigned","Unassigned"
"0718d954fce878b803fac08a18647200","Unassigned","Unassigned","Unassigned","Unassigned","Unassigned","Unassigned","Unassigned"
"3be363bcd72b03f7b8df709db90b3dd0","Bacteria","Pseudomonadota","Betaproteobacteria","Nitrosomonadales","Methylophilaceae","Methylotenera","Methylotenera_versatilis_strain_301"
"a57100da4c621c27557879f74b44f223","Bacteria","Bacteroidota","Cytophagia","Cytophagales","Fulvivirgaceae","Chryseolinea","Chryseolinea_lacunae"
"e8194608ad2e012e11f05e50d7cfd55d","Unassigned","Unassigned","Unassigned","Unassigned","Unassigned","Unassigned","Unassigned"
"cb14681bbaa436fa81364cc208343df6","Bacteria","Planctomycetota","Planctomycetia","Gemmatales","Gemmataceae","Zavarzinella","Zavarzinella_formosa_strain_A10"
"ca1a1d2a655f46d25c181655653b0df4","Bacteria","Planctomycetota","Planctomycetia","Pirellulales","Pirellulaceae","Pirellula","Pirellula_staleyi_DSM_6068"
"6c88baaac1e0417f29c7aff31ddaf402","Unassigned","Unassigned","Unassigned","Unassigned","Unassigned","Unassigned","Unassigned"
"1beaf54c7a8e5ab71859d065e7bccf44","Bacteria","Planctomycetota","Planctomycetia","Gemmatales","Gemmataceae","Fimbriiglobus","Fimbriiglobus_ruber_strain_SP5"
"c146557d07713f925872a99834769929","Bacteria","Pseudomonadota","Betaproteobacteria","Nitrosomonadales","Sterolibacteriaceae","Georgfuchsia","Georgfuchsia_toluolica_strain_G5G6"
"3a117fb7f6e245bdaded37681b6c6ae3","Bacteria","Planctomycetota","Planctomycetia","Planctomycetales","Planctomycetaceae","Fuerstiella","Fuerstiella_marisgermanici_strain_NH11"
"863da2a069846c6e87df864752c997b7","Unassigned","Unassigned","Unassigned","Unassigned","Unassigned","Unassigned","Unassigned"
"471a8e6ed7a251b41f04687fa3a504b5","Bacteria","Pseudomonadota","Alphaproteobacteria","Rhodospirillales","Novispirillaceae","Haematospirillum","Haematospirillum_jordaniae_strain_H5569"
"955410885b869ce53e89124cccd6411f","Unassigned","Unassigned","Unassigned","Unassigned","Unassigned","Unassigned","Unassigned"
"face7c01e242049546f632a0d66ee242","Bacteria","Pseudomonadota","Alphaproteobacteria","Rhodospirillales","Rhodospirillaceae","Lacibacterium","Lacibacterium_aquatile_strain_LTC-2"
"8f9465869f31e7363ba72f540a79e531","Unassigned","Unassigned","Unassigned","Unassigned","Unassigned","Unassigned","Unassigned"
"98ec41abddeae03d993b3e22a0a23146","Bacteria","Pseudomonadota","Alphaproteobacteria","Rhodospirillales","Acetobacteraceae","Rhodopila","Rhodopila_globiformis_strain_7950"
"f2d05fdbb2c498f4603626cbbae3faa4","Unassigned","Unassigned","Unassigned","Unassigned","Unassigned","Unassigned","Unassigned"
"d333f38fe8786a86818550fde577a48a","Bacteria","Pseudomonadota","Betaproteobacteria","Burkholderiales","","Rhizobacter","Rhizobacter_fulvus_strain_Gsoil_322"
"fcef5b187f0d405793882afbcbc3d3c0","Unassigned","Unassigned","Unassigned","Unassigned","Unassigned","Unassigned","Unassigned"
"73acca7b92e2c5bb6189b8155e7e5b15","Bacteria","Pseudomonadota","Gammaproteobacteria","Chromatiales","Chromatiaceae","Thiohalocapsa","Candidatus_Thiodiazotropha_endolucinida"
"831e8b1b8ce129003fe13e74897583a4","Bacteria","Bacteroidota","Flavobacteriia","Flavobacteriales","Flavobacteriaceae","Flavobacterium","Flavobacterium_chungnamense_strain_ARSA-103"
"d0033e90a973ff145371afb98d4d8a7a","Unassigned","Unassigned","Unassigned","Unassigned","Unassigned","Unassigned","Unassigned"
"0de63093b45f80e93e388404592aea46","Bacteria","Pseudomonadota","Betaproteobacteria","Burkholderiales","","Rhizobacter","Rhizobacter_fulvus_strain_Gsoil_322"
"de8f15c1fd1d19cbb9967d7616185f16","Bacteria","Pseudomonadota","Betaproteobacteria","Nitrosomonadales","Methylophilaceae","Methylotenera","Methylotenera_versatilis_strain_301"
"4bc91aa27a301e6447a74eac92b6ccc8","Bacteria","Bacteroidota","Chitinophagia","Chitinophagales","Chitinophagaceae","Ferruginibacter","Ferruginibacter_alkalilentus_strain_HU1-GD23"
"ab52565fa2552377de367315b4bb426a","Unassigned","Unassigned","Unassigned","Unassigned","Unassigned","Unassigned","Unassigned"
"1ba0dcc253b94ab9ad5a3bd548173c8f","Bacteria","Pseudomonadota","Alphaproteobacteria","Hyphomicrobiales","Xanthobacteraceae","Pseudolabrys","Pseudolabrys_taiwanensis_strain_CC-BB4"
"dee756212f90d2ea316e8fd607000feb","Bacteria","Acidobacteriota","Vicinamibacteria","Vicinamibacterales","Vicinamibacteraceae","Luteitalea","Luteitalea_pratensis_strain_HEG_-6_39"
"3cbae75aa2b23dfe1e0fdb28707dc868","Bacteria","Planctomycetota","Planctomycetia","Planctomycetales","Planctomycetaceae","Symmachiella","Symmachiella_macrocystis_strain_CA54"
"22c2747e788bd4a2162396108bc1ef21","Bacteria","Bdellovibrionota","Bacteriovoracia","Bacteriovoracales","Bacteriovoracaceae","Bacteriovorax","Bacteriovorax_stolpii_strain_Uki2"
"f9859265bcd6db219c56735c640e6036","Bacteria","Pseudomonadota","Alphaproteobacteria","Hyphomicrobiales","Xanthobacteraceae","Pseudolabrys","Pseudolabrys_taiwanensis_strain_CC-BB4"
"10870f28086f83d7627b6b8342bae2a9","Bacteria","Myxococcota","","Haliangiales","Kofleriaceae","Haliangium","Haliangium_tepidum_strain_SMP-10"
"7965bc34b9461713db1cfe14aac76b0b","Bacteria","Acidobacteriota","Terriglobia","Bryobacterales","Bryobacteraceae","Paludibaculum","Paludibaculum_fermentans_strain_P105"
"07f8047e208ad6df27ac504420a2d0fa","Bacteria","Acidobacteriota","Vicinamibacteria","Vicinamibacterales","Vicinamibacteraceae","Vicinamibacter","Vicinamibacter_silvestris_strain_Ac_5_C6"
"ca76646303c3a5137e65170438e028e5","Bacteria","Pseudomonadota","Betaproteobacteria","Rhodocyclales","Azonexaceae","Azonexus","Azonexus_fungiphilus_strain_BS5-8"
"a46a67d288fe0d62dcc751a501245d93","Bacteria","Planctomycetota","Planctomycetia","Gemmatales","Gemmataceae","Gemmata","Gemmata_massiliana_strain_IIL30"
"7d98634c4be1f26480b1083aee87f82e","Bacteria","Myxococcota","","Haliangiales","Kofleriaceae","Haliangium","Haliangium_tepidum_strain_SMP-10"
"b5510e786bd0b69c01447eecda0f6be4","Unassigned","Unassigned","Unassigned","Unassigned","Unassigned","Unassigned","Unassigned"
"d5b32fa0c4449a4fc6b81bbd18ae0ad2","Unassigned","Unassigned","Unassigned","Unassigned","Unassigned","Unassigned","Unassigned"
"3fd9b3ffeaeeee12c8d5fcd80ce37905","Unassigned","Unassigned","Unassigned","Unassigned","Unassigned","Unassigned","Unassigned"
"2c22cade938a6252cf72e1703090abae","Bacteria","Pseudomonadota","Betaproteobacteria","Burkholderiales","Nitrosomonadaceae","Nitrosospira","Nitrosospira_lacus_strain_APG3"
"2e3c4db3ca87c3c8818c90a7dd20cb11","Unassigned","Unassigned","Unassigned","Unassigned","Unassigned","Unassigned","Unassigned"
"895f03ad673ebeb0d42f580297bedfd3","Unassigned","Unassigned","Unassigned","Unassigned","Unassigned","Unassigned","Unassigned"
"f418ce75095f9654655ae0b9f37eef62","Bacteria","Bacteroidota","Cytophagia","Cytophagales","Fulvivirgaceae","Ohtaekwangia","Ohtaekwangia_koreensis_strain_3B-2"
"e763780bee540c84fb09326b54d93a2f","Bacteria","Actinomycetota","Actinomycetes","Micrococcales","Microbacteriaceae","Microbacterium","Diaminobutyricimonas_aerilata_strain_6408J-67"
"a563d36974d1d73e29b1c36b3686a761","Unassigned","Unassigned","Unassigned","Unassigned","Unassigned","Unassigned","Unassigned"
"62a13d9fbd655b8d1584c94e19a0ce3c","Bacteria","Pseudomonadota","Betaproteobacteria","Burkholderiales","Sphaerotilaceae","Rubrivivax","Rubrivivax_pictus_strain_W35"
"4417ba5ad52b29187bb2d8bf706da41f","Bacteria","Pseudomonadota","Alphaproteobacteria","Hyphomicrobiales","Rhizobiaceae","Agrobacterium","Mycoplana_azooxidifex_strain_Po_20/26"
"eaa78f684ce2f2db071221dc7cd3197c","Bacteria","Pseudomonadota","Betaproteobacteria","Nitrosomonadales","Usitatibacteraceae","Usitatibacter","Usitatibacter_palustris_strain_Swamp67"
"97656bdfa34d7675195f6ae17394597c","Bacteria","Pseudomonadota","Betaproteobacteria","Burkholderiales","Burkholderiaceae","Paraburkholderia","Paraburkholderia_sprentiae_strain_WSM5005"
"e388a2adb088eba17cf69e673a6ebb3b","Unassigned","Unassigned","Unassigned","Unassigned","Unassigned","Unassigned","Unassigned"
"86e55aa7c8edcd7b5564485492ac38c1","Unassigned","Unassigned","Unassigned","Unassigned","Unassigned","Unassigned","Unassigned"
"4b50832f9f96d642133f0b88a1db225e","Bacteria","Pseudomonadota","Alphaproteobacteria","Hyphomicrobiales","Nitrobacteraceae","Undibacter","Undibacter_mobilis_strain_GY_H"
"d4331fbffe8c2d6332490b9ea0650a1d","Bacteria","Acidobacteriota","Vicinamibacteria","Vicinamibacterales","Vicinamibacteraceae","Vicinamibacter","Vicinamibacter_silvestris_strain_Ac_5_C6"
"9fca83007c43054e072c4bd14cd4290f","Bacteria","Actinomycetota","Actinomycetes","Kitasatosporales","Streptomycetaceae","Streptacidiphilus","Streptacidiphilus_pinicola_strain_MMS16-CNU450"
"29da75e5d229913c8b264f3aaee2ee32","Bacteria","Pseudomonadota","Betaproteobacteria","Burkholderiales","Burkholderiaceae","Robbsia","Robbsia_betulipollinis"
"8f6b651cbec6700f4e4f0031b36ce82b","Unassigned","Unassigned","Unassigned","Unassigned","Unassigned","Unassigned","Unassigned"
"07eb8409658172d390674109e44e06b7","Unassigned","Unassigned","Unassigned","Unassigned","Unassigned","Unassigned","Unassigned"
"8e026994ef867407ce58ba73666d398f","Bacteria","Pseudomonadota","Alphaproteobacteria","Micropepsales","Micropepsaceae","Rhizomicrobium","Rhizomicrobium_palustre_strain_A48"
"b9beb4e008d5a24a3a5f0c9dafc3cd66","Unassigned","Unassigned","Unassigned","Unassigned","Unassigned","Unassigned","Unassigned"
"e0d5d80fadf36d8222723768433c2237","Bacteria","Planctomycetota","Planctomycetia","Pirellulales","Pirellulaceae","Anatilimnocola","Anatilimnocola_aggregata_strain_ETA_A8"
"4349152de5f1658447d023e41a7f4872","Bacteria","Acidobacteriota","Blastocatellia","Blastocatellales","Blastocatellaceae","Stenotrophobacter","Stenotrophobacter_terrae_strain_Ac_28_D10"
"d0c79d5f576003ab4a5879c2e35a68ad","Bacteria","Pseudomonadota","Betaproteobacteria","Nitrosomonadales","Methylophilaceae","Methylophilus","Methylophilus_methylotrophus_strain_NCIMB_10515"
"57e24f6e218cb0c6a758899adc1bdd44","Unassigned","Unassigned","Unassigned","Unassigned","Unassigned","Unassigned","Unassigned"
"79753d4b9586d24beb096defdbb365c1","Bacteria","Planctomycetota","Planctomycetia","Gemmatales","Gemmataceae","Fimbriiglobus","Fimbriiglobus_ruber_strain_SP5"
"ba266301fb18ebf6db12cdf127c5bb1e","Bacteria","Planctomycetota","Planctomycetia","Gemmatales","Gemmataceae","Urbifossiella","Urbifossiella_limnaea_strain_ETA_A1"
"165ce9d8909b5b99a67848af0b3a96ad","Bacteria","Candidatus_Saccharibacteria","","","","Candidatus_Mycosynbacter","Candidatus_Mycosynbacter_amalyticus"
"4d1465c3e692430add920e55ac40d987","Unassigned","Unassigned","Unassigned","Unassigned","Unassigned","Unassigned","Unassigned"
"29b3f6eac7ce5ed195a0f3207b9aeff1","Unassigned","Unassigned","Unassigned","Unassigned","Unassigned","Unassigned","Unassigned"
"cf654d26960a90c3571781f5f77d744b","Bacteria","Pseudomonadota","Betaproteobacteria","Burkholderiales","Oxalobacteraceae","Noviherbaspirillum","Noviherbaspirillum_denitrificans_strain_TSA40"
"bc3f9e147b1705cb52fddbb910facfd3","Bacteria","Pseudomonadota","Betaproteobacteria","Rhodocyclales","Rhodocyclaceae","Aromatoleum","Aromatoleum_toluclasticum_strain_MF63"
"b5174c1f3d79bdf607cf3d5f1e80ae59","Unassigned","Unassigned","Unassigned","Unassigned","Unassigned","Unassigned","Unassigned"
"e8732674fa16141681b75bde49e13dca","Unassigned","Unassigned","Unassigned","Unassigned","Unassigned","Unassigned","Unassigned"
"a58551fa52edeeae3b5fe7c52cfc944e","Unassigned","Unassigned","Unassigned","Unassigned","Unassigned","Unassigned","Unassigned"
"55c826a4cc72786172e17d18e2f693cd","Unassigned","Unassigned","Unassigned","Unassigned","Unassigned","Unassigned","Unassigned"
"84328a36059de69dc89ad0e22a1bf7b1","Unassigned","Unassigned","Unassigned","Unassigned","Unassigned","Unassigned","Unassigned"
"a05a14f135d916390d46f985153c1eae","Bacteria","Planctomycetota","Planctomycetia","Planctomycetales","Planctomycetaceae","Symmachiella","Gimesia_aquarii_strain_V144"
"cc04bbc319a0f7846c4c49ae792a201c","Unassigned","Unassigned","Unassigned","Unassigned","Unassigned","Unassigned","Unassigned"
"4be703e5d48f87a3825ecc5bbba39407","Bacteria","Pseudomonadota","Alphaproteobacteria","Rhodospirillales","Dongiaceae","Aliidongia","Aliidongia_dinghuensis_strain_7M-Z19"
"03f35aaff36b4b6507ee235762b5ac68","Bacteria","Thermodesulfobacteriota","Desulfuromonadia","Geobacterales","Geobacteraceae","Geobacter","Geobacter_sulfurreducens_subsp._ethanolicus_strain_OSK2A"
"6eaf995f1a05e58992ca536c9d9b24c2","Bacteria","Planctomycetota","Planctomycetia","Planctomycetales","Planctomycetaceae","Fuerstiella","Fuerstiella_marisgermanici_strain_NH11"
"7f492ffa0f64381ca1bb11da074c387f","Bacteria","Planctomycetota","Planctomycetia","Gemmatales","Gemmataceae","Urbifossiella","Urbifossiella_limnaea_strain_ETA_A1"
"dbda8a282031cd61efccbabcb1de8584","Unassigned","Unassigned","Unassigned","Unassigned","Unassigned","Unassigned","Unassigned"
"3ae4f889500267e93f7b4a9269aff7a2","Bacteria","Planctomycetota","Planctomycetia","Planctomycetales","Planctomycetaceae","Symmachiella","Symmachiella_macrocystis_strain_CA54"
"11c0c210af260ef9409d4bfb25ee426e","Bacteria","Planctomycetota","Planctomycetia","Planctomycetales","Planctomycetaceae","Planctopirus","Planctopirus_limnophila_strain_DSM_3776"
"95b86c7d1f9180452515ece2cf68d894","Bacteria","Pseudomonadota","Alphaproteobacteria","Hyphomicrobiales","Hyphomicrobiaceae","Methylothermalis","Methylothermalis_aethiopiae_strain_LS7-MT"
"80860ce37c01e946e2ac0cf309d4a967","Bacteria","Pseudomonadota","Alphaproteobacteria","Micropepsales","Micropepsaceae","Rhizomicrobium","Rhizomicrobium_electricum_strain_Mfc52"
"f437ddf7b2e61d6f2140c1b1be5edd23","Unassigned","Unassigned","Unassigned","Unassigned","Unassigned","Unassigned","Unassigned"
"dc442212c31d4f2c415c974091f74c4e","Bacteria","Pseudomonadota","Gammaproteobacteria","Chromatiales","Ectothiorhodospiraceae","Thioalkalivibrio","Candidatus_Endoriftia_persephone"
"febeac142e15184c89638c91a2ca2b10","Bacteria","Pseudomonadota","Alphaproteobacteria","Micropepsales","Micropepsaceae","Rhizomicrobium","Rhizomicrobium_electricum_strain_Mfc52"
"8b90564590f64ad816951fee7e607ac2","Bacteria","Acidobacteriota","Terriglobia","Bryobacterales","Bryobacteraceae","Paludibaculum","Paludibaculum_fermentans_strain_P105"
"32e17135317154c3c206bd35d01084c6","Bacteria","Pseudomonadota","Betaproteobacteria","Nitrosomonadales","Usitatibacteraceae","Usitatibacter","Usitatibacter_palustris_strain_Swamp67"
"32dbfcf5b055dc54992b92e9a8cd6e2d","Bacteria","Gemmatimonadota","Gemmatimonadia","Gemmatimonadales","Gemmatimonadaceae","Gemmatimonas","Gemmatimonas_phototrophica_strain_AP64"
"5df8ca4cd594f4a7490c938010484098","Bacteria","Pseudomonadota","Alphaproteobacteria","Rhodobacterales","Paracoccaceae","Defluviimonas","Defluviimonas_sediminis"
"d272bf1204c58cd64d2d31cbb2a73811","Bacteria","Verrucomicrobiota","Opitutia","Opitutales","Opitutaceae","Lacunisphaera","Lacunisphaera_limnophila_strain_IG16b"
"9897a413bdec77a6740ce84e9342da9f","Unassigned","Unassigned","Unassigned","Unassigned","Unassigned","Unassigned","Unassigned"
"75ba5f071df3d1816e6660f5672b742a","Bacteria","Pseudomonadota","Betaproteobacteria","Nitrosomonadales","Methylophilaceae","Methylophilus","Methylophilus_methylotrophus_strain_NCIMB_10515"
"89282867be747464b79534e0496aeb83","Bacteria","Cyanobacteriota","Cyanophyceae","Pseudanabaenales","Pseudanabaenaceae","Pseudanabaena","Pseudanabaena_galeata"
"cca84de9109dbb6aa0acd7fb484762dd","Bacteria","Pseudomonadota","Alphaproteobacteria","Hyphomicrobiales","Hyphomicrobiaceae","Rhodoplanes","Rhodoplanes_roseus_strain_941"
"c56af0b8c53298e154f4941bab186f7e","Bacteria","Planctomycetota","Planctomycetia","Gemmatales","Gemmataceae","Urbifossiella","Urbifossiella_limnaea_strain_ETA_A1"
"72b617f13a3bcafbbd91298a22836b29","Unassigned","Unassigned","Unassigned","Unassigned","Unassigned","Unassigned","Unassigned"
"bc24d730031eaf3d1f063d4e396622ae","Bacteria","Planctomycetota","Planctomycetia","Gemmatales","Gemmataceae","Fimbriiglobus","Fimbriiglobus_ruber_strain_SP5"
"3ece4519ff1634489ae45db0b9bf3f07","Bacteria","Pseudomonadota","Alphaproteobacteria","Hyphomicrobiales","Rhabdaerophilaceae","Rhabdaerophilum","Rhabdaerophilum_calidifontis_strain_SYSU_G02060"
"e59034827d360de50af2f1124ed1f4f9","Unassigned","Unassigned","Unassigned","Unassigned","Unassigned","Unassigned","Unassigned"
"f93a0f7f2fb4370203a3c684e629945a","Unassigned","Unassigned","Unassigned","Unassigned","Unassigned","Unassigned","Unassigned"
"1ad0b864957fbb479770af03f0ab2561","Bacteria","Pseudomonadota","Alphaproteobacteria","Rhodospirillales","Acetobacteraceae","Roseomonas","Roseomonas_fluvialis"
"79246f2ce981581b81a1fa2dfbf88de9","Bacteria","Pseudomonadota","Alphaproteobacteria","Hyphomicrobiales","Hyphomicrobiaceae","Hyphomicrobium","Hyphomicrobium_hollandicum_strain_IFAM_KB-677"
"7a25371a14099a20d9c0347f89bbb4ba","Unassigned","Unassigned","Unassigned","Unassigned","Unassigned","Unassigned","Unassigned"
"72c0a64b07cde11314ab2bd7f3387999","Bacteria","Pseudomonadota","Gammaproteobacteria","Legionellales","Legionellaceae","Legionella","Legionella_rowbothamii_strain_LLAP6"
"9b3e8032e502dc22ae3cb1b18aaaf636","Bacteria","Verrucomicrobiota","Opitutia","Opitutales","Opitutaceae","Horticoccus","Horticoccus_luteus_strain_KSB-15"
"e45a49eca637c212fa68d68458c002dc","Unassigned","Unassigned","Unassigned","Unassigned","Unassigned","Unassigned","Unassigned"
"ea99daa7a548a4f428f1383d70e6702b","Bacteria","Pseudomonadota","Alphaproteobacteria","Hyphomicrobiales","Hyphomicrobiaceae","Hyphomicrobium","Aestuariivirga_litoralis_strain_SYSU_M10001"
"f5f1cd54fb71cd0e23110fb4c6936f7b","Unassigned","Unassigned","Unassigned","Unassigned","Unassigned","Unassigned","Unassigned"
"9220ec531a29b6e41559364554a4f220","Bacteria","Chlamydiota","Chlamydiia","Parachlamydiales","Parachlamydiaceae","Neochlamydia","Neochlamydia_hartmannellae_strain_A1Hsp"
"2cc2e5d1749bd79d7ac0e0d707f07c06","Unassigned","Unassigned","Unassigned","Unassigned","Unassigned","Unassigned","Unassigned"
"f37426a9b05b4be8f1c282248ddc1df2","Unassigned","Unassigned","Unassigned","Unassigned","Unassigned","Unassigned","Unassigned"
"f114c000b5a91237b271ed7ff540e7f3","Unassigned","Unassigned","Unassigned","Unassigned","Unassigned","Unassigned","Unassigned"
"6bb1670c45474304bf51530fa4f14d6e","Bacteria","Pseudomonadota","Alphaproteobacteria","Hyphomonadales","Hyphomonadaceae","Vitreimonas","Vitreimonas_flagellata_strain_SYSU_XM001"
"11ade6419fc377b8bd20d0b42bf6fd20","Unassigned","Unassigned","Unassigned","Unassigned","Unassigned","Unassigned","Unassigned"
"33e68f058c5de005b93d0f9f4eecd049","Bacteria","Pseudomonadota","Betaproteobacteria","Rhodocyclales","Zoogloeaceae","Thauera","Thauera_sedimentorum"
"59c8e56a674af8aa7d95a734588e92e6","Bacteria","Pseudomonadota","Betaproteobacteria","Nitrosomonadales","Sterolibacteriaceae","Georgfuchsia","Georgfuchsia_toluolica_strain_G5G6"
"1fe41cec7f021332b5194cff4cbf4a78","Unassigned","Unassigned","Unassigned","Unassigned","Unassigned","Unassigned","Unassigned"
"4c4fa0b8c08a766bd3164904f19704b5","Bacteria","Pseudomonadota","Betaproteobacteria","Nitrosomonadales","Usitatibacteraceae","Usitatibacter","Usitatibacter_palustris_strain_Swamp67"
"03ff35fa62d9ca9bda3892c0d8792358","Unassigned","Unassigned","Unassigned","Unassigned","Unassigned","Unassigned","Unassigned"
"adf7dd6f6bb6948d9f2ea0b579d008ad","Bacteria","Pseudomonadota","Betaproteobacteria","Burkholderiales","Oxalobacteraceae","Massilia","Massilia_suwonensis_strain_5414S-25"
"bd8c7ba41599d416f158cdb1fd8e8177","Unassigned","Unassigned","Unassigned","Unassigned","Unassigned","Unassigned","Unassigned"
"8c9f70c19ec34e57d4a1ac63adc73883","Bacteria","Pseudomonadota","Gammaproteobacteria","Legionellales","Legionellaceae","Legionella","Legionella_quateirensis_strain_1335"
"6821ab411c6dd5d0b41a399b4a338b6e","Bacteria","Actinomycetota","Acidimicrobiia","Acidimicrobiales","Iamiaceae","Actinomarinicola","Actinomarinicola_tropica_strain_SCSIO_58843"
"275e911d84260ed29442faf708b4178c","Unassigned","Unassigned","Unassigned","Unassigned","Unassigned","Unassigned","Unassigned"
"ab100e543a913fee03bfbaac54872e4b","Bacteria","Planctomycetota","Planctomycetia","Gemmatales","Gemmataceae","Urbifossiella","Urbifossiella_limnaea_strain_ETA_A1"
"6fc761a0cc6c7194ccff2e91d18ae2d0","Bacteria","Planctomycetota","Planctomycetia","Pirellulales","Pirellulaceae","Aureliella","Aureliella_helgolandensis_strain_Q31a"
"2da737bb325bd35934446890c55930a1","Unassigned","Unassigned","Unassigned","Unassigned","Unassigned","Unassigned","Unassigned"
"ced41c90e66687707666ff0a006b5dd9","Unassigned","Unassigned","Unassigned","Unassigned","Unassigned","Unassigned","Unassigned"
"c46c9267596780bad088d21593e6f2d7","Bacteria","Pseudomonadota","Gammaproteobacteria","Chromatiales","Chromatiaceae","Thiohalocapsa","Thiohalocapsa_halophila_strain_DSM_6210"
"7024486f7813dfbca0721b1a879fba92","Bacteria","Verrucomicrobiota","Spartobacteria","Chthoniobacterales","Chthoniobacteraceae","Chthoniobacter","Chthoniobacter_flavus_Ellin428"
"bdc23812ac7a152741c0919a82a7c1d0","Unassigned","Unassigned","Unassigned","Unassigned","Unassigned","Unassigned","Unassigned"
"43706a6bc874bd3341a66642ffcd480d","Unassigned","Unassigned","Unassigned","Unassigned","Unassigned","Unassigned","Unassigned"
"9ed37f83a43479e790a6b30a1f06f22f","Bacteria","Planctomycetota","Planctomycetia","Gemmatales","Gemmataceae","Zavarzinella","Zavarzinella_formosa_strain_A10"
"b6ce9e98368cf8df32dcbe5a176f83ca","Bacteria","Planctomycetota","Planctomycetia","Planctomycetales","Planctomycetaceae","Planctopirus","Planctopirus_ephydatiae_strain_spb1"
"351c7f9b8204306873ac18a6d9c58524","Bacteria","Acidobacteriota","Terriglobia","Bryobacterales","Bryobacteraceae","Paludibaculum","Paludibaculum_fermentans_strain_P105"
"955875f188f6ddfac2bd62a499390abc","Unassigned","Unassigned","Unassigned","Unassigned","Unassigned","Unassigned","Unassigned"
"be05939decb5c12d12c5262ed77511d4","Bacteria","Gemmatimonadota","Gemmatimonadetes","Gemmatimonadales","Gemmatimonadaceae","Gemmatimonas","Gemmatimonas_groenlandica"
"47e4a958f56884b01113cd40bb6fffd9","Bacteria","Bacteroidota","Flavobacteriia","Flavobacteriales","Flavobacteriaceae","Flavobacterium","Flavobacterium_hydrocarbonoxydans_strain_GA093"
"3d1564758142e1791457270cc6153ab2","Bacteria","Pseudomonadota","Gammaproteobacteria","Cellvibrionales","Spongiibacteraceae","Spongiibacter","Thiocystis_gelatinosa_strain_N._Pfennig_2611"
"e757c4b68c8f112b75129892be172749","Bacteria","Acidobacteriota","Vicinamibacteria","Vicinamibacterales","Vicinamibacteraceae","Vicinamibacter","Vicinamibacter_silvestris_strain_Ac_5_C6"
"954ec397af064a6c4321f8001e88f858","Unassigned","Unassigned","Unassigned","Unassigned","Unassigned","Unassigned","Unassigned"
"c455c8579d0d3298b06ec1433bd5e025","Bacteria","Bdellovibrionota","Bdellovibrionia","Bdellovibrionales","Pseudobdellovibrionaceae","Pseudobdellovibrio","Pseudobdellovibrio_exovorus_JSS"
"f64966572ab88bd22ee80e93e3c36f07","Unassigned","Unassigned","Unassigned","Unassigned","Unassigned","Unassigned","Unassigned"
"041d06bc2dd9c6377c9035e0da0adf3f","Unassigned","Unassigned","Unassigned","Unassigned","Unassigned","Unassigned","Unassigned"
"49ac34e1abfc7d04057104566788e3bd","Unassigned","Unassigned","Unassigned","Unassigned","Unassigned","Unassigned","Unassigned"
"99b0cf95ddf262a6fd152d33742da1a0","Unassigned","Unassigned","Unassigned","Unassigned","Unassigned","Unassigned","Unassigned"
"48b6ba7e76b37135720bd52fbd0eb514","Bacteria","Acidobacteriota","Terriglobia","Bryobacterales","Bryobacteraceae","Paludibaculum","Paludibaculum_fermentans_strain_P105"
"8d11121b13f3bb4337c4bf2b8e52871a","Bacteria","Pseudomonadota","Alphaproteobacteria","Hyphomicrobiales","Devosiaceae","Devosia","Devosia_insulae_DS-56"
"ee082cdb9037bd8b7c96195e1717fc26","Bacteria","Pseudomonadota","Betaproteobacteria","Burkholderiales","Oxalobacteraceae","Glaciimonas","Glaciimonas_alpina_strain_Cr9-12"
"6f6da7e9d1e9439a7f78c15faf5c603e","Bacteria","Planctomycetota","Planctomycetia","Gemmatales","Gemmataceae","Fimbriiglobus","Fimbriiglobus_ruber_strain_SP5"
"172bb332060a41cd0004dea8c8e03ca1","Bacteria","Actinomycetota","Actinomycetes","Pseudonocardiales","Pseudonocardiaceae","Pseudonocardia","Pseudonocardia_tetrahydrofuranoxydans_strain_K1"
"efe397f4da60ee166c6304e440958425","Unassigned","Unassigned","Unassigned","Unassigned","Unassigned","Unassigned","Unassigned"
"45cd31f5780a2674f0abc60596e76138","Bacteria","Pseudomonadota","Betaproteobacteria","Burkholderiales","Sphaerotilaceae","Ideonella","Ideonella_paludis_strain_KBP-31"
"c2ed50a8875fbb3bbe185ab049971349","Unassigned","Unassigned","Unassigned","Unassigned","Unassigned","Unassigned","Unassigned"
"020441b7ce4c6666e9152a44025f9774","Bacteria","Pseudomonadota","Alphaproteobacteria","Holosporales","Holosporaceae","Candidatus_Bealeia","Candidatus_Bealeia_paramacronuclearis"
"4127c52b0ecb923901b94f15ffc0314c","Bacteria","Pseudomonadota","Alphaproteobacteria","Hyphomicrobiales","Nitrobacteraceae","Undibacter","Undibacter_mobilis_strain_GY_H"
"39ff74507717235295efca9465f4db68","Bacteria","Pseudomonadota","Betaproteobacteria","Nitrosomonadales","Methylophilaceae","Methylotenera","Methylotenera_oryzisoli_strain_La3113"
"d45ca07d1726da1138755b5456336f35","Bacteria","Bacteroidota","Flavobacteriia","Flavobacteriales","Crocinitomicaceae","Putridiphycobacter","Putridiphycobacter_roseus_strain_SM1701"
"13566319087cab15a910e947a3f7459d","Unassigned","Unassigned","Unassigned","Unassigned","Unassigned","Unassigned","Unassigned"
"7a3aa98cdd06a8decb62671246c0029b","Unassigned","Unassigned","Unassigned","Unassigned","Unassigned","Unassigned","Unassigned"
"ff3140426d3bd9234b00a3eeb6a0dff4","Bacteria","Acidobacteriota","Terriglobia","Bryobacterales","Bryobacteraceae","Paludibaculum","Paludibaculum_fermentans_strain_P105"
"ea2a7cf97ee002c42a7fb37cc0697ef4","Bacteria","Actinomycetota","Actinomycetes","Kineosporiales","Kineosporiaceae","Angustibacter","Angustibacter_speluncae_strain_YC2-20"
"25e3899f6b851c182eb4063faf3f3c95","Bacteria","Pseudomonadota","Alphaproteobacteria","Rhodospirillales","Dongiaceae","Dongia","Dongia_rigui_strain_04SU4-P"
"4dc332e02954b88b203137328fd473b3","Unassigned","Unassigned","Unassigned","Unassigned","Unassigned","Unassigned","Unassigned"
"d44ef537f84b11354a345422c0c4bb6e","Unassigned","Unassigned","Unassigned","Unassigned","Unassigned","Unassigned","Unassigned"
"2b3752a6db51a8b1bf62553a40ecf3bf","Unassigned","Unassigned","Unassigned","Unassigned","Unassigned","Unassigned","Unassigned"
"fe36c97c429dd40adb82e2bf2e95a9b8","Bacteria","Planctomycetota","Planctomycetia","Gemmatales","Gemmataceae","Gemmata","Gemmata_palustris_strain_G18"
"c1e73886f56a9c6377e7f5e5ca3e0f68","Unassigned","Unassigned","Unassigned","Unassigned","Unassigned","Unassigned","Unassigned"
"d91b4daf430d016fc7cde06cd51d0308","Unassigned","Unassigned","Unassigned","Unassigned","Unassigned","Unassigned","Unassigned"
"4043feb374a3ed65d5719dcb85343bc1","Bacteria","Acidobacteriota","Blastocatellia","Blastocatellales","Blastocatellaceae","Stenotrophobacter","Stenotrophobacter_terrae_strain_Ac_28_D10"
"bdd754d968e725ebce9b73dfce9f38c1","Bacteria","Pseudomonadota","Alphaproteobacteria","Hyphomicrobiales","Kaistiaceae","Bauldia","Bauldia_consociata_strain_11"
"3d713a43e62a9e94d9c9c53e8f318c33","Unassigned","Unassigned","Unassigned","Unassigned","Unassigned","Unassigned","Unassigned"
"2fcfe7e5cf88c2dc61772e401f440823","Bacteria","Bacteroidota","Sphingobacteriia","Sphingobacteriales","Aurantibacillaceae","Aurantibacillus","Aurantibacillus_circumpalustris_strain_Swamp196"
"f7c51c9a8223b03836e2d8a907fdb946","Unassigned","Unassigned","Unassigned","Unassigned","Unassigned","Unassigned","Unassigned"
"7115ea0ca14c93b56792b492c712b751","Bacteria","Pseudomonadota","Gammaproteobacteria","Chromatiales","Granulosicoccaceae","Thiohalomonas","Thiohalomonas_nitratireducens_strain_HRhD_3sp"
"d4b8e85698f38933f9823361df98d8c7","Bacteria","Pseudomonadota","Alphaproteobacteria","Hyphomicrobiales","Hyphomicrobiaceae","Haematospirillum","Haematospirillum_jordaniae_strain_H5569"
"b78d3fddaf99427497f668396475aba3","Bacteria","Pseudomonadota","Gammaproteobacteria","Pseudomonadales","Pseudomonadaceae","Pseudomonas","Pseudomonas_tensinigenes"
"2cae69718fa32882c17e1b0468369920","Bacteria","Bacteroidota","Flavobacteriia","Flavobacteriales","Flavobacteriaceae","Flavobacterium","Flavobacterium_noncentrifugens_strain_R-HLS-17"
"5f3176d810a4de2bfe1439587cf58cb8","Bacteria","Bacteroidota","Chitinophagia","Chitinophagales","Chitinophagaceae","Ferruginibacter","Ferruginibacter_profundus_strain_DS48-5-3"
"166ddaf43416138b19e513ad53d22278","Bacteria","Pseudomonadota","Betaproteobacteria","Burkholderiales","Comamonadaceae","Hydrogenophaga","Hydrogenophaga_caeni_strain_EMB71"
"62fc48e14a9072e5c3078238ab848aa2","Bacteria","Acidobacteriota","Vicinamibacteria","Vicinamibacterales","Vicinamibacteraceae","Luteitalea","Luteitalea_pratensis_strain_HEG_-6_39"
"a3a6ccb0e529192bd08f99bbceb136cf","Bacteria","Pseudomonadota","Alphaproteobacteria","Hyphomicrobiales","Hyphomicrobiaceae","Hyphomicrobium","Hyphomicrobium_hollandicum_strain_IFAM_KB-677"
"03044aded5a5244d7f347dd95f33886f","Bacteria","Acidobacteriota","Terriglobia","Bryobacterales","Bryobacteraceae","Paludibaculum","Paludibaculum_fermentans_strain_P105"
"544051cfce8b199380b9fbcdaff16d6b","Unassigned","Unassigned","Unassigned","Unassigned","Unassigned","Unassigned","Unassigned"
"947b436711449b0e873a083b0bf82ee4","Bacteria","Pseudomonadota","Betaproteobacteria","Burkholderiales","Sphaerotilaceae","Piscinibacter","Piscinibacter_aquaticus_strain_IMCC1728"
"a3ef2167876f085f5030acf2c1329006","Unassigned","Unassigned","Unassigned","Unassigned","Unassigned","Unassigned","Unassigned"
"70dcfc67ee093de3d766695ceac15690","Unassigned","Unassigned","Unassigned","Unassigned","Unassigned","Unassigned","Unassigned"
"b8bfe257e3233a02ce5b1f36c8451c29","Bacteria","Actinomycetota","Acidimicrobiia","Acidimicrobiales","Ilumatobacteraceae","Ilumatobacter","Ilumatobacter_fluminis_YM22-133"
"7c3f64d3a6ddded7d877f75bbebf4352","Bacteria","Bacteroidota","Chitinophagia","Chitinophagales","Chitinophagaceae","Ferruginibacter","Ferruginibacter_profundus_strain_DS48-5-3"
"6a0df1cb269c87f932e2eb2eca30f1c2","Bacteria","Pseudomonadota","Betaproteobacteria","Burkholderiales","Burkholderiaceae","Pseudothauera","Pseudothauera_nasutitermitis_strain_CC-YHH838"
"803d61d41a32cefa1a860b11ab29b0ee","Unassigned","Unassigned","Unassigned","Unassigned","Unassigned","Unassigned","Unassigned"
"8cd5e12c5e27374bda61023a3856da66","Unassigned","Unassigned","Unassigned","Unassigned","Unassigned","Unassigned","Unassigned"
"f89e6ae41ab32c5c2af7ada00d5b9b8f","Bacteria","Myxococcota","Myxococcia","Myxococcales","Archangiaceae","Vitiosangium","Vitiosangium_cumulatum_strain_MCy10943"
"ae3f2d9130d84cd91a4a6f6776d013e7","Unassigned","Unassigned","Unassigned","Unassigned","Unassigned","Unassigned","Unassigned"
"81a288ccd025be5df31eef5469c1c9c6","Unassigned","Unassigned","Unassigned","Unassigned","Unassigned","Unassigned","Unassigned"
"a06228b8ecd860dc9e6722fbff17821e","Bacteria","Acidobacteriota","Vicinamibacteria","Vicinamibacterales","Vicinamibacteraceae","Vicinamibacter","Vicinamibacter_silvestris_strain_Ac_5_C6"
"c17f1d4fa9cdf15ea115cd1374bcc230","Bacteria","Pseudomonadota","Gammaproteobacteria","Legionellales","Legionellaceae","Legionella","Legionella_quateirensis_strain_1335"
"94e79136f89b7d34d7d77b3de8105b15","Unassigned","Unassigned","Unassigned","Unassigned","Unassigned","Unassigned","Unassigned"
"d6566b6b7a2adb4cb75d9de3d28ea1a7","Unassigned","Unassigned","Unassigned","Unassigned","Unassigned","Unassigned","Unassigned"
"298cedc9eeac6d494c0846057eaf0942","Bacteria","Pseudomonadota","Betaproteobacteria","Burkholderiales","Comamonadaceae","Ramlibacter","Ramlibacter_paludis"
"49e893360b934294f25ab35ccafd2be0","Unassigned","Unassigned","Unassigned","Unassigned","Unassigned","Unassigned","Unassigned"
"5f70a96824a311682a57c608d3a90447","Bacteria","Planctomycetota","Planctomycetia","Planctomycetales","Planctomycetaceae","Schlesneria","Schlesneria_paludicola_strain_MPL7"
"a1e7954d64a46dd4c55d3aa024f46a5b","Bacteria","Bacteroidota","Cytophagia","Cytophagales","Fulvivirgaceae","Chryseolinea","Chryseolinea_soli_strain_KIS68-18"
"4d72b64ca37912de5442aaf4bb608984","Unassigned","Unassigned","Unassigned","Unassigned","Unassigned","Unassigned","Unassigned"
"7f077752ca0f2c91b041b38fa28ec7fc","Bacteria","Planctomycetota","Planctomycetia","Pirellulales","Lacipirellulaceae","Bythopirellula","Lacipirellula_parvula"
"c023dddaa8ca6d32601764353f666e04","Bacteria","Myxococcota","","Haliangiales","Kofleriaceae","Haliangium","Haliangium_tepidum_strain_SMP-10"
"5399dbf62c6be9ba7a9b57dff706f2c0","Unassigned","Unassigned","Unassigned","Unassigned","Unassigned","Unassigned","Unassigned"
"0d6911b76067f06a584592f061a7ed68","Bacteria","Verrucomicrobiota","Opitutia","Opitutales","Opitutaceae","Opitutus","Opitutus_terrae_PB90-1"
"f74c5274b3cbb29ccaad4f32a1cf0c7c","Unassigned","Unassigned","Unassigned","Unassigned","Unassigned","Unassigned","Unassigned"
"35487c3d371f1fc0ad3c07b8e8376a5a","Unassigned","Unassigned","Unassigned","Unassigned","Unassigned","Unassigned","Unassigned"
"52535c140734edeaaebb8acc76fc72e9","Bacteria","Acidobacteriota","Vicinamibacteria","Vicinamibacterales","Vicinamibacteraceae","Vicinamibacter","Vicinamibacter_silvestris_strain_Ac_5_C6"
"ae3be4664434f428821ced1131f6d33b","Bacteria","Pseudomonadota","Betaproteobacteria","Burkholderiales","Burkholderiaceae","Robbsia","Robbsia_betulipollinis"
"888bc38360c48a13910783e84232ab49","Bacteria","Planctomycetota","Planctomycetia","Gemmatales","Gemmataceae","Zavarzinella","Zavarzinella_formosa_strain_A10"
"44d6f974fc04e7c12e95313cffaf54aa","Bacteria","Bdellovibrionota","Bdellovibrionia","Bdellovibrionales","Pseudobdellovibrionaceae","Pseudobdellovibrio","Pseudobdellovibrio_exovorus_JSS"
"89c7e19814e1d0cf1a68c9f5942c314d","Bacteria","Verrucomicrobiota","Spartobacteria","Chthoniobacterales","Chthoniobacteraceae","Chthoniobacter","Chthoniobacter_flavus_Ellin428"
"57bc23a28fc209f650d3476929be47c0","Unassigned","Unassigned","Unassigned","Unassigned","Unassigned","Unassigned","Unassigned"
"a12b7eff9d6ad358ea11cb252578b942","Bacteria","Pseudomonadota","Betaproteobacteria","Rhodocyclales","Burkholderiaceae","Paraburkholderia","Azonexus_fungiphilus_strain_BS5-8"
"16f1fd96d70468ee40d3ef7abfe78166","Bacteria","Pseudomonadota","Betaproteobacteria","Burkholderiales","Comamonadaceae","Rhodoferax","Rhodoferax_potami"
"a962aff4ca5d534179ae2baa1c6898e1","Unassigned","Unassigned","Unassigned","Unassigned","Unassigned","Unassigned","Unassigned"
"0250138f19abf95d814d88d78f5495e0","Bacteria","Bacteroidota","Sphingobacteriia","Sphingobacteriales","Aurantibacillaceae","Aurantibacillus","Aurantibacillus_circumpalustris_strain_Swamp196"
"a12373679ac302d52dd7fa1fb6ddbb3a","Unassigned","Unassigned","Unassigned","Unassigned","Unassigned","Unassigned","Unassigned"
"1620072c0d4e33fdee29b00719cca57b","Unassigned","Unassigned","Unassigned","Unassigned","Unassigned","Unassigned","Unassigned"
"22aaecd39a195e88f5e3b64c1b2b68fa","Bacteria","Acidobacteriota","Vicinamibacteria","Vicinamibacterales","Vicinamibacteraceae","Vicinamibacter","Vicinamibacter_silvestris_strain_Ac_5_C6"
"41366e80a697372c645a5260adee898e","Unassigned","Unassigned","Unassigned","Unassigned","Unassigned","Unassigned","Unassigned"
"c7b1fbf62cdbd3d6ea19a367300bec39","Unassigned","Unassigned","Unassigned","Unassigned","Unassigned","Unassigned","Unassigned"
"e6f0c9ed725d0858784e66599fc54076","Bacteria","Planctomycetota","Planctomycetia","Isosphaerales","Isosphaeraceae","Singulisphaera","Singulisphaera_acidiphila_DSM_18658"
"cd0faefcb5f62bc612d52e535c934559","Unassigned","Unassigned","Unassigned","Unassigned","Unassigned","Unassigned","Unassigned"
"8a3e57e2ebcb001d12eb42e8f4fc5905","Bacteria","Planctomycetota","Planctomycetia","Gemmatales","Gemmataceae","Gemmata","Gemmata_massiliana_strain_IIL30"
"e60efb59b73291e61531973a1474ce97","Bacteria","Nitrospirota","Nitrospiria","Nitrospirales","Nitrospiraceae","Nitrospira","Nitrospira_moscoviensis_strain_NSP_M-1"
"5cc8fff37fa40cade2ec6b983d7f3c68","Unassigned","Unassigned","Unassigned","Unassigned","Unassigned","Unassigned","Unassigned"
"da7d4f20542eaba0188f84dd9cee206a","Unassigned","Unassigned","Unassigned","Unassigned","Unassigned","Unassigned","Unassigned"
"6e5c25fb743c94ab4eec8e46cb0b8404","Bacteria","Pseudomonadota","Betaproteobacteria","Rhodocyclales","Azonexaceae","Azonexus","Azonexus_fungiphilus_strain_BS5-8"
"3bdd70b37b386014492d50cfdcae778d","Bacteria","Planctomycetota","Planctomycetia","Planctomycetales","Planctomycetaceae","Symmachiella","Symmachiella_macrocystis_strain_CA54"
"efd28bf3fa321d37119720dad22add45","Bacteria","Gemmatimonadota","Gemmatimonadia","Gemmatimonadales","Gemmatimonadaceae","Gemmatimonas","Gemmatimonas_phototrophica_strain_AP64"
"0d4cda3ae8041081588ed6ca286fea11","Bacteria","Pseudomonadota","Alphaproteobacteria","Sphingomonadales","Sphingosinicellaceae","Sphingosinicella","Sphingosinicella_soli_strain_KSL-125"
"50108589a1b43208fb5ccf8d4c3281f0","Bacteria","Bacteroidota","Chitinophagia","Chitinophagales","Chitinophagaceae","Ferruginibacter","Ferruginibacter_lapsinanis_strain_HU1-HG42"
"cd9bb855ed6938d61e050c8ddd258ed7","Bacteria","Pseudomonadota","Betaproteobacteria","Nitrosomonadales","Usitatibacteraceae","Usitatibacter","Usitatibacter_palustris_strain_Swamp67"
"20288d7993aabc7203344e9754f1c634","Unassigned","Unassigned","Unassigned","Unassigned","Unassigned","Unassigned","Unassigned"
"6ad29977a38c810a05f14588d405e69c","Bacteria","Bacteroidota","Flavobacteriia","Flavobacteriales","Owenweeksiaceae","Owenweeksia","Owenweeksia_hongkongensis_strain_DSM_17368"
"3e0072479c089630189a3fb37443c8f2","Unassigned","Unassigned","Unassigned","Unassigned","Unassigned","Unassigned","Unassigned"
"1e31bb2491a78347f1e98323cb34ea32","Bacteria","Planctomycetota","Planctomycetia","Planctomycetales","Planctomycetaceae","Fuerstiella","Fuerstiella_marisgermanici_strain_NH11"
"5ffba89ee504ca2d2cbf1c62889d041e","Bacteria","Pseudomonadota","Alphaproteobacteria","Hyphomicrobiales","Hyphomicrobiaceae","Hyphomicrobium","Pedomicrobium_manganicum_strain_ATCC_33121"
"5ccb172c05e75236325792a144f484c8","Bacteria","Pseudomonadota","Alphaproteobacteria","Hyphomonadales","Hyphomonadaceae","Vitreimonas","Vitreimonas_flagellata_strain_SYSU_XM001"
"7ec22e756bf672a42a45d3c356b9537e","Bacteria","Pseudomonadota","Betaproteobacteria","Burkholderiales","Oxalobacteraceae","Noviherbaspirillum","Noviherbaspirillum_aurantiacum_strain_SUEMI08"
"b0ee63329edc9d079ab05819dbd7134b","Bacteria","Bdellovibrionota","Bdellovibrionia","Bdellovibrionales","Pseudobdellovibrionaceae","Bdellovibrio","Bdellovibrio_svalbardensis"
"bfbd5a25cc1c12ef29bdc033848b7cbe","Bacteria","Pseudomonadota","Betaproteobacteria","Nitrosomonadales","Nitrosomonadaceae","Nitrosospira","Nitrosospira_lacus_strain_APG3"
"2a1e19d9dd59e212cdf2e83baaa3ddb1","Bacteria","Pseudomonadota","Gammaproteobacteria","Pseudomonadales","Pseudomonadaceae","Pseudomonas","Pseudomonas_iridis"
"f1469e265fd3f772fba7b124a0aeeb57","Bacteria","Pseudomonadota","Alphaproteobacteria","Rhodospirillales","Novispirillaceae","Pelagibacterium","Haematospirillum_jordaniae_strain_H5569"
"9254508fd1d5473e6deca9e47ddc6549","Unassigned","Unassigned","Unassigned","Unassigned","Unassigned","Unassigned","Unassigned"
"5a05fb8173a922d411ed7c5b62d6d70a","Unassigned","Unassigned","Unassigned","Unassigned","Unassigned","Unassigned","Unassigned"
"b133d80c7dbbf83a3943c75298379ebd","Bacteria","Acidobacteriota","Terriglobia","Bryobacterales","Bryobacteraceae","Bryobacter","Bryobacter_aggregatus_strain_MPL3"
"96b00d2eabe4d420e4099c84d594339f","Unassigned","Unassigned","Unassigned","Unassigned","Unassigned","Unassigned","Unassigned"
"85e69ae23048e1f6a1c6fabdfe6ebb28","Bacteria","Acidobacteriota","Vicinamibacteria","Vicinamibacterales","Vicinamibacteraceae","Luteitalea","Luteitalea_pratensis_strain_HEG_-6_39"
"4b09d9cb689b18fca119a6a24747b16a","Bacteria","Pseudomonadota","Alphaproteobacteria","Hyphomicrobiales","","Vineibacter","Vineibacter_terrae_strain_CC-CFT640"
"2ae7588a5f36edcb2335377c2a1446df","Unassigned","Unassigned","Unassigned","Unassigned","Unassigned","Unassigned","Unassigned"
"dd3fae8f26df4cc45fe52a9afac90f63","Unassigned","Unassigned","Unassigned","Unassigned","Unassigned","Unassigned","Unassigned"
"375dc8a796088f20f2bf54d096995613","Unassigned","Unassigned","Unassigned","Unassigned","Unassigned","Unassigned","Unassigned"
"c6fef54de42eede4289383802cf9d5c8","Unassigned","Unassigned","Unassigned","Unassigned","Unassigned","Unassigned","Unassigned"
"8b73a560aef2b830bc854238cbc2ca9e","Bacteria","Pseudomonadota","Betaproteobacteria","Burkholderiales","","Rhizobacter","Rhizobacter_fulvus_strain_Gsoil_322"
"dbe407fce7dab3cbb234368c62043b43","Bacteria","Pseudomonadota","Gammaproteobacteria","Chromatiales","Wenzhouxiangellaceae","Elongatibacter","Elongatibacter_sediminis"
"050b94bab657d584e7a11d24722c9ea8","Bacteria","Pseudomonadota","Alphaproteobacteria","Caulobacterales","Caulobacteraceae","Caulobacter","Caulobacter_henricii_strain_ATCC_15253"
"bf351285cce635a194aaa5ef15fdd447","Bacteria","Chloroflexota","Caldilineae","Caldilineales","Caldilineaceae","Litorilinea","Litorilinea_aerophila_strain_PRI-4131"
"4ce3107588f960d6af3721c2d0e89978","Bacteria","Pseudomonadota","Alphaproteobacteria","Rhodospirillales","Azospirillaceae","Azospirillum","Azospirillum_brasilense_strain_DSM_1690"
"49f6770a3b3e19299ee64b400ce8bba7","Bacteria","Myxococcota","Myxococcia","Myxococcales","Archangiaceae","Vitiosangium","Vitiosangium_cumulatum_strain_MCy10943"
"33f58c7b0e5700d6acfa2b1260a35b96","Bacteria","Verrucomicrobiota","Spartobacteria","Chthoniobacterales","Chthoniobacteraceae","Chthoniobacter","Chthoniobacter_flavus_Ellin428"
"f3e642f531373fb4d6040015e28c9538","Unassigned","Unassigned","Unassigned","Unassigned","Unassigned","Unassigned","Unassigned"
"e3bc07a025ec1b440adb049fd57103f9","Unassigned","Unassigned","Unassigned","Unassigned","Unassigned","Unassigned","Unassigned"
"c337c02ef0565d2b010ee58f11c8afc1","Unassigned","Unassigned","Unassigned","Unassigned","Unassigned","Unassigned","Unassigned"
"3eda1bca817ff607d0e6fefa97a4f084","Unassigned","Unassigned","Unassigned","Unassigned","Unassigned","Unassigned","Unassigned"
"900718238aa87e5a2aeefd86f6ef3f85","Bacteria","Gemmatimonadota","Gemmatimonadia","Gemmatimonadales","Gemmatimonadaceae","Gemmatimonas","Gemmatimonas_phototrophica_strain_AP64"
"c67d2ec51853343261d2e2c26426bf97","Unassigned","Unassigned","Unassigned","Unassigned","Unassigned","Unassigned","Unassigned"
"3b3dd457b29a3179fb493f784e28cfd3","Bacteria","Actinomycetota","Acidimicrobiia","Acidimicrobiales","Ilumatobacteraceae","Desertimonas","Desertimonas_flava_strain_SYSU_D60003"
"eabe303e45aa8be8ee658ba9742633a7","Unassigned","Unassigned","Unassigned","Unassigned","Unassigned","Unassigned","Unassigned"
"2fc065ff432d5d44458f83a6030cab2e","Bacteria","Bacteroidota","Saprospiria","Saprospirales","Haliscomenobacteraceae","Haliscomenobacter","Haliscomenobacter_hydrossis_strain_DSM_1100"
"e1f51649d293f2f3b4e11df8ba391351","Bacteria","Pseudomonadota","Alphaproteobacteria","Hyphomicrobiales","Methylopilaceae","Methylopila","Methylopila_capsulata_strain_IM1"
"d9c051a3e2c6f0a3ff7beb3a472417a9","Bacteria","Acidobacteriota","Vicinamibacteria","Vicinamibacterales","Vicinamibacteraceae","Vicinamibacter","Vicinamibacter_silvestris_strain_Ac_5_C6"
"c9a1a2cbc3aa9646a3097e4eeb423c73","Unassigned","Unassigned","Unassigned","Unassigned","Unassigned","Unassigned","Unassigned"
"1be5a2fddcf1692bfc35610a8247605f","Unassigned","Unassigned","Unassigned","Unassigned","Unassigned","Unassigned","Unassigned"
"3472b68b97170e97b7b84c43d6ee7a13","Unassigned","Unassigned","Unassigned","Unassigned","Unassigned","Unassigned","Unassigned"
"872e62ad3b699fd698d488adb7b7c569","Unassigned","Unassigned","Unassigned","Unassigned","Unassigned","Unassigned","Unassigned"
"9c92c3b88b89e0eb1441382541a59930","Bacteria","Planctomycetota","Planctomycetia","Gemmatales","Gemmataceae","Gemmata","Gemmata_massiliana_strain_IIL30"
"1a578c859f22006aec2961ad534811b1","Bacteria","Bacteroidota","Flavobacteriia","Flavobacteriales","Crocinitomicaceae","Putridiphycobacter","Putridiphycobacter_roseus_strain_SM1701"
"18543828712487af7dcb65bf07289a98","Bacteria","Bacteroidota","Cytophagia","Cytophagales","Leadbetterellaceae","Lacihabitans","Lacihabitans_soyangensis_strain_HME6675"
"d9c7a4bee91d376c5d04a7ad880456c2","Unassigned","Unassigned","Unassigned","Unassigned","Unassigned","Unassigned","Unassigned"
"f6ed29e37c2741d243235496c7f0993e","Bacteria","Pseudomonadota","Gammaproteobacteria","Nevskiales","Nevskiaceae","Nevskia","Nevskia_ramosa_strain_Soe1"
"107f75fe98e54f613af34c46eb45386a","Unassigned","Unassigned","Unassigned","Unassigned","Unassigned","Unassigned","Unassigned"
"dc0e7ea37895493d09aa3bbecbe59244","Unassigned","Unassigned","Unassigned","Unassigned","Unassigned","Unassigned","Unassigned"
"b1668a452a52cee0c02be4794dae5ec1","Bacteria","Bacteroidota","Flavobacteriia","Flavobacteriales","Flavobacteriaceae","Flavobacterium","Flavobacterium_amnicola_strain_LLJ-11"
"250595026d603a3b336b1c6d4294a7a9","Bacteria","Planctomycetota","Planctomycetia","Pirellulales","Pirellulaceae","Anatilimnocola","Anatilimnocola_aggregata_strain_ETA_A8"
"9cee64ebe09399711b0a44490eeb86b9","Unassigned","Unassigned","Unassigned","Unassigned","Unassigned","Unassigned","Unassigned"
"3a555284c3038c1d5385cc123be09511","Bacteria","Myxococcota","","Polyangiales","Phaselicystidaceae","Phaselicystis","Phaselicystis_flava_strain_SBKo001"
"e12aabf24f7def0d104835db4b495b76","Bacteria","Planctomycetota","Planctomycetia","Gemmatales","Gemmataceae","Urbifossiella","Urbifossiella_limnaea_strain_ETA_A1"
"05b39d6d9b5d24e93bc325aa27763d42","Unassigned","Unassigned","Unassigned","Unassigned","Unassigned","Unassigned","Unassigned"
"50625e5543575c4905b1344bd82b229e","Bacteria","Gemmatimonadota","Gemmatimonadia","Gemmatimonadales","Gemmatimonadaceae","Roseisolibacter","Roseisolibacter_agri_strain_AW1220"
"2d72218c1bd1af52cababc40d9545506","Unassigned","Unassigned","Unassigned","Unassigned","Unassigned","Unassigned","Unassigned"
"ae2ad38bb7c740d5e5a6e4ded6bb259e","Bacteria","Planctomycetota","Planctomycetia","Gemmatales","Gemmataceae","Zavarzinella","Zavarzinella_formosa_strain_A10"
"69cf1168ea3446636796d9421d9b32a8","Unassigned","Unassigned","Unassigned","Unassigned","Unassigned","Unassigned","Unassigned"
"a85c0b6e1c5376bf44666213e8a59b9f","Bacteria","Verrucomicrobiota","Opitutia","Opitutales","Opitutaceae","Horticoccus","Horticoccus_luteus_strain_KSB-15"
"4e49308ade9f732b32dfd982222b905a","Unassigned","Unassigned","Unassigned","Unassigned","Unassigned","Unassigned","Unassigned"
"b160cc05b601990080764b1df844a178","Bacteria","Chloroflexota","Caldilineae","Caldilineales","Caldilineaceae","Caldilinea","Caldilinea_aerophila_DSM_14535_=_NBRC_104270"
"99620d32e597791825f46ac371ad7f0d","Bacteria","Planctomycetota","Planctomycetia","Planctomycetales","Planctomycetaceae","Schlesneria","Schlesneria_paludicola_strain_MPL7"
"67de35a045b12e43a0a79726f98d724e","Unassigned","Unassigned","Unassigned","Unassigned","Unassigned","Unassigned","Unassigned"
"85dea79b3a162d975290c56d3eebe469","Unassigned","Unassigned","Unassigned","Unassigned","Unassigned","Unassigned","Unassigned"
"5f51ad70833933f21548cf9ab87dcbfa","Unassigned","Unassigned","Unassigned","Unassigned","Unassigned","Unassigned","Unassigned"
"5fa75a013609ef1181e7d76825905cd5","Bacteria","Chlamydiota","Chlamydiia","Parachlamydiales","Parachlamydiaceae","Protochlamydia","Candidatus_Protochlamydia_naegleriophila"
"7c641a088aa60b4927631de63dbb921c","Bacteria","Pseudomonadota","Gammaproteobacteria","Chromatiales","Thioprofundaceae","Thioprofundum","Thioprofundum_lithotrophicum_strain_106"
"c103c0875e7845582183062aacff7055","Unassigned","Unassigned","Unassigned","Unassigned","Unassigned","Unassigned","Unassigned"
"d5f9e565b77d09cfcec3d3577147af05","Bacteria","Pseudomonadota","Alphaproteobacteria","Hyphomicrobiales","Hyphomicrobiaceae","Hyphomicrobium","Hyphomicrobium_methylovorum_strain_NBRC_14180"
"eac696e87709bb1ba5ea44ed6a6353c8","Bacteria","Cyanobacteriota","Cyanophyceae","Synechococcales","Synechococcaceae","Vulcanococcus","Vulcanococcus_limneticus"
"67636a120d14d02b5510bfab489f2bef","Unassigned","Unassigned","Unassigned","Unassigned","Unassigned","Unassigned","Unassigned"
"a89c558f9145e5b4204339d214d0254b","Bacteria","Pseudomonadota","Alphaproteobacteria","Hyphomicrobiales","Hyphomicrobiaceae","Rhodoplanes","Rhodoplanes_azumiensis_strain_TUT3581"
"5dff44ee1940e1b2409d3f82f6d77534","Bacteria","Pseudomonadota","Gammaproteobacteria","Chromatiales","Thioprofundaceae","Thioprofundum","Thioprofundum_lithotrophicum_strain_106"
"64294d62ee3b1dbfa3ebae957c3404b7","Bacteria","Chloroflexota","Caldilineae","Caldilineales","Caldilineaceae","Caldilinea","Litorilinea_aerophila_strain_PRI-4131"
"963e073b0473308a7293c645088ea757","Bacteria","Pseudomonadota","Alphaproteobacteria","Hyphomicrobiales","Hyphomicrobiaceae","Filomicrobium","Candidatus_Filomicrobium_marinum"
"49d23b4af7290332e2cfb97b8a1bdede","Bacteria","Planctomycetota","Phycisphaerae","Tepidisphaerales","Tepidisphaeraceae","Tepidisphaera","Tepidisphaera_mucosa_strain_2842"
"7715c9521ff350efb3931f833cfb68ef","Unassigned","Unassigned","Unassigned","Unassigned","Unassigned","Unassigned","Unassigned"
"c2fb638632871cda8445526c0f511726","Unassigned","Unassigned","Unassigned","Unassigned","Unassigned","Unassigned","Unassigned"
"1f6bdcb33b0485c41290d9ed0e7be83f","Unassigned","Unassigned","Unassigned","Unassigned","Unassigned","Unassigned","Unassigned"
"f1fd2b2cf313fdcb35e77e2ab527ff76","Unassigned","Unassigned","Unassigned","Unassigned","Unassigned","Unassigned","Unassigned"
"fcd8e9cbc3163f78d01407ddf7ab2061","Bacteria","Pseudomonadota","Betaproteobacteria","Rhodocyclales","Rhodocyclaceae","Candidatus_Accumulibacter","Candidatus_Accumulibacter_propinquus"
"f2530bc93877dcaeb83d6976813bf687","Unassigned","Unassigned","Unassigned","Unassigned","Unassigned","Unassigned","Unassigned"
"563503241e2df71b31d3d12b7bfa399e","Unassigned","Unassigned","Unassigned","Unassigned","Unassigned","Unassigned","Unassigned"
"c6ef6a7abc6381b0b4f8879bcd0057e4","Unassigned","Unassigned","Unassigned","Unassigned","Unassigned","Unassigned","Unassigned"
"60f7e51d01fca2fdad191d25ce2b70f1","Bacteria","Planctomycetota","Planctomycetia","Gemmatales","Gemmataceae","Fimbriiglobus","Fimbriiglobus_ruber_strain_SP5"
"5c72ee3e34394fc96b3761a7dcf9f01d","Bacteria","Bacteroidota","Chitinophagia","Chitinophagales","Chitinophagaceae","Flavipsychrobacter","Flavipsychrobacter_stenotrophus_strain_RB1R16"
"ff18065a2ec115cac6ec5b8c6f2c498a","Unassigned","Unassigned","Unassigned","Unassigned","Unassigned","Unassigned","Unassigned"
"c69200c9f6d54816d9dc38202af35c48","Bacteria","Pseudomonadota","Alphaproteobacteria","Hyphomicrobiales","Hyphomicrobiaceae","Hyphomicrobium","Hyphomicrobium_album_strain_XQ2"
"5230f0ef60db4b6f2d3ef751c85e3e83","Bacteria","Pseudomonadota","Betaproteobacteria","Burkholderiales","","Rhizobacter","Rhizobacter_profundi_strain_DS48-6-5"
"da41a8be22cb24eff9543902b613343a","Unassigned","Unassigned","Unassigned","Unassigned","Unassigned","Unassigned","Unassigned"
"d235704e23dfc5443d18e3229b3e82e2","Unassigned","Unassigned","Unassigned","Unassigned","Unassigned","Unassigned","Unassigned"
"eb65bdbdb0f9b588209afa5399e8db7c","Unassigned","Unassigned","Unassigned","Unassigned","Unassigned","Unassigned","Unassigned"
"e70fe4eeced6a00c913d89541804032b","Unassigned","Unassigned","Unassigned","Unassigned","Unassigned","Unassigned","Unassigned"
"5a16aa1d246391fc64647f6181900c13","Bacteria","Pseudomonadota","Alphaproteobacteria","Hyphomicrobiales","Hyphomicrobiaceae","Filomicrobium","Candidatus_Filomicrobium_marinum"
"80224cd7fa78e55bac1c33e206b7188d","Bacteria","Pseudomonadota","Betaproteobacteria","Nitrosomonadales","Neisseriaceae","Methylophilus","Methylophilus_glucosoxydans_strain_B"
"84337ec6e624204c37ebc05d2d53465b","Unassigned","Unassigned","Unassigned","Unassigned","Unassigned","Unassigned","Unassigned"
"bb8cf61e42d43bebd2bfddd83609ef3b","Unassigned","Unassigned","Unassigned","Unassigned","Unassigned","Unassigned","Unassigned"
"02756187f760a163b13c8cee0abde33e","Bacteria","Acidobacteriota","Blastocatellia","Blastocatellales","Blastocatellaceae","Stenotrophobacter","Stenotrophobacter_terrae_strain_Ac_28_D10"
"abba3e48b0dcb9bc091f5563358a20d9","Unassigned","Unassigned","Unassigned","Unassigned","Unassigned","Unassigned","Unassigned"
"4e5c7bbc2615000ca73ca96111bb84e3","Unassigned","Unassigned","Unassigned","Unassigned","Unassigned","Unassigned","Unassigned"
"6e26fa9d0117074c346efec66b61c17b","Unassigned","Unassigned","Unassigned","Unassigned","Unassigned","Unassigned","Unassigned"
"6c8c80d19ee693d690e8ce150407c712","Bacteria","Planctomycetota","Planctomycetia","Gemmatales","Gemmataceae","Urbifossiella","Urbifossiella_limnaea_strain_ETA_A1"
"30eb040ec367b66890768efad0f1db8f","Unassigned","Unassigned","Unassigned","Unassigned","Unassigned","Unassigned","Unassigned"
"2f93e6aa8e788237be0e3b6606e69821","Bacteria","Thermodesulfobacteriota","Desulfuromonadia","Geobacterales","Geobacteraceae","Geobacter","Geobacter_sulfurreducens_PCA"
"fceaf1a34600f831118c1096d31b523d","Bacteria","Pseudomonadota","Alphaproteobacteria","Hyphomicrobiales","Micropepsaceae","Micropepsis","Micropepsis_pineolensis_strain_CS4"
"e38739f62203ad9c51d3a3a9823513fa","Unassigned","Unassigned","Unassigned","Unassigned","Unassigned","Unassigned","Unassigned"
"12212bc0a4bbd7104f4ec999fa6f9da4","Unassigned","Unassigned","Unassigned","Unassigned","Unassigned","Unassigned","Unassigned"
"0618ad278e4ee2fb88f0d2f26de28f5f","Bacteria","Actinomycetota","Acidimicrobiia","Acidimicrobiales","Iamiaceae","Rhabdothermincola","Aciditerrimonas_ferrireducens_JCM_15389_strain_IC-180"
"84f5cf26a00865294760ae5a3655b90c","Bacteria","Planctomycetota","Planctomycetia","Gemmatales","Gemmataceae","Fimbriiglobus","Fimbriiglobus_ruber_strain_SP5"
"6ffefe052fa9a1ff2d9ee865e263453b","Unassigned","Unassigned","Unassigned","Unassigned","Unassigned","Unassigned","Unassigned"
"43f98ef76c678fa06c4231e20eda45f1","Bacteria","Pseudomonadota","Betaproteobacteria","Burkholderiales","","Rhizobacter","Rhizobacter_profundi_strain_DS48-6-5"
"6d21ea70dcf6cd47cae35c8b579abad4","Bacteria","Planctomycetota","Planctomycetia","Pirellulales","Thermoguttaceae","Thermostilla","Thermostilla_marina_strain_SVX8"
"69d0d14f6f9d8621454f6bc4d0706cb7","Unassigned","Unassigned","Unassigned","Unassigned","Unassigned","Unassigned","Unassigned"
"8e725a303c91aa7a54d0e553b7d1435e","Unassigned","Unassigned","Unassigned","Unassigned","Unassigned","Unassigned","Unassigned"
"d5913b24ffaa9a4f57225322c29d5f99","Bacteria","Pseudomonadota","Betaproteobacteria","Rhodocyclales","Zoogloeaceae","Azoarcus","Azoarcus_olearius_strain_DQS-4"
"4bc9d63b53a262f033be915458964834","Unassigned","Unassigned","Unassigned","Unassigned","Unassigned","Unassigned","Unassigned"
"8a6af8d82e99d21988101e21ef4f079c","Bacteria","Planctomycetota","Planctomycetia","Pirellulales","Pirellulaceae","Anatilimnocola","Anatilimnocola_aggregata_strain_ETA_A8"
"ea74a8e6348eec1e5504c9385041fec2","Bacteria","Pseudomonadota","Betaproteobacteria","Burkholderiales","Sphaerotilaceae","Sphaerotilus","Aquincola_agrisoli"
"1b61a87949481471dc2dc7d3737b97fa","Unassigned","Unassigned","Unassigned","Unassigned","Unassigned","Unassigned","Unassigned"
"7687d64c3c8140a8188080895c2471e8","Unassigned","Unassigned","Unassigned","Unassigned","Unassigned","Unassigned","Unassigned"
"aa579e0d7225657c19b68f16d9048063","Unassigned","Unassigned","Unassigned","Unassigned","Unassigned","Unassigned","Unassigned"
"115205654e35d544d4c18bc8863cac30","Bacteria","Verrucomicrobiota","Opitutia","Opitutales","Opitutaceae","Opitutus","Opitutus_terrae_PB90-1"
"756a8c25fffabfbde98a6355759f9be2","Unassigned","Unassigned","Unassigned","Unassigned","Unassigned","Unassigned","Unassigned"
"687e68de3fb274a38c6c6b6c376ca762","Bacteria","Bacteroidota","Sphingobacteriia","Sphingobacteriales","Aurantibacillaceae","Aurantibacillus","Aurantibacillus_circumpalustris_strain_Swamp196"
"32887dd710815ee165c0be8bb4652995","Bacteria","Pseudomonadota","Alphaproteobacteria","Hyphomicrobiales","Hyphomicrobiaceae","Pedomicrobium","Filomicrobium_fusiforme_strain_DSM_5304"
"ff4eaea56105a62d59bd8df59536535c","Bacteria","Pseudomonadota","Alphaproteobacteria","Rhodobacterales","Paracoccaceae","Rhodobacter","Tabrizicola_aquatica_strain_RCRI19"
"ca914df45afb478a166190006ce26627","Bacteria","Acidobacteriota","Vicinamibacteria","Vicinamibacterales","Vicinamibacteraceae","Luteitalea","Luteitalea_pratensis_strain_HEG_-6_39"
"2f7fddbc3f3f86c0accfa1cfaf78a688","Unassigned","Unassigned","Unassigned","Unassigned","Unassigned","Unassigned","Unassigned"
"13291e6805339e8c9c689c3db81b9fb2","Bacteria","Pseudomonadota","Alphaproteobacteria","Rhodospirillales","Acetobacteraceae","Acidocella","Acidocella_aminolytica_strain_101"
"4c4ccb9bf16911c841f5601d18781604","Bacteria","Bacteroidota","Bacteroidia","Marinilabiliales","Marinilabiliaceae","Breznakibacter","Breznakibacter_xylanolyticus_strain_DSM_6779"
"82ca548b5758df337a19995077535cef","Bacteria","Gemmatimonadota","Gemmatimonadia","Gemmatimonadales","Gemmatimonadaceae","Gemmatimonas","Gemmatimonas_phototrophica_strain_AP64"
"55985eaf6c7bef0e4f960cb086fcb7fb","Bacteria","Actinomycetota","Actinomycetes","Propionibacteriales","Nocardioidaceae","Nocardioides","Nocardioides_islandensis_strain_MSL_26"
"0827903a84e318ab36e486e7b82cc462","Unassigned","Unassigned","Unassigned","Unassigned","Unassigned","Unassigned","Unassigned"
"f89522428b978a6105e73aa0fa220d6f","Unassigned","Unassigned","Unassigned","Unassigned","Unassigned","Unassigned","Unassigned"
"ffb3de5f929b968abf79283f91af15f5","Bacteria","Actinomycetota","Actinomycetes","Kitasatosporales","Streptomycetaceae","Streptomyces","Streptacidiphilus_pinicola_strain_MMS16-CNU450"
"7176ed3874fdf94315ae0dee7bf2e4bb","Bacteria","Bacteroidota","Flavobacteriia","Flavobacteriales","Flavobacteriaceae","Flavobacterium","Flavobacterium_bernardetii_strain_F-372"
"afb7bd5be834fccb1a0565fe9db74a2e","Bacteria","Pseudomonadota","Alphaproteobacteria","Hyphomicrobiales","Hyphomicrobiaceae","Hyphomicrobium","Hyphomicrobium_hollandicum_strain_IFAM_KB-677"
"bb5898b9cb503431a52edd71f0b36645","Unassigned","Unassigned","Unassigned","Unassigned","Unassigned","Unassigned","Unassigned"
"5fb3cba068ce21a5a2999f63c9516ed4","Unassigned","Unassigned","Unassigned","Unassigned","Unassigned","Unassigned","Unassigned"
"415f3eea4f79616429b9123b60f833a0","Unassigned","Unassigned","Unassigned","Unassigned","Unassigned","Unassigned","Unassigned"
"26c0cc88357402976536519ac5744804","Unassigned","Unassigned","Unassigned","Unassigned","Unassigned","Unassigned","Unassigned"
"c7580005b75cbbb6421cf5984cd15c1d","Bacteria","Bacteroidota","Chitinophagia","Chitinophagales","Chitinophagaceae","Nemorincola","Nemorincola_caseinilytica_strain_J116-2"
"1aea53dd9433eb049f1a1a075089c5e7","Bacteria","Pseudomonadota","Alphaproteobacteria","Hyphomicrobiales","Nitrobacteraceae","Undibacter","Undibacter_mobilis_strain_GY_H"
"3622e1230131bbfe6806e0da7d12ecff","Unassigned","Unassigned","Unassigned","Unassigned","Unassigned","Unassigned","Unassigned"
"dbf9e71d5d1c4424b74dd32e800c5183","Bacteria","Bacteroidota","Chitinophagia","Chitinophagales","Chitinophagaceae","Terrimonas","Terrimonas_lutea_strain_DY"
"b1821ff151a28d8b0387ef5120ec92af","Bacteria","Pseudomonadota","Alphaproteobacteria","Hyphomicrobiales","Hyphomicrobiaceae","Rhodoplanes","Bauldia_consociata_strain_11"
"6c8007a80f16d0a2017cc643bed786c0","Bacteria","Pseudomonadota","Alphaproteobacteria","Hyphomonadales","Hyphomonadaceae","Asprobacter","Asprobacter_aquaticus_strain_DRW22-8"
"0e8714f27de540a5a0f46cd6c7a86b1a","Bacteria","Planctomycetota","Planctomycetia","Gemmatales","Gemmataceae","Urbifossiella","Urbifossiella_limnaea_strain_ETA_A1"
"2066e8de2385436f9be70e0a6cf23170","Bacteria","Pseudomonadota","Alphaproteobacteria","Rhodobacterales","Paracoccaceae","Gemmobacter","Gemmobacter_fulvus_strain_con5"
"720c569ea0c53d7abdc549c9de9bb124","Bacteria","Pseudomonadota","Alphaproteobacteria","Hyphomicrobiales","Rhabdaerophilaceae","Rhabdaerophilum","Rhabdaerophilum_calidifontis_strain_SYSU_G02060"
"5218c0a8be6cf5f462609ec8e762e302","Unassigned","Unassigned","Unassigned","Unassigned","Unassigned","Unassigned","Unassigned"
"f9e0d8d778eacd3defe511c75ce23f8f","Unassigned","Unassigned","Unassigned","Unassigned","Unassigned","Unassigned","Unassigned"
"da96be6862fc29974f8f45e6af98dcec","Unassigned","Unassigned","Unassigned","Unassigned","Unassigned","Unassigned","Unassigned"
"ca562d99b91708066a5ae93f6611beaa","Unassigned","Unassigned","Unassigned","Unassigned","Unassigned","Unassigned","Unassigned"
"3bc28f4bff9566b5d93a9df0dd49c3b5","Bacteria","Bacteroidota","Chitinophagia","Chitinophagales","Chitinophagaceae","Chitinophaga","Chitinophaga_oryziterrae_strain_YC7001"
"32d8433a4c3fc4402b4aae066bd8836b","Bacteria","Pseudomonadota","Betaproteobacteria","Nitrosomonadales","Nitrosomonadaceae","Nitrosospira","Nitrosospira_lacus_strain_APG3"
"1732f626837970055c181219fe85ea38","Unassigned","Unassigned","Unassigned","Unassigned","Unassigned","Unassigned","Unassigned"
"5e2eeef229540a15bcf71a32a1b8870c","Bacteria","Thermodesulfobacteriota","Desulfuromonadia","Geobacterales","Geobacteraceae","Geobacter","Geobacter_sulfurreducens_PCA"
"30476ab769e5ce90d127e1bce8c5a715","Unassigned","Unassigned","Unassigned","Unassigned","Unassigned","Unassigned","Unassigned"
"d6b282ee77d0e314a90c34bc205a38b1","Unassigned","Unassigned","Unassigned","Unassigned","Unassigned","Unassigned","Unassigned"
"4c7c71d242ac7364929202e1b864cb3a","Bacteria","Pseudomonadota","Betaproteobacteria","Burkholderiales","Comamonadaceae","Rhodoferax","Rhodoferax_lacus_strain_IMCC26218"
"92962518b11b2e690bcebf092801e26e","Unassigned","Unassigned","Unassigned","Unassigned","Unassigned","Unassigned","Unassigned"
"906cd2bfeda1c1357d221ee04e15a1e7","Unassigned","Unassigned","Unassigned","Unassigned","Unassigned","Unassigned","Unassigned"
"e7878dc5406483108334eee9969d5d45","Bacteria","Pseudomonadota","Betaproteobacteria","Burkholderiales","Oxalobacteraceae","Undibacterium","Sapientia_aquatica_strain_SA-152"
"976270a4b290560d8929141b5a5a0ec8","Unassigned","Unassigned","Unassigned","Unassigned","Unassigned","Unassigned","Unassigned"
"6a3f52ff1a71a42d5ddb6bf2ecbd5f23","Unassigned","Unassigned","Unassigned","Unassigned","Unassigned","Unassigned","Unassigned"
"7026e4f4d3a0a37786fdd873944b8347","Unassigned","Unassigned","Unassigned","Unassigned","Unassigned","Unassigned","Unassigned"
"ce48f50dd309c755cc869ebc7070aefa","Bacteria","Nitrospirota","Nitrospiria","Nitrospirales","Nitrospiraceae","Nitrospira","Nitrospira_moscoviensis_strain_NSP_M-1"
"c7123b36f0af65f4822fbe5705448f74","Unassigned","Unassigned","Unassigned","Unassigned","Unassigned","Unassigned","Unassigned"
"fb3171f2b2a0827d777373d98292e88a","Bacteria","Pseudomonadota","Betaproteobacteria","Burkholderiales","Comamonadaceae","Rhodoferax","Rhodoferax_mekongensis"
"82374550e6f533e7d5414abdffb27a76","Unassigned","Unassigned","Unassigned","Unassigned","Unassigned","Unassigned","Unassigned"
"ec12c4b9de280074848f40fce8815895","Unassigned","Unassigned","Unassigned","Unassigned","Unassigned","Unassigned","Unassigned"
"722ee4c99e1d77090b7f741134b13b38","Unassigned","Unassigned","Unassigned","Unassigned","Unassigned","Unassigned","Unassigned"
"385579e49b5d6185c0cb62fdc4a63e77","Bacteria","Actinomycetota","Acidimicrobiia","Acidimicrobiales","Acidimicrobiaceae","Acidimicrobium","Acidimicrobium_ferrooxidans_DSM_10331"
"aad02a66ec9425b95e6959f7cc678303","Bacteria","Bacteroidota","Flavobacteriia","Flavobacteriales","Flavobacteriaceae","Flavobacterium","Flavobacterium_noncentrifugens_strain_R-HLS-17"
"729fe9ed718448dc9a691531d5b3f9d7","Bacteria","Pseudomonadota","Alphaproteobacteria","Rhodospirillales","Acetobacteraceae","Roseomonas","Pararoseomonas_baculiformis"
"c5a8b2b875ec6cea8fea14e5cf37a9f1","Unassigned","Unassigned","Unassigned","Unassigned","Unassigned","Unassigned","Unassigned"
"ae6e5232789af260bc3ffe72f4d38984","Unassigned","Unassigned","Unassigned","Unassigned","Unassigned","Unassigned","Unassigned"
"1387f3bf55f9c658ff6a78507b9bbe49","Unassigned","Unassigned","Unassigned","Unassigned","Unassigned","Unassigned","Unassigned"
"2ffb9759fded9cbe7a815333cac7a52f","Bacteria","Pseudomonadota","Alphaproteobacteria","Rhodospirillales","Acetobacteraceae","Paeniroseomonas","Paeniroseomonas_fluminis_strain_D3"
"79f08c45a2c663c09e3385002f7bea51","Bacteria","Verrucomicrobiota","Spartobacteria","Chthoniobacterales","Chthoniobacteraceae","Chthoniobacter","Chthoniobacter_flavus_Ellin428"
"86080d1a9b0012806c9cefdd86aaa001","Unassigned","Unassigned","Unassigned","Unassigned","Unassigned","Unassigned","Unassigned"
"f860f2689fb81c21855dcc8838821294","Unassigned","Unassigned","Unassigned","Unassigned","Unassigned","Unassigned","Unassigned"
"782e665b8b43aab8ace566e07ba8b0b6","Unassigned","Unassigned","Unassigned","Unassigned","Unassigned","Unassigned","Unassigned"
"a5a0acc4c849b85ecbb411809e25ca2b","Unassigned","Unassigned","Unassigned","Unassigned","Unassigned","Unassigned","Unassigned"
"25ecec4322776a66be8f19cf945cb75d","Bacteria","Pseudomonadota","Alphaproteobacteria","Rhodospirillales","Acetobacteraceae","Falsiroseomonas","Falsiroseomonas_riguiloci_strain_03SU10-P"
"01d1cdb838ff5b808191be2aeb1eee4c","Bacteria","Bacteroidota","Chitinophagia","Chitinophagales","Chitinophagaceae","Ferruginibacter","Ferruginibacter_profundus_strain_DS48-5-3"
"ba1a208d3f87a95eb4a74eabdbbc6dbe","Bacteria","Bacteroidota","Sphingobacteriia","Sphingobacteriales","Sphingobacteriaceae","Solitalea","Solitalea_koreensis_strain_R2A36-4"
"b2c6605ee5909a36691cefdc8abf71b3","Bacteria","Bacteroidota","Sphingobacteriia","Sphingobacteriales","Aurantibacillaceae","Aurantibacillus","Aurantibacillus_circumpalustris_strain_Swamp196"
"3da3f4e401ca63c98b726170ea3cb22f","Bacteria","Pseudomonadota","Betaproteobacteria","Nitrosomonadales","Methylophilaceae","Methylophilus","Methylophilus_medardicus"
"cae559ffacb080035701dfed20bebd2e","Bacteria","Pseudomonadota","Gammaproteobacteria","Chromatiales","Thioprofundaceae","Thioprofundum","Thioprofundum_lithotrophicum_strain_106"
"684fb90ce2eab8998b714513878cb9bd","Bacteria","Planctomycetota","Planctomycetia","Gemmatales","Gemmataceae","Zavarzinella","Zavarzinella_formosa_strain_A10"
"1489b4c290e8e1a3a6f518c43b8d84e3","Unassigned","Unassigned","Unassigned","Unassigned","Unassigned","Unassigned","Unassigned"
"9969ad289817f3ed93d1b51064f4ec04","Bacteria","Pseudomonadota","Betaproteobacteria","Burkholderiales","Comamonadaceae","Rhodoferax","Rhodoferax_bucti"
"7ff7a8d4f4ccbdaa4fa8050bc1a97f73","Unassigned","Unassigned","Unassigned","Unassigned","Unassigned","Unassigned","Unassigned"
"89400a8dc9728dd01e14c15150658a59","Bacteria","Pseudomonadota","Alphaproteobacteria","Hyphomicrobiales","Micropepsaceae","Micropepsis","Micropepsis_pineolensis_strain_CS4"
"b1f054195e5760a6d0d25ccbf2ffbdc4","Bacteria","Myxococcota","","Haliangiales","Kofleriaceae","Haliangium","Haliangium_tepidum_strain_SMP-10"
"12a5872776bbf1cee91a8ea672f5984b","Bacteria","Pseudomonadota","Alphaproteobacteria","Caulobacterales","Caulobacteraceae","Caulobacter","Caulobacter_ginsengisoli_strain_Gsoil_317"
"d656f89f73d15179f87f8bf887ae0cce","Bacteria","Pseudomonadota","Betaproteobacteria","Nitrosomonadales","Methylophilaceae","Methylophilus","Methylophilus_rhizosphaerae_strain_CBMB127"
"dd13238dac3879739f176f15a0052e0e","Unassigned","Unassigned","Unassigned","Unassigned","Unassigned","Unassigned","Unassigned"
"36471327180591bbefb04ab8774e6103","Bacteria","Verrucomicrobiota","Spartobacteria","Chthoniobacterales","Chthoniobacteraceae","Chthoniobacter","Chthoniobacter_flavus_Ellin428"
"907e8081cb83b5655bbb4e75cc5eea52","Bacteria","Planctomycetota","Planctomycetia","Pirellulales","Pirellulaceae","Anatilimnocola","Anatilimnocola_aggregata_strain_ETA_A8"
"246e2de850d3a853fd58864b1ac6770f","Unassigned","Unassigned","Unassigned","Unassigned","Unassigned","Unassigned","Unassigned"
"a91b9529c75e971c552832a9b140868e","Bacteria","Pseudomonadota","Alphaproteobacteria","Hyphomicrobiales","Reyranellaceae","Reyranella","Reyranella_soli_strain_KIS14-15"
"cf0d95985e4f18753ec516fb0eefcf43","Bacteria","Cyanobacteriota","Cyanophyceae","Synechococcales","Synechococcaceae","Vulcanococcus","Vulcanococcus_limneticus"
"d7b55933c164c50c47c596c484e016c3","Unassigned","Unassigned","Unassigned","Unassigned","Unassigned","Unassigned","Unassigned"
"1954ebcdfd002a29763407da91724079","Bacteria","Pseudomonadota","Alphaproteobacteria","Hyphomicrobiales","Hyphomicrobiaceae","Rhodoplanes","Pseudolabrys_taiwanensis_strain_CC-BB4"
"f88895b1dce1968bd90e47c8bebcd428","Unassigned","Unassigned","Unassigned","Unassigned","Unassigned","Unassigned","Unassigned"
"8675d57c5b65e50790c4bc38247afdba","Unassigned","Unassigned","Unassigned","Unassigned","Unassigned","Unassigned","Unassigned"
"1f989af3e5f52473fae371d7f37f25db","Unassigned","Unassigned","Unassigned","Unassigned","Unassigned","Unassigned","Unassigned"
"b3d441be4103cd24fc4e34785e266c53","Bacteria","Planctomycetota","Planctomycetia","Gemmatales","Gemmataceae","Gemmata","Thermogemmata_fonticola"
"0d79855ef65f6eacd989ea32ab20e634","Bacteria","Pseudomonadota","Alphaproteobacteria","Sphingomonadales","Sphingomonadaceae","Sphingomonas","Sphingomonas_polyaromaticivorans_strain_B2-7"
"32aa30c41133d258bec3f68f5918cedf","Unassigned","Unassigned","Unassigned","Unassigned","Unassigned","Unassigned","Unassigned"
"0c10b64701f957f4ed40ade41fbaa334","Unassigned","Unassigned","Unassigned","Unassigned","Unassigned","Unassigned","Unassigned"
"b7237016c9468646e110c256bf9d7da8","Bacteria","Pseudomonadota","Gammaproteobacteria","Chromatiales","Thioprofundaceae","Thioprofundum","Thioprofundum_lithotrophicum_strain_106"
"4aa6d5be6fddac6d256bd8690158f8ac","Unassigned","Unassigned","Unassigned","Unassigned","Unassigned","Unassigned","Unassigned"
"39ef5e9932cea77d5e6cf41fd9010b8b","Unassigned","Unassigned","Unassigned","Unassigned","Unassigned","Unassigned","Unassigned"
"efd48f2065af7911be09f86b9b0672ae","Unassigned","Unassigned","Unassigned","Unassigned","Unassigned","Unassigned","Unassigned"
"d6bc4339ba0b61d88d7c91ab4e210c12","Bacteria","Chlamydiota","Chlamydiia","Parachlamydiales","Parachlamydiaceae","Protochlamydia","Candidatus_Protochlamydia_naegleriophila"
"a8a9bf2ba1cc0673e9f8cd60f7120870","Bacteria","Bacteroidota","Saprospiria","Saprospirales","Lewinellaceae","Flavilitoribacter","Flavilitoribacter_nigricans_strain_ATCC_23147"
"b1f6a7517645c50e2ef65c0e083de6b0","Unassigned","Unassigned","Unassigned","Unassigned","Unassigned","Unassigned","Unassigned"
"187fa7c5640448cfce4f798a163bfc9a","Bacteria","Bacteroidota","Chitinophagia","Chitinophagales","Chitinophagaceae","Ferruginibacter","Ferruginibacter_alkalilentus_strain_HU1-GD23"
"32b3227f9f3817a998815468fbb117c5","Bacteria","Planctomycetota","Planctomycetia","Planctomycetales","Planctomycetaceae","Symmachiella","Symmachiella_macrocystis_strain_CA54"
"6c710e6e79cd7d410aa4b40bf674d739","Bacteria","Pseudomonadota","Betaproteobacteria","Burkholderiales","Oxalobacteraceae","Noviherbaspirillum","Noviherbaspirillum_denitrificans_strain_TSA40"
"6cc90bc911150e5e510a286f693d6a60","Bacteria","Planctomycetota","Planctomycetia","Gemmatales","Gemmataceae","Fimbriiglobus","Fimbriiglobus_ruber_strain_SP5"
"f0be333f2bd57aca4421f8ec1d328754","Unassigned","Unassigned","Unassigned","Unassigned","Unassigned","Unassigned","Unassigned"
"996787e220007425384649d23f948009","Bacteria","Pseudomonadota","Gammaproteobacteria","Legionellales","Coxiellaceae","Aquicella","Aquicella_siphonis_strain_SGT-108"
"76a32f8e9fdcbbc65cf268056fd05206","Bacteria","Acidobacteriota","Terriglobia","Bryobacterales","Bryobacteraceae","Paludibaculum","Paludibaculum_fermentans_strain_P105"
"fae75beb42ea74dd69cd2f5954c9565c","Unassigned","Unassigned","Unassigned","Unassigned","Unassigned","Unassigned","Unassigned"
"15a9237de0cf3f0a5e086410c4211c46","Unassigned","Unassigned","Unassigned","Unassigned","Unassigned","Unassigned","Unassigned"
"435d6b6ed6835e6c71e482c5a37d3e89","Unassigned","Unassigned","Unassigned","Unassigned","Unassigned","Unassigned","Unassigned"
"589ee4977a0c193c61e1a77b5d9207db","Bacteria","Pseudomonadota","Gammaproteobacteria","","","Acidibacter","Acidibacter_ferrireducens_strain_MCF85"
"dda787831e2151591fa1e8a49b7d72d3","Bacteria","Pseudomonadota","Alphaproteobacteria","Hyphomonadales","Hyphomonadaceae","Vitreimonas","Vitreimonas_flagellata_strain_SYSU_XM001"
"07f2cafd859b40fa0ca028c89d1d8fa3","Bacteria","Pseudomonadota","Betaproteobacteria","","Casimicrobiaceae","Casimicrobium","Casimicrobium_huifangae"
"35c44ff54827268b62830056282da6c2","Bacteria","Verrucomicrobiota","Verrucomicrobiia","Verrucomicrobiales","Verrucomicrobiaceae","Prosthecobacter","Prosthecobacter_fluviatilis_strain_HAQ-1"
"38a928d23351140e1cc5627c925ee202","Bacteria","Pseudomonadota","Alphaproteobacteria","Holosporales","Caedimonadaceae","Caedimonas","Caedimonas_varicaedens_strain_221"
"d1785455b383b43ddb46e0448796cd97","Unassigned","Unassigned","Unassigned","Unassigned","Unassigned","Unassigned","Unassigned"
"eecfe67a2ce230e23cf24b18bcaf9e67","Unassigned","Unassigned","Unassigned","Unassigned","Unassigned","Unassigned","Unassigned"
"05bc0d10e7ff86162d08758b1dc4be51","Bacteria","Pseudomonadota","Betaproteobacteria","Nitrosomonadales","Sterolibacteriaceae","Georgfuchsia","Georgfuchsia_toluolica_strain_G5G6"
"1af674d574d28591e46b211d0501356b","Bacteria","Bacteroidota","Chitinophagia","Chitinophagales","Chitinophagaceae","Ferruginibacter","Ferruginibacter_alkalilentus_strain_HU1-GD23"
"9f5c4eca427c3347e37723894904f2f1","Unassigned","Unassigned","Unassigned","Unassigned","Unassigned","Unassigned","Unassigned"
"a9e207c30a7293545f43f7dabcf13683","Bacteria","Bacteroidota","Sphingobacteriia","Sphingobacteriales","Aurantibacillaceae","Aurantibacillus","Aurantibacillus_circumpalustris_strain_Swamp196"
"8589513956506919c004ce5752957320","Bacteria","Actinomycetota","Actinomycetes","Kitasatosporales","Streptomycetaceae","Embleya","Embleya_scabrispora_strain_NBRC_100760"
"86f60891c24745bddd076e302dbf59e1","Bacteria","Planctomycetota","Planctomycetia","Gemmatales","Gemmataceae","Urbifossiella","Urbifossiella_limnaea_strain_ETA_A1"
"d1d8343823fb0b5489e497925ffc144f","Unassigned","Unassigned","Unassigned","Unassigned","Unassigned","Unassigned","Unassigned"
"6d3043c7bc77f84929ce10e701115223","Unassigned","Unassigned","Unassigned","Unassigned","Unassigned","Unassigned","Unassigned"
"54cb38adf7ee089ae546f212548d287a","Unassigned","Unassigned","Unassigned","Unassigned","Unassigned","Unassigned","Unassigned"
"2c9270c98494e1b45c9ce057fb158e60","Unassigned","Unassigned","Unassigned","Unassigned","Unassigned","Unassigned","Unassigned"
"332a90702ed215cc9d1be7766e1ee405","Bacteria","Planctomycetota","Planctomycetia","Planctomycetales","Planctomycetaceae","Symmachiella","Symmachiella_macrocystis_strain_CA54"
"40b26c8a96e34eb14526cbee6ee5c059","Bacteria","Planctomycetota","Planctomycetia","Gemmatales","Gemmataceae","Zavarzinella","Zavarzinella_formosa_strain_A10"
"232320065f891aa69818db86196a0616","Unassigned","Unassigned","Unassigned","Unassigned","Unassigned","Unassigned","Unassigned"
"4daf0b24832bdabc730c8d454802e357","Bacteria","Planctomycetota","Planctomycetia","Pirellulales","Pirellulaceae","Anatilimnocola","Anatilimnocola_aggregata_strain_ETA_A8"
"f95e0dfcc454210a2669d7d46d3aa14b","Unassigned","Unassigned","Unassigned","Unassigned","Unassigned","Unassigned","Unassigned"
"c99a0cbb96f8c23e4539667d9bea79b7","Bacteria","Pseudomonadota","Betaproteobacteria","Nitrosomonadales","Nitrosomonadaceae","Nitrosospira","Nitrosospira_lacus_strain_APG3"
"cf01104bdc5571007e5802b5fa8f96f8","Bacteria","Bacteroidota","Saprospiria","Saprospirales","Haliscomenobacteraceae","Haliscomenobacter","Haliscomenobacter_hydrossis_strain_DSM_1100"
"74df6362655d1b6421223193364f3b08","Unassigned","Unassigned","Unassigned","Unassigned","Unassigned","Unassigned","Unassigned"
"3365eb28c016bb275d6d29f27a856e6b","Bacteria","Pseudomonadota","Alphaproteobacteria","Rhodospirillales","Dongiaceae","Dongia","Dongia_mobilis_strain_LM22"
"016499bbbd0ed21f147356db2cff82b5","Unassigned","Unassigned","Unassigned","Unassigned","Unassigned","Unassigned","Unassigned"
"e1cc15fe256ae36e93357de9a0686052","Bacteria","Gemmatimonadota","Gemmatimonadia","Gemmatimonadales","Gemmatimonadaceae","Gemmatimonas","Gemmatimonas_aurantiaca_T-27"
"dfe50fd952a2cdb46c1ffe7d98fb11f9","Unassigned","Unassigned","Unassigned","Unassigned","Unassigned","Unassigned","Unassigned"
"ae8c519bcc2f333c7e261657b111ee43","Bacteria","Pseudomonadota","Alphaproteobacteria","Hyphomicrobiales","Nitrobacteraceae","Undibacter","Undibacter_mobilis_strain_GY_H"
"4b6da8fe83df14df6fb13720a427fd86","Bacteria","Gemmatimonadota","Gemmatimonadia","Gemmatimonadales","Gemmatimonadaceae","Gemmatimonas","Gemmatimonas_groenlandica"
"462e051b77b23fa2e221b82833e91f3c","Bacteria","Acidobacteriota","Blastocatellia","Blastocatellales","Blastocatellaceae","Stenotrophobacter","Stenotrophobacter_terrae_strain_Ac_28_D10"
"564c3c6db0e24f7cf7fffca3fd880f73","Unassigned","Unassigned","Unassigned","Unassigned","Unassigned","Unassigned","Unassigned"
"8ce08ae67ac0b27d770b32fc3bd531bf","Bacteria","Acidobacteriota","Vicinamibacteria","Vicinamibacterales","Vicinamibacteraceae","Vicinamibacter","Vicinamibacter_silvestris_strain_Ac_5_C6"
"609a70b4abb6732b18a8f28488079b8e","Bacteria","Pseudomonadota","Alphaproteobacteria","Hyphomicrobiales","Blastochloridaceae","Blastochloris","Blastochloris_viridis_strain_DSM_133"
"3d218d8b8510cc2ebd75e20e9d05f269","Bacteria","Planctomycetota","Planctomycetia","Gemmatales","Gemmataceae","Zavarzinella","Zavarzinella_formosa_strain_A10"
"67e108fc50e06b45b12377377e21c832","Unassigned","Unassigned","Unassigned","Unassigned","Unassigned","Unassigned","Unassigned"
"969f6b92f3ac0dc71acc51069bf55314","Bacteria","Pseudomonadota","Gammaproteobacteria","Lysobacterales","Lysobacteraceae","Arenimonas","Arenimonas_taoyuanensis_strain_YN2-31A"
"36e9823fa67b71f4ac0c5adef5f57020","Unassigned","Unassigned","Unassigned","Unassigned","Unassigned","Unassigned","Unassigned"
"9eb6d616b815da10c7e581eb94f6c5be","Bacteria","Pseudomonadota","Betaproteobacteria","Rhodocyclales","Azonexaceae","Dechloromonas","Dechloromonas_hortensis_strain_MA-1"
"b3bf497c6108d2f74fa610415346c345","Bacteria","Pseudomonadota","Betaproteobacteria","Nitrosomonadales","Sterolibacteriaceae","Nitrosovibrio","Nitrosovibrio_tenuis"
"55f2489b3e0cec9e66baf3c32be7dbc6","Unassigned","Unassigned","Unassigned","Unassigned","Unassigned","Unassigned","Unassigned"
"790a379bc388d7d557b47aa32b9f0685","Bacteria","Bacteroidota","Flavobacteriia","Flavobacteriales","Flavobacteriaceae","Flavobacterium","Flavobacterium_phycosphaerae_strain_MK012"
"e56b6441147fb563968fea7481d8113e","Bacteria","Chloroflexota","Anaerolineae","Anaerolineales","Candidatus_Villigracilaceae","Candidatus_Villigracilis","Candidatus_Villigracilis_vicinus"
"359e421fb655e879c6598106ad132fdc","Bacteria","Pseudomonadota","Alphaproteobacteria","Rhodospirillales","Acetobacteraceae","Acidisoma","Acidisoma_tundrae_strain_WM1"
"948004269a0876db7595daabcdf7a17f","Bacteria","Pseudomonadota","Gammaproteobacteria","Chromatiales","Thioprofundaceae","Thioprofundum","Thioprofundum_lithotrophicum_strain_106"
"4c889fcdda4865e3f642bccfe4c2a93f","Bacteria","Pseudomonadota","Alphaproteobacteria","Hyphomicrobiales","Hyphomicrobiaceae","Hyphomicrobium","Hyphomicrobium_facile_strain_IFAM_H-526"
"6252da0efd4075078faef4ad48bd4c6d","Unassigned","Unassigned","Unassigned","Unassigned","Unassigned","Unassigned","Unassigned"
"f7488e451e814f1c436b56751fd1e10c","Bacteria","Bacteroidota","Chitinophagia","Chitinophagales","Chitinophagaceae","Ferruginibacter","Ferruginibacter_lapsinanis_strain_HU1-HG42"
"80629bdba7ca3d4e8dd29eb55750190d","Bacteria","Actinomycetota","Actinomycetes","Propionibacteriales","Nocardioidaceae","Nocardioides","Nocardioides_hwasunensis_strain_HFW-21"
"fa093f5df4c522a248075a7e5615acc4","Bacteria","Pseudomonadota","Betaproteobacteria","Rhodocyclales","Zoogloeaceae","Azoarcus","Azoarcus_olearius_strain_DQS-4"
"d4a0a0442492938769428ade5d7bc103","Unassigned","Unassigned","Unassigned","Unassigned","Unassigned","Unassigned","Unassigned"
"f2b991a12024f1b4f4ba506636382927","Bacteria","Pseudomonadota","Alphaproteobacteria","Holosporales","Caedimonadaceae","Caedimonas","Caedimonas_varicaedens_strain_221"
"c17b589c3bff7cfdad75a306223d9e67","Unassigned","Unassigned","Unassigned","Unassigned","Unassigned","Unassigned","Unassigned"
"1086865b36ed47074d515b849c18f297","Bacteria","Pseudomonadota","Gammaproteobacteria","Chromatiales","Thioprofundaceae","Thioprofundum","Sulfuriflexus_mobilis_strain_aks1"
"ec61c4bc2d46140662a67492d5b7a90e","Unassigned","Unassigned","Unassigned","Unassigned","Unassigned","Unassigned","Unassigned"
"f3747781891c7799909b091b5ae2e146","Unassigned","Unassigned","Unassigned","Unassigned","Unassigned","Unassigned","Unassigned"
"0e0409189c945a596396ee8a15c1a66c","Bacteria","Planctomycetota","Planctomycetia","Planctomycetales","Planctomycetaceae","Symmachiella","Symmachiella_macrocystis_strain_CA54"
"7701cd05bb391368e5ec0a661fb23c79","Unassigned","Unassigned","Unassigned","Unassigned","Unassigned","Unassigned","Unassigned"
"79d9e031c795242b4aff9519be5c595f","Unassigned","Unassigned","Unassigned","Unassigned","Unassigned","Unassigned","Unassigned"
"066c5bfc6edb7e7f9506b3a2824ed113","Unassigned","Unassigned","Unassigned","Unassigned","Unassigned","Unassigned","Unassigned"
"801334c6c16bfa9be825be2d1749d106","Bacteria","Planctomycetota","Planctomycetia","Planctomycetales","Planctomycetaceae","Fuerstiella","Fuerstiella_marisgermanici_strain_NH11"
"cfa812bc6ba9953ccfc449c27fd6daf8","Bacteria","Bacteroidota","Chitinophagia","Chitinophagales","Chitinophagaceae","Nemorincola","Nemorincola_caseinilytica_strain_J116-2"
"738bbfb4cd136c17c35f03ba5bb2d1cb","Bacteria","Pseudomonadota","Betaproteobacteria","Nitrosomonadales","Sterolibacteriaceae","Georgfuchsia","Georgfuchsia_toluolica_strain_G5G6"
"6b96b5672246c5b13c1391f2c1f2bb93","Unassigned","Unassigned","Unassigned","Unassigned","Unassigned","Unassigned","Unassigned"
"b5f17cf7d5ce607ea07090afedeed9d3","Unassigned","Unassigned","Unassigned","Unassigned","Unassigned","Unassigned","Unassigned"
"49a421f4674c4132c16df4c8d18b1b6b","Bacteria","Bacteroidota","Chitinophagia","Chitinophagales","Chitinophagaceae","Chitinophaga","Chitinophaga_oryziterrae_strain_YC7001"
"95a6475e3727af6c41a31a9a87d94b68","Unassigned","Unassigned","Unassigned","Unassigned","Unassigned","Unassigned","Unassigned"
"7b0594d039aa7c4fe1de118caf496302","Bacteria","Pseudomonadota","Betaproteobacteria","Nitrosomonadales","Usitatibacteraceae","Usitatibacter","Usitatibacter_palustris_strain_Swamp67"
"a736e47043812f0b1a9ae1dfa7f5f087","Bacteria","Bacteroidota","Flavobacteriia","Flavobacteriales","Crocinitomicaceae","Putridiphycobacter","Putridiphycobacter_roseus_strain_SM1701"
"756236f388251f9edd79d7a19320412f","Unassigned","Unassigned","Unassigned","Unassigned","Unassigned","Unassigned","Unassigned"
"fa7439295df7efcbabfc109753661a54","Bacteria","Planctomycetota","Planctomycetia","Pirellulales","Pirellulaceae","Pirellula","Pirellula_staleyi_DSM_6068"
"00884c4fef05cbab0128519165860e8b","Bacteria","Pseudomonadota","Betaproteobacteria","Rhodocyclales","Zoogloeaceae","Azoarcus","Azoarcus_olearius_strain_DQS-4"
"35923981f8556d49e3624b8dd3cf9b2b","Bacteria","Planctomycetota","Planctomycetia","Gemmatales","Gemmataceae","Zavarzinella","Zavarzinella_formosa_strain_A10"
"cfe98244ff6d7c0ae9fbaaa0c3dbb45c","Bacteria","Planctomycetota","Planctomycetia","Gemmatales","Gemmataceae","Zavarzinella","Zavarzinella_formosa_strain_A10"
"cdaeb06f4076a9c9de997a0fd3636a91","Bacteria","Pseudomonadota","Gammaproteobacteria","Oceanospirillales","Oceanospirillaceae","Maribrevibacterium","Maribrevibacterium_harenarium_strain_HB171799"
"c66dae08e3330d7913aaaa05e4b07186","Unassigned","Unassigned","Unassigned","Unassigned","Unassigned","Unassigned","Unassigned"
"b2450ae54d1adf01b50df78108ada98d","Bacteria","Planctomycetota","Planctomycetia","Planctomycetales","Planctomycetaceae","Symmachiella","Symmachiella_macrocystis_strain_CA54"
"0145e54fdb2a1da65a4a0d2e215f5520","Bacteria","Verrucomicrobiota","Verrucomicrobiia","Verrucomicrobiales","Verrucomicrobiaceae","Prosthecobacter","Prosthecobacter_debontii_strain_FC3"
"8b9aadbf5b01584dcad0ca08e5a551bd","Bacteria","Verrucomicrobiota","Verrucomicrobiia","Verrucomicrobiales","Verrucomicrobiaceae","Prosthecobacter","Prosthecobacter_vanneervenii_strain_FC2"
"72f241aeb966387b8d43364d7a1dd621","Unassigned","Unassigned","Unassigned","Unassigned","Unassigned","Unassigned","Unassigned"
"87db0d76395ab75460659895cde20f96","Bacteria","Pseudomonadota","Alphaproteobacteria","Caulobacterales","Caulobacteraceae","Brevundimonas","Brevundimonas_goettingensis_strain_LVF2"
"359743eff6a30cfeb511e61d2d9c1aeb","Bacteria","Bacteroidota","Flavobacteriia","Flavobacteriales","Crocinitomicaceae","Fluviicola","Fluviicola_taffensis_strain_DSM_16823"
"6985df5172977cc92bb0e05295a16215","Unassigned","Unassigned","Unassigned","Unassigned","Unassigned","Unassigned","Unassigned"
"2ac83cdde784651e065fed86680a5190","Bacteria","Bacillota","Bacilli","Bacillales","Paenibacillaceae","Paenibacillus","Paenibacillus_marchantiae"
"b93dd0234c8747897aa659a2366fa1b2","Unassigned","Unassigned","Unassigned","Unassigned","Unassigned","Unassigned","Unassigned"
"9b0426e5ccea4a18180ba7d12a34c641","Bacteria","Pseudomonadota","Alphaproteobacteria","Holosporales","Candidatus_Paracaedibacteraceae","Paracaedibacter","Candidatus_Paracaedibacter_symbiosus"
"40262100b1aad0095fcd10170925370b","Bacteria","Acidobacteriota","Vicinamibacteria","Vicinamibacterales","Vicinamibacteraceae","Luteitalea","Luteitalea_pratensis_strain_HEG_-6_39"
"8133b2a0f2dcede7d3eecd6cd24af778","Unassigned","Unassigned","Unassigned","Unassigned","Unassigned","Unassigned","Unassigned"
"69ba109d2ebab617a65684df73a97241","Unassigned","Unassigned","Unassigned","Unassigned","Unassigned","Unassigned","Unassigned"
"3b229b15fd45fd3381b7a6848021e83a","Bacteria","Pseudomonadota","Betaproteobacteria","Nitrosomonadales","Gallionellaceae","Nitrotoga","Candidatus_Nitrotoga_fabula"
"275fb4775fd45418c601a7ed74a4b4d3","Unassigned","Unassigned","Unassigned","Unassigned","Unassigned","Unassigned","Unassigned"
"0e356a5cebd1789733e472981a59c46e","Bacteria","Verrucomicrobiota","Spartobacteria","Chthoniobacterales","Chthoniobacteraceae","Chthoniobacter","Chthoniobacter_flavus_Ellin428"
"08a093129d64185f69835a31f0abfb09","Bacteria","Planctomycetota","Planctomycetia","Gemmatales","Gemmataceae","Fimbriiglobus","Fimbriiglobus_ruber_strain_SP5"
"8da59e8daf87d6929dafd891e6b83a30","Bacteria","Chloroflexota","Caldilineae","Caldilineales","Caldilineaceae","Litorilinea","Litorilinea_aerophila_strain_PRI-4131"
"8041bc98af8563a8212c57446451435d","Unassigned","Unassigned","Unassigned","Unassigned","Unassigned","Unassigned","Unassigned"
"183aaff8c2a1aa1068e5ef11790ad2f6","Unassigned","Unassigned","Unassigned","Unassigned","Unassigned","Unassigned","Unassigned"
"5c76fd4573f24757d6e266523a3f39c3","Bacteria","Pseudomonadota","Gammaproteobacteria","Moraxellales","Moraxellaceae","Fluviicoccus","Fluviicoccus_keumensis_strain_4DR5"
"9af3c87c425a41b4421799ea9e18a7e4","Unassigned","Unassigned","Unassigned","Unassigned","Unassigned","Unassigned","Unassigned"
"bd641d38d6c588ab9dfabe8314bd5f0a","Unassigned","Unassigned","Unassigned","Unassigned","Unassigned","Unassigned","Unassigned"
"1dd4a568b894d634a30a208823c0c655","Bacteria","Planctomycetota","Planctomycetia","Gemmatales","Gemmataceae","Fimbriiglobus","Fimbriiglobus_ruber_strain_SP5"
"d2be3e89cb8b7504500a28a8e4dd3543","Bacteria","Acidobacteriota","Vicinamibacteria","Vicinamibacterales","Vicinamibacteraceae","Vicinamibacter","Vicinamibacter_silvestris_strain_Ac_5_C6"
"32ba17dc8fe2ac5f92d094d9c4f4413e","Unassigned","Unassigned","Unassigned","Unassigned","Unassigned","Unassigned","Unassigned"
"34c44dba0d082c6d0375693f50b732a8","Bacteria","Verrucomicrobiota","Spartobacteria","Chthoniobacterales","Chthoniobacteraceae","Chthoniobacter","Chthoniobacter_flavus_Ellin428"
"f6a26e3b99a1870e5b0f2492015d891c","Unassigned","Unassigned","Unassigned","Unassigned","Unassigned","Unassigned","Unassigned"
"113d08643768807d053542c1dd6ec100","Bacteria","Acidobacteriota","Vicinamibacteria","Vicinamibacterales","Vicinamibacteraceae","Vicinamibacter","Vicinamibacter_silvestris_strain_Ac_5_C6"
"c3a553f0c8390f55bd910acac1860734","Bacteria","Bacteroidota","Sphingobacteriia","Sphingobacteriales","Sphingobacteriaceae","Solitalea","Solitalea_koreensis_strain_R2A36-4"
"0f947167eba1a465b2a2e60ad4fef338","Unassigned","Unassigned","Unassigned","Unassigned","Unassigned","Unassigned","Unassigned"
"95a6158af4c8e1d8541ac6b4de70545a","Unassigned","Unassigned","Unassigned","Unassigned","Unassigned","Unassigned","Unassigned"
"5075bcb1cbc59c2c1c21661f45b1426c","Bacteria","Pseudomonadota","Alphaproteobacteria","Sphingomonadales","Sphingomonadaceae","Sphingomonas","Sphingomonas_albertensis"
"db4e21bd61a7d2ce44704f4b2b270a89","Bacteria","Bacteroidota","Cytophagia","Cytophagales","Leadbetterellaceae","Emticicia","Emticicia_aquatica_strain_HMF2925"
"2004d42853e451c6405b3d055c6ba338","Unassigned","Unassigned","Unassigned","Unassigned","Unassigned","Unassigned","Unassigned"
"94c8f1230a616b4055bc8df3cc50a741","Unassigned","Unassigned","Unassigned","Unassigned","Unassigned","Unassigned","Unassigned"
"aad9bec6784dc92bbe98cf84afdb2eeb","Unassigned","Unassigned","Unassigned","Unassigned","Unassigned","Unassigned","Unassigned"
"b184cc63e85bf9a52e855f28a068333c","Bacteria","Acidobacteriota","Vicinamibacteria","Vicinamibacterales","Vicinamibacteraceae","Vicinamibacter","Vicinamibacter_silvestris_strain_Ac_5_C6"
"bc57e193587262cd20c8ae997ee260b1","Bacteria","Pseudomonadota","Alphaproteobacteria","Holosporales","Holosporaceae","Candidatus_Bealeia","Candidatus_Bealeia_paramacronuclearis"
"861bd72fd8d7081ac4f2ed291d33cf71","Bacteria","Bacteroidota","Chitinophagia","Chitinophagales","Chitinophagaceae","Sediminibacterium","Sediminibacterium_lactis_strain_LCJ02"
"20d49650bd9a545c026b769d253ecbb1","Bacteria","Bacteroidota","Sphingobacteriia","Sphingobacteriales","Sphingobacteriaceae","Mucilaginibacter","Desertivirga_xinjiangensis_strain_12157"
"ff5132843becd163c2cf77ac1fac2962","Bacteria","Pseudomonadota","Gammaproteobacteria","Pseudomonadales","Pseudomonadaceae","Pseudomonas","Pseudomonas_marvdashtae"
"99a0c110ae5e170d58513c5542fa8dde","Bacteria","Chlamydiota","Chlamydiia","Parachlamydiales","Parachlamydiaceae","Protochlamydia","Candidatus_Protochlamydia_naegleriophila"
"25ee70353e8ee3572d6501266dc38d5d","Unassigned","Unassigned","Unassigned","Unassigned","Unassigned","Unassigned","Unassigned"
"dcd7e6e62c1584150bbf666dc4f92054","Bacteria","Nitrospirota","Nitrospiria","Nitrospirales","Nitrospiraceae","Nitrospira","Nitrospira_japonica_strain_J1"
"62aa9a8a9f40ef608a8374602f148877","Bacteria","Acidobacteriota","Vicinamibacteria","Vicinamibacterales","Vicinamibacteraceae","Luteitalea","Luteitalea_pratensis_strain_HEG_-6_39"
"abf5617cb1b740a5d2006ccca92c99b6","Unassigned","Unassigned","Unassigned","Unassigned","Unassigned","Unassigned","Unassigned"
"96f1d282a399601e9d9d89d058a12350","Unassigned","Unassigned","Unassigned","Unassigned","Unassigned","Unassigned","Unassigned"
"d66a783a7e0678cdaa8f299bf9eea1ee","Bacteria","Pseudomonadota","Betaproteobacteria","Nitrosomonadales","Methylophilaceae","Methylophilus","Methylophilus_medardicus"
"c1a236ce9664cac80cd1a614e333354e","Unassigned","Unassigned","Unassigned","Unassigned","Unassigned","Unassigned","Unassigned"
"bf0f9f09f8dfe90f632c85a09d9308c8","Unassigned","Unassigned","Unassigned","Unassigned","Unassigned","Unassigned","Unassigned"
"fe709539f30f919818b77e9807a32387","Bacteria","Bdellovibrionota","Bdellovibrionia","Bdellovibrionales","Pseudobdellovibrionaceae","Pseudobdellovibrio","Pseudobdellovibrio_exovorus_JSS"
"75c889bb1cc4ed322ebfe400266ccacb","Bacteria","Bacteroidota","Sphingobacteriia","Sphingobacteriales","Aurantibacillaceae","Aurantibacillus","Aurantibacillus_circumpalustris_strain_Swamp196"
"060400c906c0af011d76ffb23cc3244d","Bacteria","Planctomycetota","Planctomycetia","Pirellulales","Pirellulaceae","Anatilimnocola","Anatilimnocola_aggregata_strain_ETA_A8"
"9c3741ff403f3151b59f2ba8c1c24d93","Bacteria","Pseudomonadota","Betaproteobacteria","Nitrosomonadales","Usitatibacteraceae","Usitatibacter","Usitatibacter_palustris_strain_Swamp67"
"2958f6dd26e2a07942a28a77a786b920","Unassigned","Unassigned","Unassigned","Unassigned","Unassigned","Unassigned","Unassigned"
"d7111e63f126a79a87f62af2f76bbe9d","Bacteria","Bacteroidota","Saprospiria","Saprospirales","Haliscomenobacteraceae","Haliscomenobacter","Haliscomenobacter_hydrossis_strain_DSM_1100"
"7f9eb755eed2013a3c1acd21b6fcafb6","Bacteria","Pseudomonadota","Betaproteobacteria","Nitrosomonadales","Nitrosomonadaceae","Nitrosospira","Nitrosovibrio_tenuis"
"54b82d2db7cec1341e24f8fc59c3dc52","Bacteria","Actinomycetota","Acidimicrobiia","Acidimicrobiales","Iamiaceae","Actinomarinicola","Actinomarinicola_tropica_strain_SCSIO_58843"
"846ff65a63ce80a0a391e9436a9711a7","Unassigned","Unassigned","Unassigned","Unassigned","Unassigned","Unassigned","Unassigned"
"2d8cbe8613fccb543a666a33d178bf23","Bacteria","Pseudomonadota","Alphaproteobacteria","Rickettsiales","Candidatus_Midichloriaceae","Jidaibacter","Candidatus_Jidaibacter_acanthamoeba"
"322ab335cd8af8a34467330e14eec5c0","Unassigned","Unassigned","Unassigned","Unassigned","Unassigned","Unassigned","Unassigned"
"c2683e50316d0a3ec5e66459aa159a42","Unassigned","Unassigned","Unassigned","Unassigned","Unassigned","Unassigned","Unassigned"
"08100bc2953d7b59a6010eb63c66bbf0","Bacteria","Bacteroidota","Sphingobacteriia","Sphingobacteriales","Sphingobacteriaceae","Desertivirga","Desertivirga_xinjiangensis_strain_12157"
"5132f503064e9d8d7aa794ecf94f169d","Bacteria","Bacteroidota","Sphingobacteriia","Sphingobacteriales","Aurantibacillaceae","Aurantibacillus","Aurantibacillus_circumpalustris_strain_Swamp196"
"b6b8c08ec8f639a312829a45c8a87f66","Unassigned","Unassigned","Unassigned","Unassigned","Unassigned","Unassigned","Unassigned"
"5302b2f97d848b18849154803a432399","Bacteria","Acidobacteriota","Vicinamibacteria","Vicinamibacterales","Vicinamibacteraceae","Vicinamibacter","Vicinamibacter_silvestris_strain_Ac_5_C6"
"c948a96cc0316373f222f771768362e1","Bacteria","Pseudomonadota","Betaproteobacteria","Burkholderiales","","Aquabacterium","Aquabacterium_soli_strain_SJQ9"
"7b1e06b6dc1d62262d4afd260416db4e","Bacteria","Planctomycetota","Planctomycetia","Gemmatales","Gemmataceae","Fimbriiglobus","Fimbriiglobus_ruber_strain_SP5"
"8ac952d186a3d563eedc52cdeafbfdfb","Unassigned","Unassigned","Unassigned","Unassigned","Unassigned","Unassigned","Unassigned"
"02e3a224edc6443a573bf6fbd733cc24","Bacteria","Myxococcota","","Nannocystales","Nannocystaceae","Nannocystis","Nannocystis_exedens_strain_DSM_71"
"a7a3daf556f3dad684bda05917dfcd7e","Unassigned","Unassigned","Unassigned","Unassigned","Unassigned","Unassigned","Unassigned"
"732ee75ebefefea6f0d4ea44610152c7","Unassigned","Unassigned","Unassigned","Unassigned","Unassigned","Unassigned","Unassigned"
"b76af2da247be618ada91cbb5aca3345","Unassigned","Unassigned","Unassigned","Unassigned","Unassigned","Unassigned","Unassigned"
"5262a07c2f9e040bccd00986cbdc9f8f","Unassigned","Unassigned","Unassigned","Unassigned","Unassigned","Unassigned","Unassigned"
"71bfb340fc6d669855ad126761e4f85e","Unassigned","Unassigned","Unassigned","Unassigned","Unassigned","Unassigned","Unassigned"
"62128ff483c7b25e43db4187433f8415","Bacteria","Pseudomonadota","Betaproteobacteria","Burkholderiales","Sphaerotilaceae","Rubrivivax","Rubrivivax_rivuli_strain_KYPY4"
"e437380f357208b3f7b57640e27e879b","Unassigned","Unassigned","Unassigned","Unassigned","Unassigned","Unassigned","Unassigned"
"61ba8ed1f0cc6dd00284d6a69bc82a98","Bacteria","Bacteroidota","Chitinophagia","Chitinophagales","Chitinophagaceae","Terrimonas","Terrimonas_arctica_strain_R9-86"
"59fcaabb5001beb6ab8f9b240a597a7e","Unassigned","Unassigned","Unassigned","Unassigned","Unassigned","Unassigned","Unassigned"
"d5fc462cd77e1e873df948459663c275","Bacteria","Verrucomicrobiota","Verrucomicrobiia","Verrucomicrobiales","Verrucomicrobiaceae","Prosthecobacter","Prosthecobacter_fusiformis_strain_FC4"
"bb233d8391116f70e19179aba4ecbaa1","Unassigned","Unassigned","Unassigned","Unassigned","Unassigned","Unassigned","Unassigned"
"41e49fdd3735c76b3911cddfbc949b86","Bacteria","Planctomycetota","Planctomycetia","Pirellulales","Pirellulaceae","Pirellula","Pirellula_staleyi_DSM_6068"
"0b4b19b7bda5d43c558115ba6f547dd7","Bacteria","Actinomycetota","Actinomycetes","Mycobacteriales","Nocardiaceae","Rhodococcus","Rhodococcus_qingshengii_strain_CCM_4446"
"849b0607b77cf5a1bff6138301b6b886","Bacteria","Pseudomonadota","Betaproteobacteria","Nitrosomonadales","Nitrosomonadaceae","Nitrosospira","Nitrosospira_lacus_strain_APG3"
"1bcd7cac0f4983ef805c3c01420c3cb8","Bacteria","Verrucomicrobiota","Opitutia","Opitutales","Opitutaceae","Opitutus","Opitutus_terrae_PB90-1"
"746812e013128ff767989612aa981fb2","Bacteria","Pseudomonadota","Gammaproteobacteria","Chromatiales","Chromatiaceae","Thiorhodovibrio","Thiorhodovibrio_litoralis"
"93ced6727eebe2a9b5a928a039e5871e","Unassigned","Unassigned","Unassigned","Unassigned","Unassigned","Unassigned","Unassigned"
"af3d4ffb7e5e00bb75317e7d00a0d629","Bacteria","Planctomycetota","Planctomycetia","Gemmatales","Gemmataceae","Fimbriiglobus","Fimbriiglobus_ruber_strain_SP5"
"8ff7b2cbe4cde7a578432b0c040256ad","Unassigned","Unassigned","Unassigned","Unassigned","Unassigned","Unassigned","Unassigned"
"2afbca5623c502cb7f71028a0f95fee6","Bacteria","Actinomycetota","Thermoleophilia","Solirubrobacterales","Solirubrobacteraceae","Solirubrobacter","Candidatus_Solirubrobacter_pratensis"
"18eabb4a85748f1850a9fcacff5dd34f","Bacteria","Verrucomicrobiota","Verrucomicrobiia","Limisphaerales","Fontisphaeraceae","Fontisphaera","Fontisphaera_persica_strain_B-154"
"42b2cc7fc7f45eee1556adcdbefa9a46","Bacteria","Pseudomonadota","Gammaproteobacteria","Legionellales","Legionellaceae","Legionella","Legionella_birminghamensis_strain_NCTC_12437"
"1691b745ef31d5b512d598ac8858cc98","Bacteria","Pseudomonadota","Betaproteobacteria","Burkholderiales","Oxalobacteraceae","Noviherbaspirillum","Noviherbaspirillum_autotrophicum_strain_TSA66"
"9ffc1b15804a2a190bc02c5a785caa5b","Bacteria","Bacteroidota","Chitinophagia","Chitinophagales","Chitinophagaceae","Sediminibacterium","Sediminibacterium_roseum_strain_SYL130"
"a412e1af2746d21b001591a7fdc0d6fd","Unassigned","Unassigned","Unassigned","Unassigned","Unassigned","Unassigned","Unassigned"
"2f2c9c90df72c78f702c1e8fda525ac9","Unassigned","Unassigned","Unassigned","Unassigned","Unassigned","Unassigned","Unassigned"
"15c3494b07593529165bd639b9c0d266","Bacteria","Verrucomicrobiota","Opitutia","Opitutales","Opitutaceae","Horticoccus","Horticoccus_luteus_strain_KSB-15"
"e2c2b50792a8bd667b234019f65bd8e4","Bacteria","Pseudomonadota","Alphaproteobacteria","Hyphomonadales","Hyphomonadaceae","Vitreimonas","Vitreimonas_flagellata_strain_SYSU_XM001"
"d69cafda50fc8d57971255672552399d","Bacteria","Acidobacteriota","Vicinamibacteria","Vicinamibacterales","Vicinamibacteraceae","Luteitalea","Luteitalea_pratensis_strain_HEG_-6_39"
"d52085c7fdfb34478a74c6ce4ef725f0","Unassigned","Unassigned","Unassigned","Unassigned","Unassigned","Unassigned","Unassigned"
"5eaa54197bdcb27154e37bd411b950b9","Unassigned","Unassigned","Unassigned","Unassigned","Unassigned","Unassigned","Unassigned"
"20bb606a69f443d4aa887ffdf8364723","Unassigned","Unassigned","Unassigned","Unassigned","Unassigned","Unassigned","Unassigned"
"af7ac73781fc63ffe90c078cf353b8f0","Unassigned","Unassigned","Unassigned","Unassigned","Unassigned","Unassigned","Unassigned"
"21f818955444c365ed1bbff1295916e6","Unassigned","Unassigned","Unassigned","Unassigned","Unassigned","Unassigned","Unassigned"
"de5b74f7852ec334e5d0c512fa47f1eb","Bacteria","Pseudomonadota","Gammaproteobacteria","Chromatiales","Granulosicoccaceae","Sulfuriflexus","Sulfuriflexus_mobilis_strain_aks1"
"695b0e5b3faf090181b465d96d146fed","Bacteria","Actinomycetota","Acidimicrobiia","Acidimicrobiales","Iamiaceae","Rhabdothermincola","Aciditerrimonas_ferrireducens_JCM_15389_strain_IC-180"
"20d82f67d99f7a5d7aa03a5f6518cc13","Unassigned","Unassigned","Unassigned","Unassigned","Unassigned","Unassigned","Unassigned"
"9bb6b70218617497a7cb54c310c2c952","Bacteria","Planctomycetota","Planctomycetia","Pirellulales","Lacipirellulaceae","Adhaeretor","Adhaeretor_mobilis_strain_HG15A2"
"0a80577f8bcbba62201bb5fe77417c53","Unassigned","Unassigned","Unassigned","Unassigned","Unassigned","Unassigned","Unassigned"
"6d79238a6ab709e0071cd9213b2cea61","Bacteria","Pseudomonadota","Betaproteobacteria","Burkholderiales","Alcaligenaceae","Ampullimonas","Ampullimonas_aquatilis_strain_B15.09-116"
"b06a1b3013bf680484df13ca369fe5ea","Unassigned","Unassigned","Unassigned","Unassigned","Unassigned","Unassigned","Unassigned"
"b62c4a76103d4bbad690ca7033cce408","Bacteria","Pseudomonadota","Alphaproteobacteria","Hyphomicrobiales","Kaistiaceae","Bauldia","Bauldia_litoralis_strain_524-16"
"4352c9cf3c4ffea8f0a0be3e80c37174","Unassigned","Unassigned","Unassigned","Unassigned","Unassigned","Unassigned","Unassigned"
"c813d09e94dd21781dc19e2f328d3305","Unassigned","Unassigned","Unassigned","Unassigned","Unassigned","Unassigned","Unassigned"
"62ab7b94831ec67552fd4685b23fd1cf","Unassigned","Unassigned","Unassigned","Unassigned","Unassigned","Unassigned","Unassigned"
"1c9b05e362701aecb27e1d2f2203cae9","Unassigned","Unassigned","Unassigned","Unassigned","Unassigned","Unassigned","Unassigned"
"4b6121e7f99f1fc9e35e575429e63e80","Unassigned","Unassigned","Unassigned","Unassigned","Unassigned","Unassigned","Unassigned"
"a782c69f5429cf496eaf66e027083eea","Unassigned","Unassigned","Unassigned","Unassigned","Unassigned","Unassigned","Unassigned"
"261f3ba034d281c08929818ec71988b4","Unassigned","Unassigned","Unassigned","Unassigned","Unassigned","Unassigned","Unassigned"
"dcf428cdcd8ef75ab68d1d4b66ed43c2","Unassigned","Unassigned","Unassigned","Unassigned","Unassigned","Unassigned","Unassigned"
"2d1621b93ea5936676cd15b7a8c3dd13","Bacteria","Pseudomonadota","Gammaproteobacteria","Chromatiales","Granulosicoccaceae","Sulfuriflexus","Sulfuriflexus_mobilis_strain_aks1"
"813583b79286ccb10c1853d0c92446c6","Bacteria","Planctomycetota","Planctomycetia","Gemmatales","Gemmataceae","Limnoglobus","Limnoglobus_roseus_strain_PX52"
"35848feefa044f963651cdd89f104f79","Unassigned","Unassigned","Unassigned","Unassigned","Unassigned","Unassigned","Unassigned"
"c670284a32aca38712ad12f7fcbc9fa8","Bacteria","Planctomycetota","Planctomycetia","Planctomycetales","Planctomycetaceae","Symmachiella","Symmachiella_macrocystis_strain_CA54"
"1a341a53d066e34d7a48908e70c05dbd","Bacteria","Bacteroidota","Cytophagia","Cytophagales","Chryseotaleaceae","Chryseotalea","Chryseotalea_sanaruensis_strain_Ys"
"4c8473269a69b149bcd012908c35a21b","Bacteria","Pseudomonadota","Betaproteobacteria","Burkholderiales","Comamonadaceae","Rhodoferax","Rhodoferax_aquaticus_strain_personal::Gr-4"
"acf1a002b5eccae713f28151b3945dc5","Unassigned","Unassigned","Unassigned","Unassigned","Unassigned","Unassigned","Unassigned"
"7543c1c5a12f3a7d4d7b768957eaf965","Unassigned","Unassigned","Unassigned","Unassigned","Unassigned","Unassigned","Unassigned"
"9eccea9505fd869eaccd8d8f897e9d5f","Unassigned","Unassigned","Unassigned","Unassigned","Unassigned","Unassigned","Unassigned"
"11f3f4b41e0904ee1c304697fb574d39","Bacteria","Pseudomonadota","Alphaproteobacteria","Caulobacterales","Caulobacteraceae","Terricaulis","Terricaulis_silvestris_strain_0127_4"
"71dd1a79fdc09e99fdadf2ce8ec8017e","Bacteria","Pseudomonadota","Alphaproteobacteria","Caulobacterales","Caulobacteraceae","Brevundimonas","Brevundimonas_humi_strain_CA-15"
"f672fd0336db0e1ed8d0b26f1d1468b3","Unassigned","Unassigned","Unassigned","Unassigned","Unassigned","Unassigned","Unassigned"
"e20e904c8c96ee13149e8a640807d266","Bacteria","Pseudomonadota","Alphaproteobacteria","Hyphomicrobiales","Hyphomicrobiaceae","Hyphomicrobium","Hyphomicrobium_hollandicum_strain_IFAM_KB-677"
"88c0ef1a12af0cefb3c52e3e66c059e1","Bacteria","Bacteroidota","Flavobacteriia","Flavobacteriales","Flavobacteriaceae","Flavobacterium","Flavobacterium_noncentrifugens_strain_R-HLS-17"
"75561f8ce2da52d1b18f907e873f2833","Bacteria","Verrucomicrobiota","Spartobacteria","Chthoniobacterales","Chthoniobacteraceae","Chthoniobacter","Chthoniobacter_flavus_Ellin428"
"526d89db0db4e1871b4c68786ea80798","Bacteria","Actinomycetota","Acidimicrobiia","Acidimicrobiales","Iamiaceae","Actinomarinicola","Actinomarinicola_tropica_strain_SCSIO_58843"
"727446c565ef566295f8be5c4aecc2de","Unassigned","Unassigned","Unassigned","Unassigned","Unassigned","Unassigned","Unassigned"
"6c0469796c7c3c26f6155944616910cc","Bacteria","Actinomycetota","Actinomycetes","Micrococcales","Microbacteriaceae","Salinibacterium","Salinibacterium_sedimenticola"
"b48206493faa38e4568ce04a4e760295","Bacteria","Planctomycetota","Phycisphaerae","Tepidisphaerales","Tepidisphaeraceae","Tepidisphaera","Tepidisphaera_mucosa_strain_2842"
"9455022ae9f612ddd569d3561110feea","Bacteria","Actinomycetota","Acidimicrobiia","Acidimicrobiales","Ilumatobacteraceae","Desertimonas","Desertimonas_flava_strain_SYSU_D60003"
"f38c0135b7e250a9a3003256839dcd53","Bacteria","Pseudomonadota","Alphaproteobacteria","Hyphomicrobiales","Lichenihabitantaceae","Lichenibacterium","Lichenibacterium_minor_strain_KCTC_72077"
"8f5f61046caada7ebefead70f9296157","Bacteria","Myxococcota","","Polyangiales","Polyangiaceae","Polyangium","Polyangium_spumosum_strain_Pl_sm5"
"d3edcb85228b50fd94a61cd063dcfe6f","Unassigned","Unassigned","Unassigned","Unassigned","Unassigned","Unassigned","Unassigned"
"6029344900ce1f9ec3db5c8abd5f51a7","Unassigned","Unassigned","Unassigned","Unassigned","Unassigned","Unassigned","Unassigned"
"f200ed0b4fd5006efcebf836d7c7e5b3","Bacteria","Pseudomonadota","Alphaproteobacteria","Hyphomicrobiales","Hyphomicrobiaceae","Hyphomicrobium","Hyphomicrobium_aestuarii_strain_ATCC_27483"
"96bd149b8bb8ba7755899061b7155070","Bacteria","Pseudomonadota","Gammaproteobacteria","Legionellales","Coxiellaceae","Berkiella","Candidatus_Berkiella_aquae"
"5a05b3ea4d39f2fcabd3cb509d28ba43","Unassigned","Unassigned","Unassigned","Unassigned","Unassigned","Unassigned","Unassigned"
"81396d2cd297eac78a85abc6446c9562","Unassigned","Unassigned","Unassigned","Unassigned","Unassigned","Unassigned","Unassigned"
"003bd6f1084a4318b179a2fda8069267","Bacteria","Planctomycetota","Planctomycetia","Gemmatales","Gemmataceae","Frigoriglobus","Frigoriglobus_tundricola"
"5ae622ef2156f9268d00e8eafcc6d900","Bacteria","Acidobacteriota","Vicinamibacteria","Vicinamibacterales","Vicinamibacteraceae","Luteitalea","Luteitalea_pratensis_strain_HEG_-6_39"
"6898f90245e9423da8a6f05e366c5e0e","Unassigned","Unassigned","Unassigned","Unassigned","Unassigned","Unassigned","Unassigned"
"d7847b090639b8824730acaad1b58a7c","Bacteria","Pseudomonadota","Gammaproteobacteria","Legionellales","Coxiellaceae","Berkiella","Candidatus_Berkiella_cookevillensis"
"03dfee7b39d25cb74e24f27a09ac2f10","Unassigned","Unassigned","Unassigned","Unassigned","Unassigned","Unassigned","Unassigned"
"e6bcfd3d5026521994255add09751d3f","Unassigned","Unassigned","Unassigned","Unassigned","Unassigned","Unassigned","Unassigned"
"dab026389996e55e23d0ec5eacbbcd7a","Unassigned","Unassigned","Unassigned","Unassigned","Unassigned","Unassigned","Unassigned"
"faca049b3a8ecaf6b1d9e8df0176f8c6","Bacteria","Planctomycetota","Planctomycetia","Planctomycetales","Planctomycetaceae","Planctopirus","Planctellipticum_variicoloris"
"dbec2e94f00b92a9efe96239ffbf7d0b","Unassigned","Unassigned","Unassigned","Unassigned","Unassigned","Unassigned","Unassigned"
"c85cff0cdafecd6d2dd1a7382365323f","Bacteria","Verrucomicrobiota","Opitutae","Opitutales","Opitutaceae","Nibricoccus","Nibricoccus_aquaticus"
"fdae1c3867c368ddbf93884b3b2b21d4","Bacteria","Pseudomonadota","Betaproteobacteria","Burkholderiales","Burkholderiaceae","Paraburkholderia","Paraburkholderia_sabiae_strain_Br3407"
"ea2ee2bb4bb7abe1afe08de309a7a03f","Bacteria","Pseudomonadota","Gammaproteobacteria","Chromatiales","Sedimenticolaceae","Candidatus_Thiodiazotropha","Candidatus_Thiodiazotropha_endolucinida"
"9761c86a84ed5b10fc36878bffe06bf4","Unassigned","Unassigned","Unassigned","Unassigned","Unassigned","Unassigned","Unassigned"
"208c7e03ae20e73fd5dfdf3584765e34","Bacteria","Planctomycetota","Planctomycetia","Planctomycetales","Planctomycetaceae","Schlesneria","Schlesneria_paludicola_strain_MPL7"
"5de305f94e0d8775517c5bf4816c23d5","Unassigned","Unassigned","Unassigned","Unassigned","Unassigned","Unassigned","Unassigned"
"00a5cd7161a3d5b2b463b47346dec6a7","Unassigned","Unassigned","Unassigned","Unassigned","Unassigned","Unassigned","Unassigned"
"60f22dfec8031afa76bdff91e8a39a8b","Unassigned","Unassigned","Unassigned","Unassigned","Unassigned","Unassigned","Unassigned"
"82da586253a033295201a46d6f7f03fd","Unassigned","Unassigned","Unassigned","Unassigned","Unassigned","Unassigned","Unassigned"
"4f726b46efcfa0748421790598bc6b4a","Bacteria","Acidobacteriota","Vicinamibacteria","Vicinamibacterales","Vicinamibacteraceae","Vicinamibacter","Vicinamibacter_silvestris_strain_Ac_5_C6"
"0d31a15d903890dab30df68188f804f8","Bacteria","Bacteroidota","Chitinophagia","Chitinophagales","Chitinophagaceae","Niastella","Niastella_soli_strain_MAH-29"
"76dbbeb7bbeccae18eb18bfcb5ea1ecf","Bacteria","Bacteroidota","Chitinophagia","Chitinophagales","Chitinophagaceae","Rurimicrobium","Rurimicrobium_arvi_strain_J107-1"
"b0432a20f4129144738f621f522e99ed","Bacteria","Pseudomonadota","Alphaproteobacteria","Rhodospirillales","Hyphomicrobiaceae","Haematospirillum","Haematospirillum_jordaniae_strain_H5569"
"199101e5d79ca5c669a406645e1f7d96","Bacteria","Pseudomonadota","Alphaproteobacteria","Rickettsiales","Rickettsiaceae","Candidatus_Trichorickettsia","Candidatus_Trichorickettsia_mobilis"
"6af5abcadd373ddedca9fac82297df51","Unassigned","Unassigned","Unassigned","Unassigned","Unassigned","Unassigned","Unassigned"
"05e207378a1a077b0868c1d416567c70","Bacteria","Pseudomonadota","Alphaproteobacteria","Hyphomicrobiales","Hyphomicrobiaceae","Hyphomicrobium","Hyphomicrobium_album_strain_XQ2"
"e5b9691ffce95485edac0bc29ce02123","Bacteria","Pseudomonadota","Betaproteobacteria","Burkholderiales","Oxalobacteraceae","Noviherbaspirillum","Noviherbaspirillum_autotrophicum_strain_TSA66"
"61e7fadf454df0c0828c534bcf8545e9","Unassigned","Unassigned","Unassigned","Unassigned","Unassigned","Unassigned","Unassigned"
"6255039c0a4c5b2161ae1f89ecbc7f21","Unassigned","Unassigned","Unassigned","Unassigned","Unassigned","Unassigned","Unassigned"
"04229481dfad9e77bd66307e78f3754d","Unassigned","Unassigned","Unassigned","Unassigned","Unassigned","Unassigned","Unassigned"
"0fbb0a6c58bc2ee6371d7955057b5b63","Unassigned","Unassigned","Unassigned","Unassigned","Unassigned","Unassigned","Unassigned"
"6c03c069ed21765039a9296de0917124","Bacteria","Planctomycetota","Planctomycetia","Gemmatales","Gemmataceae","Zavarzinella","Zavarzinella_formosa_strain_A10"
"5523ec8ec1fb6fcd09321ec0ad253f56","Bacteria","Pseudomonadota","Alphaproteobacteria","Hyphomicrobiales","Kaistiaceae","Kaistia","Prosthecomicrobium_pneumaticum_strain_3a"
"2bb29e9b7e7dec4c6716965fe38c491f","Unassigned","Unassigned","Unassigned","Unassigned","Unassigned","Unassigned","Unassigned"
"69a87782af89db78c9195ae570a7e54d","Unassigned","Unassigned","Unassigned","Unassigned","Unassigned","Unassigned","Unassigned"
"5a124744d0b7540fe0370aea751a2192","Bacteria","Pseudomonadota","Gammaproteobacteria","Legionellales","Legionellaceae","Legionella","Legionella_saoudiensis_strain_LS-1"
"a65630601945caf1186b15feb21b5b22","Unassigned","Unassigned","Unassigned","Unassigned","Unassigned","Unassigned","Unassigned"
"dde7cb34b3ed9cd8d25c5a2bba0e16d8","Bacteria","Acidobacteriota","Vicinamibacteria","Vicinamibacterales","Vicinamibacteraceae","Vicinamibacter","Vicinamibacter_silvestris_strain_Ac_5_C6"
"7ca095695df65af12d90dda9309b538d","Unassigned","Unassigned","Unassigned","Unassigned","Unassigned","Unassigned","Unassigned"
"dc1139ef44d44c0c3405d31b510fe5b5","Bacteria","Bacteroidota","Chitinophagia","Chitinophagales","Chitinophagaceae","Ferruginibacter","Ferruginibacter_alkalilentus_strain_HU1-GD23"
"3dd77613dc09423fe53c2db66d7321ce","Bacteria","Pseudomonadota","Betaproteobacteria","Nitrosomonadales","Nitrosomonadaceae","Nitrosospira","Nitrosospira_lacus_strain_APG3"
"d66c05144b40a630ce0ff1b89f2914ef","Bacteria","Pseudomonadota","Alphaproteobacteria","Rhodospirillales","Rhodospirillaceae","Lacibacterium","Lacibacterium_aquatile_strain_LTC-2"
"decd3d46e1313b6fdd04ac078bc61555","Unassigned","Unassigned","Unassigned","Unassigned","Unassigned","Unassigned","Unassigned"
"d2dc23fcdb91581ef43b88cfa6c54bbb","Bacteria","Chlamydiota","Chlamydiia","Parachlamydiales","Parachlamydiaceae","Protochlamydia","Candidatus_Protochlamydia_naegleriophila"
"90c094a35d19d8add7d8fd29eb9b774e","Bacteria","Verrucomicrobiota","Spartobacteria","Chthoniobacterales","Chthoniobacteraceae","Chthoniobacter","Chthoniobacter_flavus_Ellin428"
"6ea093cf6d868599ddc1c29b1bda8ab5","Bacteria","Pseudomonadota","Alphaproteobacteria","Hyphomicrobiales","Devosiaceae","Devosia","Devosia_insulae_DS-56"
"4698eff06a8ff537c6113638f9af68e2","Bacteria","Planctomycetota","Planctomycetia","Gemmatales","Gemmataceae","Urbifossiella","Urbifossiella_limnaea_strain_ETA_A1"
"84eabce8f0918e6bf8fea6a30289ab0c","Unassigned","Unassigned","Unassigned","Unassigned","Unassigned","Unassigned","Unassigned"
"5fc3faaf0d6782152ef7021789350fb4","Bacteria","Chlamydiota","Chlamydiia","Parachlamydiales","Parachlamydiaceae","Parachlamydia","Parachlamydia_acanthamoebae_strain_Bn9"
"027251bdd1f47a262e42fc99c77cee6b","Bacteria","Pseudomonadota","Gammaproteobacteria","Chromatiales","Chromatiaceae","Thiodictyon","Thiodictyon_elegans_strain_DSM_232"
"ac0634d42f12cd662fa0254b4587db83","Unassigned","Unassigned","Unassigned","Unassigned","Unassigned","Unassigned","Unassigned"
"a8a6249d3bccc105f6db4ad69fa04ebe","Bacteria","Pseudomonadota","Gammaproteobacteria","Chromatiales","Granulosicoccaceae","Granulosicoccus","Granulosicoccus_coccoides_strain_Z_271"
"65458be87776c8d368373bdf782e0f31","Unassigned","Unassigned","Unassigned","Unassigned","Unassigned","Unassigned","Unassigned"
"0a9dc8d0c34b8ac211e5be3e5f6758c3","Bacteria","Pseudomonadota","Betaproteobacteria","Nitrosomonadales","Sterolibacteriaceae","Georgfuchsia","Georgfuchsia_toluolica_strain_G5G6"
"81ddd783a97b58170485f99bebf16869","Unassigned","Unassigned","Unassigned","Unassigned","Unassigned","Unassigned","Unassigned"
"4c9b71d2f054b76122b74d31cc7134bd","Unassigned","Unassigned","Unassigned","Unassigned","Unassigned","Unassigned","Unassigned"
"9f9396a31a312191fcef7fd983f7a63e","Bacteria","Pseudomonadota","Betaproteobacteria","Burkholderiales","Sphaerotilaceae","Roseateles","Roseateles_asaccharophilus_strain_KIN192"
"cc419709de48b7ca97004e0405c834b2","Bacteria","Pseudomonadota","Betaproteobacteria","Rhodocyclales","Azonexaceae","Ferribacterium","Ferribacterium_limneticum_strain_cda-1"
"e6fc54e0b33fc656d6225d9da4798891","Unassigned","Unassigned","Unassigned","Unassigned","Unassigned","Unassigned","Unassigned"
"3da83d7fc5ad655b0c942a7804f6bba5","Bacteria","Bdellovibrionota","Oligoflexia","Silvanigrellales","Silvanigrellaceae","Spirobacillus","Spirobacillus_cienkowskii"
"dd3dfa9dd31099607725a31d977dfb57","Unassigned","Unassigned","Unassigned","Unassigned","Unassigned","Unassigned","Unassigned"
"3f5b1b3ca624bc567002971998a4a480","Bacteria","Planctomycetota","Planctomycetia","Planctomycetales","Planctomycetaceae","Symmachiella","Symmachiella_macrocystis_strain_CA54"
"7167d6ed24397f3baeb80dbc29799c87","Unassigned","Unassigned","Unassigned","Unassigned","Unassigned","Unassigned","Unassigned"
"535dc2015584f40096f43009d6947908","Bacteria","Pseudomonadota","Betaproteobacteria","Rhodocyclales","Rhodocyclaceae","Oryzomicrobium","Oryzomicrobium_terrae_strain_TPP412"
"4636c80db25a661292814022fd11d999","Unassigned","Unassigned","Unassigned","Unassigned","Unassigned","Unassigned","Unassigned"
"8cd17231acaf54077c7987f2cf65d701","Bacteria","Pseudomonadota","Betaproteobacteria","Burkholderiales","Burkholderiaceae","Polynucleobacter","Polynucleobacter_difficilis_strain_AM-8B5"
"8de297b4ba17bd46b65905ed7d407738","Bacteria","Planctomycetota","Planctomycetia","Gemmatales","Gemmataceae","Gemmata","Gemmata_palustris_strain_G18"
"55040ae506641f3fe55d2255b38a6441","Bacteria","Pseudomonadota","Alphaproteobacteria","Hyphomicrobiales","Aestuariivirgaceae","Aestuariivirga","Aestuariivirga_litoralis_strain_SYSU_M10001"
"efda4d8e0ddf98794e04e5993660b5c1","Unassigned","Unassigned","Unassigned","Unassigned","Unassigned","Unassigned","Unassigned"
"a4d0747ed1aeab85757df393a1aed6a4","Unassigned","Unassigned","Unassigned","Unassigned","Unassigned","Unassigned","Unassigned"
"bc6314d415884428776dc7156eb2d5cd","Bacteria","Acidobacteriota","Blastocatellia","Blastocatellales","Blastocatellaceae","Stenotrophobacter","Stenotrophobacter_terrae_strain_Ac_28_D10"
"97e2065d3a4eb06bba937b3a90b32ada","Unassigned","Unassigned","Unassigned","Unassigned","Unassigned","Unassigned","Unassigned"
"b9ac3c7720310ade7fd2ff59f3f7874b","Unassigned","Unassigned","Unassigned","Unassigned","Unassigned","Unassigned","Unassigned"
"64b772f45e6cc781929e6ec50fa05725","Unassigned","Unassigned","Unassigned","Unassigned","Unassigned","Unassigned","Unassigned"
"8a30fc3f8e4f53012a899908295d9839","Unassigned","Unassigned","Unassigned","Unassigned","Unassigned","Unassigned","Unassigned"
"53cfe13193423869100b4463b371cdd1","Bacteria","Bacteroidota","Chitinophagia","Chitinophagales","Chitinophagaceae","Nemorincola","Nemorincola_caseinilytica_strain_J116-2"
"4843a62fdc72dfd32a5dfebe64e9d973","Bacteria","Planctomycetota","Planctomycetia","Gemmatales","Gemmataceae","Gemmata","Gemmata_palustris_strain_G18"
"7ea89061ef44cf27afb6634b64d88db2","Bacteria","Planctomycetota","Planctomycetia","Pirellulales","Lacipirellulaceae","Pirellulimonas","Pirellulimonas_nuda_strain_Pla175"
"af538f994fb60495487406fd5c072e63","Unassigned","Unassigned","Unassigned","Unassigned","Unassigned","Unassigned","Unassigned"
"b88e8943ccddbfd64eccd2f1aa2c0bcd","Unassigned","Unassigned","Unassigned","Unassigned","Unassigned","Unassigned","Unassigned"
"bfdf1e7a4674ca8d1359cbbb4c175665","Bacteria","Planctomycetota","Planctomycetia","Planctomycetales","Planctomycetaceae","Schlesneria","Schlesneria_paludicola_strain_MPL7"
"7ffe831d48c4c668916f314989c8c513","Unassigned","Unassigned","Unassigned","Unassigned","Unassigned","Unassigned","Unassigned"
"059e6fe5cdd1339a58503b26097591e0","Bacteria","Planctomycetota","Planctomycetia","Gemmatales","Gemmataceae","Zavarzinella","Zavarzinella_formosa_strain_A10"
"f6c3e03036ef2893d83fa55f727a3205","Bacteria","Planctomycetota","Planctomycetia","Gemmatales","Gemmataceae","Fimbriiglobus","Fimbriiglobus_ruber_strain_SP5"
"af242a86442711ad1cd1b32b02af4528","Bacteria","Pseudomonadota","Gammaproteobacteria","Legionellales","Coxiellaceae","Berkiella","Candidatus_Berkiella_aquae"
"d56ebb783e1a10fd2cffb855ccaa6836","Bacteria","Actinomycetota","Thermoleophilia","Solirubrobacterales","Baekduiaceae","Svornostia","Svornostia_abyssi"
"2258a37412555eaa9b13676b354ddc42","Bacteria","Pseudomonadota","Betaproteobacteria","Burkholderiales","Burkholderiaceae","Ralstonia","Ralstonia_soli"
"fa4c1fb430f3312f0743181bbb5f3fcd","Bacteria","Planctomycetota","Planctomycetia","Gemmatales","Gemmataceae","Limnoglobus","Limnoglobus_roseus_strain_PX52"
"52754cebca58ab7a46a2aba9242bb5d7","Unassigned","Unassigned","Unassigned","Unassigned","Unassigned","Unassigned","Unassigned"
"3a33c39a1d9ca7858653c39bf08a7c8f","Unassigned","Unassigned","Unassigned","Unassigned","Unassigned","Unassigned","Unassigned"
"c2ba10366f71e42a2b3aa7a16284cd53","Unassigned","Unassigned","Unassigned","Unassigned","Unassigned","Unassigned","Unassigned"
"f64d9a126c8a810df6cd0cc585f1fa3a","Unassigned","Unassigned","Unassigned","Unassigned","Unassigned","Unassigned","Unassigned"
"718299a630ead542441bb374a4b2c5ad","Bacteria","Pseudomonadota","Alphaproteobacteria","Sphingomonadales","Sphingomonadaceae","Novosphingobium","Novosphingobium_lentum_NBRC_107847_strain_MT1"
"e67a5a86b411bd43d862d95d61ac238f","Bacteria","Actinomycetota","Acidimicrobiia","Acidimicrobiales","Acidimicrobiaceae","Aciditerrimonas","Aciditerrimonas_ferrireducens_JCM_15389_strain_IC-180"
"4299c92bb5341edf80bceddf5e0e5a64","Bacteria","Planctomycetota","Planctomycetia","Gemmatales","Gemmataceae","Urbifossiella","Urbifossiella_limnaea_strain_ETA_A1"
"a222153cc49663489b65bb07e74b24f5","Bacteria","Armatimonadota","Fimbriimonadia","Fimbriimonadales","Fimbriimonadaceae","Fimbriimonas","Fimbriimonas_ginsengisoli_strain_GSoil_348"
"c62528eb2b193598b75c8f23a03a7ea1","Unassigned","Unassigned","Unassigned","Unassigned","Unassigned","Unassigned","Unassigned"
"426a331cfa35d30f18e5feea881b0918","Bacteria","Pseudomonadota","Alphaproteobacteria","Hyphomicrobiales","Hyphomicrobiaceae","Hyphomicrobium","Hyphomicrobium_denitrificans_strain_DSM_1869"
"0dedaf7d80f51c5557e6b5455fdcfdfa","Bacteria","Pseudomonadota","Betaproteobacteria","Nitrosomonadales","Methylophilaceae","Methylotenera","Methylotenera_oryzisoli_strain_La3113"
"476664f3c75acdeb66847670590343b6","Bacteria","Pseudomonadota","Betaproteobacteria","Nitrosomonadales","Methylophilaceae","Methylotenera","Methylotenera_mobilis_JLW8"
"2bb9d4ffde4d8420e32dcccb6b393ac7","Bacteria","Verrucomicrobiota","Opitutia","Opitutales","Opitutaceae","Opitutus","Opitutus_terrae_PB90-1"
"cef656ed86a7d5645b1e30c94d4a4949","Unassigned","Unassigned","Unassigned","Unassigned","Unassigned","Unassigned","Unassigned"
"2eca455c6d8a967c93e566d4d4d3a2f6","Bacteria","Bacteroidota","Flavobacteriia","Flavobacteriales","Crocinitomicaceae","Fluviicola","Fluviicola_hefeinensis_strain_MYL-8"
"9a6c0f68b4a6b2ebccf3c551047e1f54","Unassigned","Unassigned","Unassigned","Unassigned","Unassigned","Unassigned","Unassigned"
"627b2a424a6db0ca690a54559f718f55","Unassigned","Unassigned","Unassigned","Unassigned","Unassigned","Unassigned","Unassigned"
"a7e22911f139f5cb94d9f9098e146475","Bacteria","Bacteroidota","Cytophagia","Cytophagales","Fulvivirgaceae","Chryseolinea","Chryseolinea_lacunae"
"d167f544842d245afc32ab5faa942f35","Bacteria","Pseudomonadota","Alphaproteobacteria","Hyphomicrobiales","Aestuariivirgaceae","Aestuariivirga","Aestuariivirga_litoralis_strain_SYSU_M10001"
"df95f451032af227c116644c234247a7","Unassigned","Unassigned","Unassigned","Unassigned","Unassigned","Unassigned","Unassigned"
"718180806bfe1a739eb156c1f9e58a8c","Unassigned","Unassigned","Unassigned","Unassigned","Unassigned","Unassigned","Unassigned"
"2dfd7e0facd6e5331fad4a7d3083199e","Unassigned","Unassigned","Unassigned","Unassigned","Unassigned","Unassigned","Unassigned"
"90b5098763f2b998d14b65da7a5ff30d","Unassigned","Unassigned","Unassigned","Unassigned","Unassigned","Unassigned","Unassigned"
"a7b353dc76e9e51151b2e8bb42d28486","Bacteria","Pseudomonadota","Betaproteobacteria","Nitrosomonadales","Gallionellaceae","Nitrotoga","Candidatus_Nitrotoga_arctica"
"f8600c4c4be183f5b1289d3fcd2c621f","Bacteria","Pseudomonadota","Gammaproteobacteria","Chromatiales","Thioprofundaceae","Thioprofundum","Thioprofundum_lithotrophicum_strain_106"
"8c94e13d06698fb6eb6dab4adc7ac201","Bacteria","Pseudomonadota","Betaproteobacteria","Rhodocyclales","Azonexaceae","Azonexus","Azonexus_caeni_strain_Slu-05"
"7a6ce594a6b7f0b633812588b9739e18","Unassigned","Unassigned","Unassigned","Unassigned","Unassigned","Unassigned","Unassigned"
"ab5bd9757d4f1ad3374156f031be2736","Bacteria","Verrucomicrobiota","Verrucomicrobiia","Verrucomicrobiales","Verrucomicrobiaceae","Prosthecobacter","Prosthecobacter_fluviatilis_strain_HAQ-1"
"b1e4f4742d95e2161df5eeb0daa7fa4b","Bacteria","Planctomycetota","Planctomycetia","Pirellulales","Pirellulaceae","Anatilimnocola","Anatilimnocola_aggregata_strain_ETA_A8"
"11ef07a8435f5ffd6d1b8fdce38de73f","Unassigned","Unassigned","Unassigned","Unassigned","Unassigned","Unassigned","Unassigned"
"0723d461cd432a7a37f8e7043ea81ee9","Bacteria","Pseudomonadota","Betaproteobacteria","Burkholderiales","Oxalobacteraceae","Undibacterium","Herminiimonas_arsenitoxidans_strain_AS8"
"84d135cb0ade94b0a6dc3117766773af","Bacteria","Pseudomonadota","Gammaproteobacteria","Pseudomonadales","Pseudomonadaceae","Pseudomonas","Pseudomonas_laurylsulfativorans_strain_AP3_22"
"9cbc10e0697f8f0972a550a63ed08375","Unassigned","Unassigned","Unassigned","Unassigned","Unassigned","Unassigned","Unassigned"
"78e94f19953eb90d4a197d0cd754de1a","Bacteria","Planctomycetota","Planctomycetia","Pirellulales","Thermoguttaceae","Thermostilla","Thermostilla_marina_strain_SVX8"
"b1a488bdbdfef41c0940e2fc53ff2325","Unassigned","Unassigned","Unassigned","Unassigned","Unassigned","Unassigned","Unassigned"
"a593309332ea6553842e18c0adf32200","Unassigned","Unassigned","Unassigned","Unassigned","Unassigned","Unassigned","Unassigned"
"4935055d0f424dff8aa98a53bb528b8a","Bacteria","Bacteroidota","Chitinophagia","Chitinophagales","Chitinophagaceae","Sediminibacterium","Sediminibacterium_aquarii_strain_AA5"
"761fc7ddca085d108b094625ecfd7e0a","Unassigned","Unassigned","Unassigned","Unassigned","Unassigned","Unassigned","Unassigned"
"b6f2b422e39c36e6c872a5a03e466615","Bacteria","Pseudomonadota","Betaproteobacteria","Burkholderiales","Oxalobacteraceae","Undibacterium","Undibacterium_terreum_strain_C3"
"bb7039f89bac4a956d8c319cd282f03e","Unassigned","Unassigned","Unassigned","Unassigned","Unassigned","Unassigned","Unassigned"
"f61d77fc9083a576e575e179cfe58fe3","Bacteria","Planctomycetota","Planctomycetia","Planctomycetales","Planctomycetaceae","Fuerstiella","Fuerstiella_marisgermanici_strain_NH11"
"929cbb191a1f9c5372e6f24174b910d0","Unassigned","Unassigned","Unassigned","Unassigned","Unassigned","Unassigned","Unassigned"
"d7b1b51b2ecd89086a5e9fa389a07433","Bacteria","Pseudomonadota","Betaproteobacteria","Nitrosomonadales","Sterolibacteriaceae","Glaciimonas","Glaciimonas_alpina_strain_Cr9-12"
"1a3cceccc2641af4db0b94e37b96c2f2","Unassigned","Unassigned","Unassigned","Unassigned","Unassigned","Unassigned","Unassigned"
"0d7dd0a227a4e83e2657e4fe064b7462","Bacteria","Pseudomonadota","Alphaproteobacteria","Hyphomonadales","Hyphomonadaceae","Vitreimonas","Vitreimonas_flagellata_strain_SYSU_XM001"
"501cc17db27eadcdd34d70e4092c572e","Bacteria","Pseudomonadota","Betaproteobacteria","Burkholderiales","Oxalobacteraceae","Noviherbaspirillum","Noviherbaspirillum_autotrophicum_strain_TSA66"
"e1a0bb96d714c6fbfcf6048923d8801e","Bacteria","Planctomycetota","Planctomycetia","Pirellulales","Pirellulaceae","Anatilimnocola","Anatilimnocola_floriformis"
"5cba2feec86b185bb0b7716623d1a2b8","Unassigned","Unassigned","Unassigned","Unassigned","Unassigned","Unassigned","Unassigned"
"dcdbb53b3a6fc9e9575b02ae792c1481","Bacteria","Acidobacteriota","Vicinamibacteria","Vicinamibacterales","Vicinamibacteraceae","Vicinamibacter","Vicinamibacter_silvestris_strain_Ac_5_C6"
"06e9c45ff976ef91ba4ddbb87f417fcd","Unassigned","Unassigned","Unassigned","Unassigned","Unassigned","Unassigned","Unassigned"
"aac25cd9740f02903884dff2e11da49e","Bacteria","Planctomycetota","Planctomycetia","Planctomycetales","Planctomycetaceae","Fuerstiella","Fuerstiella_marisgermanici_strain_NH11"
"82bda79004e895b95d5f35cc141a4017","Unassigned","Unassigned","Unassigned","Unassigned","Unassigned","Unassigned","Unassigned"
"b16aa06c420c4d77d8b51055f805bb63","Bacteria","Actinomycetota","Acidimicrobiia","Acidimicrobiales","Iamiaceae","Rhabdothermincola","Dermatobacter_hominis_strain_Kera-3"
"1e82ad5cdfa5626afc45fdba1e6b35fd","Unassigned","Unassigned","Unassigned","Unassigned","Unassigned","Unassigned","Unassigned"
"526c97b159633da0e1ab19fb6e48fa9d","Bacteria","Planctomycetota","Planctomycetia","Gemmatales","Gemmataceae","Gemmata","Gemmata_palustris_strain_G18"
"099dcf0603e98dc17a1cd3d09f29f2a7","Bacteria","Pseudomonadota","Alphaproteobacteria","Holosporales","Candidatus_Paracaedibacteraceae","Candidatus_Odyssella","Candidatus_Odyssella_thessalonicensis"
"2e45552cbb403c3cf874391146047460","Bacteria","Pseudomonadota","Betaproteobacteria","Burkholderiales","Sphaerotilaceae","Rubrivivax","Rubrivivax_rivuli_strain_KYPY4"
"b5233c63499fbe25505c4e54fbaace1b","Bacteria","Bacteroidota","Chitinophagia","Chitinophagales","Chitinophagaceae","Ferruginibacter","Ferruginibacter_profundus_strain_DS48-5-3"
"440d6417c2424e22ab9c9e81d717f201","Bacteria","Nitrospirota","Nitrospiria","Nitrospirales","Nitrospiraceae","Nitrospira","Nitrospira_lenta_strain_BS10"
"5215f48401c77e365ccc7c4f3a957b74","Bacteria","Planctomycetota","Planctomycetia","Planctomycetales","Planctomycetaceae","Maioricimonas","Maioricimonas_rarisocia_strain_Mal4"
"c4f5b3d312e5e0c27d329f0d06d96df4","Bacteria","Planctomycetota","Planctomycetia","Gemmatales","Gemmataceae","Urbifossiella","Urbifossiella_limnaea_strain_ETA_A1"
"ad31b352fcb8b4cfb6a3d62cd04ef36e","Unassigned","Unassigned","Unassigned","Unassigned","Unassigned","Unassigned","Unassigned"
"65c878bdc8f0cea410f3fbedd735f641","Bacteria","Pseudomonadota","Betaproteobacteria","Burkholderiales","Oxalobacteraceae","Propionivibrio","Propionivibrio_dicarboxylicus_strain_CreMal1"
"0c81b2bd239b440001e95752560ed006","Unassigned","Unassigned","Unassigned","Unassigned","Unassigned","Unassigned","Unassigned"
"888a6172ea2c8f9e754d02e7be96fb27","Unassigned","Unassigned","Unassigned","Unassigned","Unassigned","Unassigned","Unassigned"
"7ef85205661608b53fc10855679975dd","Bacteria","Pseudomonadota","Gammaproteobacteria","Chromatiales","Ectothiorhodospiraceae","Thioprofundum","Thioprofundum_lithotrophicum_strain_106"
"9da6e1e6fec237e82080694ea6e2b9b9","Bacteria","Pseudomonadota","Gammaproteobacteria","Chromatiales","Wenzhouxiangellaceae","Wenzhouxiangella","Wenzhouxiangella_marina_strain_Ma-11"
"3128c610dca8c1329f73dabd5ae2330c","Bacteria","Pseudomonadota","Betaproteobacteria","Nitrosomonadales","Usitatibacteraceae","Usitatibacter","Usitatibacter_palustris_strain_Swamp67"
"da897ca4e6520c908d8e08a22b81a96b","Bacteria","Pseudomonadota","Betaproteobacteria","Burkholderiales","Comamonadaceae","Limnohabitans","Limnohabitans_curvus_strain_MWH-C5"
"7bc9be96492ca5d46cee3b7a05be887d","Bacteria","Planctomycetota","Planctomycetia","Planctomycetales","Planctomycetaceae","Symmachiella","Symmachiella_macrocystis_strain_CA54"
"2cfa52bf767f362ba7824cc5f845806d","Bacteria","Pseudomonadota","Gammaproteobacteria","Cellvibrionales","Spongiibacteraceae","Oceanicoccus","Oceanicoccus_sagamiensis_strain_PZ-5"
"fe74c770bbfed2d918c7251a175c4374","Unassigned","Unassigned","Unassigned","Unassigned","Unassigned","Unassigned","Unassigned"
"e3f0a5c3cbbbb98a1d7afa4c091ef729","Unassigned","Unassigned","Unassigned","Unassigned","Unassigned","Unassigned","Unassigned"
"2281d2585f0d7be3265b60a788caf740","Unassigned","Unassigned","Unassigned","Unassigned","Unassigned","Unassigned","Unassigned"
"4a532caeec66c83ddea6b482a713cd67","Bacteria","Pseudomonadota","Alphaproteobacteria","Hyphomicrobiales","Kaistiaceae","Bauldia","Bauldia_consociata_strain_11"
"afcf66c2c6862c4cef048748b6ac8eaf","Unassigned","Unassigned","Unassigned","Unassigned","Unassigned","Unassigned","Unassigned"
"3a780284e29eccad48159b39d18b71da","Bacteria","Planctomycetota","Planctomycetia","Gemmatales","Gemmataceae","Urbifossiella","Urbifossiella_limnaea_strain_ETA_A1"
"a00c14fea19910408ee029a09ff50e7b","Unassigned","Unassigned","Unassigned","Unassigned","Unassigned","Unassigned","Unassigned"
"166caba21150c88de97eb58c93a235b2","Bacteria","Pseudomonadota","Alphaproteobacteria","Rhodobacterales","Paracoccaceae","Gemmobacter","Gemmobacter_tilapiae_strain_Ruye-53"
"f84a0d9cd3c5101bede49fce938020c4","Bacteria","Verrucomicrobiota","Verrucomicrobiia","Verrucomicrobiales","Verrucomicrobiaceae","Luteolibacter","Luteolibacter_gellanilyticus_strain_CB-286403"
"ff86ba0cc63c7f940bdb8bc35d52f237","Unassigned","Unassigned","Unassigned","Unassigned","Unassigned","Unassigned","Unassigned"
"912a038bdb90900785f51cef933d9c01","Unassigned","Unassigned","Unassigned","Unassigned","Unassigned","Unassigned","Unassigned"
"2787d2e61ed19291357fbc602ed0dcd7","Bacteria","Actinomycetota","Actinomycetes","Micrococcales","Micrococcaceae","Arthrobacter","Pseudarthrobacter_phenanthrenivorans_Sphe3"
"61f36ac08513563eeaf347bb99571d13","Unassigned","Unassigned","Unassigned","Unassigned","Unassigned","Unassigned","Unassigned"
"800d5646b4c0d506702a0e7b5e789ab8","Bacteria","Planctomycetota","Planctomycetia","Pirellulales","Pirellulaceae","Aureliella","Aureliella_helgolandensis_strain_Q31a"
"b4e7a13dc93b826909a6db05b417d2ec","Unassigned","Unassigned","Unassigned","Unassigned","Unassigned","Unassigned","Unassigned"
"fb557564c00d0f3ce75b0cb21887507b","Unassigned","Unassigned","Unassigned","Unassigned","Unassigned","Unassigned","Unassigned"
"d4749394281509aee096eb081d3d8e36","Bacteria","Bacteroidota","Flavobacteriia","Flavobacteriales","Crocinitomicaceae","Fluviicola","Fluviicola_hefeinensis_strain_MYL-8"
"2acb1fcae6018ef3619528fd549396c4","Unassigned","Unassigned","Unassigned","Unassigned","Unassigned","Unassigned","Unassigned"
"f4707e85bcef989e9218cadf446bbe3f","Bacteria","Bacteroidota","Sphingobacteriia","Sphingobacteriales","Aurantibacillaceae","Aurantibacillus","Aurantibacillus_circumpalustris_strain_Swamp196"
"54baacc124b1a683e3578042d7d4e91a","Bacteria","Pseudomonadota","Alphaproteobacteria","Sphingomonadales","Sphingomonadaceae","Sphingopyxis","Sphingopyxis_alaskensis_RB2256"
"1c193712f74564d2682120163c2c48c2","Unassigned","Unassigned","Unassigned","Unassigned","Unassigned","Unassigned","Unassigned"
"3b08abf6047d27a59c159262c9baaaef","Bacteria","Pseudomonadota","Gammaproteobacteria","Moraxellales","Moraxellaceae","Fluviicoccus","Fluviicoccus_keumensis_strain_4DR5"
"69ef8cf974b445fa69fe25c87f46dc41","Bacteria","Myxococcota","","Polyangiales","Polyangiaceae","Racemicystis","Racemicystis_persica_strain_MSr11462"
"f80370654dfd6b7ee56ad4d6de6c7297","Unassigned","Unassigned","Unassigned","Unassigned","Unassigned","Unassigned","Unassigned"
"628409351ab0721f0362ff12c47ae76e","Bacteria","Bacteroidota","Cytophagia","Cytophagales","Fulvivirgaceae","Chryseolinea","Chryseolinea_soli_strain_KIS68-18"
"687d848afa5f2ddbd933435b99447e0b","Bacteria","Pseudomonadota","Betaproteobacteria","Nitrosomonadales","Oxalobacteraceae","Herbaspirillum","Methylophilus_rhizosphaerae_strain_CBMB127"
"e2dd7368a8ce80da751ac4e0445c0bbe","Bacteria","Pseudomonadota","Betaproteobacteria","Burkholderiales","Comamonadaceae","Hydrogenophaga","Hydrogenophaga_soli_strain_S10"
"3cd36dde4230da6931229fd933d0e7e6","Unassigned","Unassigned","Unassigned","Unassigned","Unassigned","Unassigned","Unassigned"
"8be787bbdff8f05fcaafab3e07a87046","Bacteria","Pseudomonadota","Betaproteobacteria","Nitrosomonadales","Sterolibacteriaceae","Georgfuchsia","Georgfuchsia_toluolica_strain_G5G6"
"8635d914b24b38350697886ae7990a8d","Bacteria","Verrucomicrobiota","Opitutia","Opitutales","Opitutaceae","Horticoccus","Horticoccus_luteus_strain_KSB-15"
"799171bd62fcd8c4764b7fda9463aeb7","Bacteria","Pseudomonadota","Betaproteobacteria","Nitrosomonadales","Methylophilaceae","Methylotenera","Methylotenera_versatilis_strain_301"
"aaef0af58f328b71c3f24d056e319057","Bacteria","Bacteroidota","Chitinophagia","Chitinophagales","Chitinophagaceae","Flavipsychrobacter","Flavipsychrobacter_stenotrophus_strain_RB1R16"
"783be660b04bdad583fdb9d9cbcfe80c","Unassigned","Unassigned","Unassigned","Unassigned","Unassigned","Unassigned","Unassigned"
"b30e9ad7f78d8ad61c6f989888fe5bf8","Bacteria","Pseudomonadota","Betaproteobacteria","Burkholderiales","Comamonadaceae","Curvibacter","Curvibacter_delicatus_strain_NBRC_14919"
"38134f2bc799e647b2f600180359f0db","Unassigned","Unassigned","Unassigned","Unassigned","Unassigned","Unassigned","Unassigned"
"086d903bf0bd8a35929b89d1c3f0ca4a","Unassigned","Unassigned","Unassigned","Unassigned","Unassigned","Unassigned","Unassigned"
"9379d516ce6b23238801b90bf65dbebc","Unassigned","Unassigned","Unassigned","Unassigned","Unassigned","Unassigned","Unassigned"
"380bbcb170b02d528f8f02ed449e0351","Unassigned","Unassigned","Unassigned","Unassigned","Unassigned","Unassigned","Unassigned"
"67f60006e94ff6d71550fc23e15a6061","Bacteria","Pseudomonadota","Betaproteobacteria","Burkholderiales","Burkholderiaceae","Ralstonia","Noviherbaspirillum_arenae_strain_M1"
"681c3e6ca8a8136a8a0228bca5af3e55","Unassigned","Unassigned","Unassigned","Unassigned","Unassigned","Unassigned","Unassigned"
"e52fcc89655613a2b2fd5c477f1c8027","Unassigned","Unassigned","Unassigned","Unassigned","Unassigned","Unassigned","Unassigned"
"3e6010511109890e4f2fe99160921312","Bacteria","Acidobacteriota","Vicinamibacteria","Vicinamibacterales","Vicinamibacteraceae","Vicinamibacter","Vicinamibacter_silvestris_strain_Ac_5_C6"
"bda5d1fd999599f21bd09f59199e3222","Unassigned","Unassigned","Unassigned","Unassigned","Unassigned","Unassigned","Unassigned"
"e3ec3302eceed32f922c405f70c1d0d3","Bacteria","Pseudomonadota","Alphaproteobacteria","Hyphomicrobiales","Aestuariivirgaceae","Aestuariivirga","Aestuariivirga_litoralis_strain_SYSU_M10001"
"d6abc8457ff02afc3349b3459cf56efc","Unassigned","Unassigned","Unassigned","Unassigned","Unassigned","Unassigned","Unassigned"
"9804af8ccf78d6ec78dec9eb47f9e7c5","Unassigned","Unassigned","Unassigned","Unassigned","Unassigned","Unassigned","Unassigned"
"0e79263ddec89c6725697be9a3588685","Unassigned","Unassigned","Unassigned","Unassigned","Unassigned","Unassigned","Unassigned"
"9a4c58a08f5456e88429bc1ba847d13a","Bacteria","Pseudomonadota","Gammaproteobacteria","Acidiferrobacterales","Acidiferrobacteraceae","Sulfurifustis","Sulfurifustis_variabilis_strain_skN76"
"fb56a5ce7a39afa2d02da329bfc5d103","Bacteria","Actinomycetota","Acidimicrobiia","Acidimicrobiales","Iamiaceae","Rhabdothermincola","Rhabdothermincola_salaria_strain_EGI_L10124"
"b1120b795379a0dd18b68958feb96b26","Unassigned","Unassigned","Unassigned","Unassigned","Unassigned","Unassigned","Unassigned"
"5fa99a70982a38c5e8da111eb64ce45c","Bacteria","Chlamydiota","Chlamydiia","Parachlamydiales","Parachlamydiaceae","Protochlamydia","Candidatus_Protochlamydia_naegleriophila"
"a6f718c055b9fe191ecda647f07f3a9c","Bacteria","Planctomycetota","Planctomycetia","Gemmatales","Gemmataceae","Limnoglobus","Limnoglobus_roseus_strain_PX52"
"94cd203002efbe4db4af6be7919c4c38","Bacteria","Pseudomonadota","Gammaproteobacteria","Legionellales","Legionellaceae","Legionella","Legionella_quateirensis_strain_1335"
"1cfda24993664cadbd7fa0aa4ab225c0","Unassigned","Unassigned","Unassigned","Unassigned","Unassigned","Unassigned","Unassigned"
"ec5d117950b3583617714779d01b3c56","Unassigned","Unassigned","Unassigned","Unassigned","Unassigned","Unassigned","Unassigned"
"8443f96df2f4cbd061650fe4822bc833","Unassigned","Unassigned","Unassigned","Unassigned","Unassigned","Unassigned","Unassigned"
"6ff306e79cc1e629022a9e0834c66c04","Bacteria","Pseudomonadota","Betaproteobacteria","Nitrosomonadales","Sterolibacteriaceae","Glaciimonas","Georgfuchsia_toluolica_strain_G5G6"
"a06adf916a3fb6902e92c75fb04f9f44","Unassigned","Unassigned","Unassigned","Unassigned","Unassigned","Unassigned","Unassigned"
"d5b32747463f6f897215e7a8f7b8e81f","Unassigned","Unassigned","Unassigned","Unassigned","Unassigned","Unassigned","Unassigned"
"d39ecc525b20fb78ad16e7b8e35f839b","Unassigned","Unassigned","Unassigned","Unassigned","Unassigned","Unassigned","Unassigned"
"623882264186cd083496bca83ba390f0","Bacteria","Pseudomonadota","Alphaproteobacteria","Hyphomicrobiales","Hyphomicrobiaceae","Hyphomicrobium","Hyphomicrobium_facile_strain_IFAM_H-526"
"71250096bd7f4df033cd03bc1a59798c","Unassigned","Unassigned","Unassigned","Unassigned","Unassigned","Unassigned","Unassigned"
"2fc7b516b683baf92dc3ceee193029b0","Unassigned","Unassigned","Unassigned","Unassigned","Unassigned","Unassigned","Unassigned"
"32f29a7382be400457ddc91a5a5d1760","Bacteria","Pseudomonadota","Betaproteobacteria","Nitrosomonadales","Nitrosomonadaceae","Nitrosomonas","Nitrosovibrio_tenuis"
"6b5385a92a91057edb1c167f70447e2f","Unassigned","Unassigned","Unassigned","Unassigned","Unassigned","Unassigned","Unassigned"
"48b92a3b11e13a769f1f9f7a4d1b7cad","Unassigned","Unassigned","Unassigned","Unassigned","Unassigned","Unassigned","Unassigned"
"ffde078ca8824a2d682fd8b6274bf6dd","Unassigned","Unassigned","Unassigned","Unassigned","Unassigned","Unassigned","Unassigned"
"d1792c75de7e89c1d47d906d9df9b301","Bacteria","Pseudomonadota","Alphaproteobacteria","Hyphomicrobiales","Micropepsaceae","Rhizomicrobium","Rhizomicrobium_electricum_strain_Mfc52"
"c9fa7487434b821f571f17804f96b8df","Bacteria","Bacteroidota","Chitinophagia","Chitinophagales","Chitinophagaceae","Terrimonas","Terrimonas_arctica_strain_R9-86"
"fe547dbb178f7b6a05a1dae0a5c24f9a","Bacteria","Acidobacteriota","Vicinamibacteria","Vicinamibacterales","Vicinamibacteraceae","Vicinamibacter","Vicinamibacter_silvestris_strain_Ac_5_C6"
"3d45ca307ba413eef8bbdfb0c54ed5f2","Unassigned","Unassigned","Unassigned","Unassigned","Unassigned","Unassigned","Unassigned"
"911229026d5b4949ad9c4c6038011147","Bacteria","Planctomycetota","Planctomycetia","Gemmatales","Gemmataceae","Fimbriiglobus","Fimbriiglobus_ruber_strain_SP5"
"f596e6cf7b9628c8807605b8ef11ee16","Unassigned","Unassigned","Unassigned","Unassigned","Unassigned","Unassigned","Unassigned"
"d1486d4d2917a5b50fe3124b929ba058","Bacteria","Pseudomonadota","Gammaproteobacteria","Legionellales","Legionellaceae","Legionella","Legionella_waltersii_strain_2074-AUS-E"
"44c227946d7f119b3d6b905b680628d9","Unassigned","Unassigned","Unassigned","Unassigned","Unassigned","Unassigned","Unassigned"
"bf6571f3bc6fcefc6d6d5697153cd45d","Bacteria","Pseudomonadota","Betaproteobacteria","Burkholderiales","Oxalobacteraceae","Noviherbaspirillum","Propionivibrio_dicarboxylicus_strain_CreMal1"
"f5289b19cc5234286461abe3d09287ab","Bacteria","Pseudomonadota","Alphaproteobacteria","Hyphomicrobiales","Hyphomicrobiaceae","Rhodoplanes","Rhodoplanes_roseus_strain_941"
"9be482225b3ef3b39310a10f290f4550","Bacteria","Planctomycetota","Planctomycetia","Planctomycetales","Planctomycetaceae","Symmachiella","Symmachiella_macrocystis_strain_CA54"
"cb000b091f0204b8baf570be2c1e32c9","Unassigned","Unassigned","Unassigned","Unassigned","Unassigned","Unassigned","Unassigned"
"02dc198c941f40313c633c2301eba60b","Bacteria","Planctomycetota","Planctomycetia","Gemmatales","Gemmataceae","Limnoglobus","Limnoglobus_roseus_strain_PX52"
"12e3a4c864976f19b11f0359c08f770f","Bacteria","Verrucomicrobiota","Spartobacteria","Chthoniobacterales","Chthoniobacteraceae","Chthoniobacter","Chthoniobacter_flavus_Ellin428"
"6105a52b4d62b08b41964566428e18b4","Unassigned","Unassigned","Unassigned","Unassigned","Unassigned","Unassigned","Unassigned"
"379a1ce204284acd6d499f30bc7b1abb","Bacteria","Pseudomonadota","Alphaproteobacteria","Hyphomonadales","Hyphomonadaceae","Candidatus_Viadribacter","Candidatus_Viadribacter_manganicus"
"892757ccfcb2d7acc3a5dd62ca65a942","Bacteria","Pseudomonadota","Alphaproteobacteria","Rhodobacterales","Paracoccaceae","Frigidibacter","Fertoeibacter_niger_strain_RG-N-1a"
"0b7375bb7f33ce98ba798f67a7936aec","Unassigned","Unassigned","Unassigned","Unassigned","Unassigned","Unassigned","Unassigned"
"c6d1f60a9f2d98f1c01c7b08ffe7f918","Unassigned","Unassigned","Unassigned","Unassigned","Unassigned","Unassigned","Unassigned"
"dc9bd18f50c54397713af44d829f8564","Unassigned","Unassigned","Unassigned","Unassigned","Unassigned","Unassigned","Unassigned"
"8d417ec55c75b6d5623db59dfab7505a","Unassigned","Unassigned","Unassigned","Unassigned","Unassigned","Unassigned","Unassigned"
"4ae0c06e8ff2d8a2bb7b00550f695feb","Bacteria","Pseudomonadota","Alphaproteobacteria","Rhodospirillales","Dongiaceae","Hypericibacter","Hypericibacter_adhaerens_strain_R5959"
"e0ee7a47d26b8e63b70710457b297038","Bacteria","Bacteroidota","Flavobacteriia","Flavobacteriales","Flavobacteriaceae","Flavobacterium","Flavobacterium_flaviflagrans_strain_CB-3"
"8e8a2f810dd90091a2f437170611878f","Bacteria","Pseudomonadota","Betaproteobacteria","Nitrosomonadales","Usitatibacteraceae","Usitatibacter","Usitatibacter_palustris_strain_Swamp67"
"9a5030a5bf5570eaaf723420f77cfc17","Bacteria","Pseudomonadota","Gammaproteobacteria","Legionellales","Legionellaceae","Legionella","Legionella_erythra_strain_SE-32A-C8"
"2fb2be673821701cabef890cc561865c","Bacteria","Myxococcota","Myxococcia","Myxococcales","Archangiaceae","Vitiosangium","Vitiosangium_cumulatum_strain_MCy10943"
"cacf7a878783d66cfe28a33a332cafff","Unassigned","Unassigned","Unassigned","Unassigned","Unassigned","Unassigned","Unassigned"
"83406e50d3998319dd57244154ccc771","Unassigned","Unassigned","Unassigned","Unassigned","Unassigned","Unassigned","Unassigned"
"8f993069bc9be6596c77923b56fccf48","Bacteria","Pseudomonadota","Alphaproteobacteria","Hyphomicrobiales","Hyphomicrobiaceae","Hyphomicrobium","Hyphomicrobium_hollandicum_strain_IFAM_KB-677"
"00010bbb5be7401181bb44a813a66bdf","Bacteria","Pseudomonadota","Alphaproteobacteria","Sphingomonadales","Sphingomonadaceae","Sphingorhabdus","Parasphingorhabdus_pacifica_strain_n34"
"2e134905ba0d2a87560ae653a11966fe","Unassigned","Unassigned","Unassigned","Unassigned","Unassigned","Unassigned","Unassigned"
"27756f581bd154a262ca184b0b3f0a45","Bacteria","Campylobacterota","Epsilonproteobacteria","Campylobacterales","Sulfurimonadaceae","Sulfuricurvum","Sulfuricurvum_kujiense_DSM_16994_strain_YK-1"
"cb635eba9e150b1ebd9707192d66084a","Unassigned","Unassigned","Unassigned","Unassigned","Unassigned","Unassigned","Unassigned"
"17d690eebf9b1b5421e2f826a087e29a","Bacteria","Bacteroidota","Flavobacteriia","Flavobacteriales","Flavobacteriaceae","Flavobacterium","Flavobacterium_circumlabens_strain_P5626"
"7456e4e90aafb4cd330c290731c715cf","Bacteria","Bacteroidota","Flavobacteriia","Flavobacteriales","Flavobacteriaceae","Flavobacterium","Flavobacterium_myungsuense_strain_HMD1033"
"a4af785eb8c5a890c0282e241bde8124","Unassigned","Unassigned","Unassigned","Unassigned","Unassigned","Unassigned","Unassigned"
"de21d166aaa492026daf026304b06573","Bacteria","Pseudomonadota","Gammaproteobacteria","Legionellales","Legionellaceae","Legionella","Legionella_rubrilucens_strain_WA-270A-C2"
"1c6a700eb2cf9a04abac7dca82c0deb2","Unassigned","Unassigned","Unassigned","Unassigned","Unassigned","Unassigned","Unassigned"
"4298d606d401e2e47cf90801d936cceb","Unassigned","Unassigned","Unassigned","Unassigned","Unassigned","Unassigned","Unassigned"
"336704ad9519d96544fbca417baa2437","Bacteria","Pseudomonadota","Alphaproteobacteria","Hyphomicrobiales","Beijerinckiaceae","Beijerinckia","Methylovirgula_ligni_strain_BW863"
"5679db7d14542e6f05698b63cb4d1db0","Bacteria","Acidobacteriota","Terriglobia","Bryobacterales","Bryobacteraceae","Paludibaculum","Paludibaculum_fermentans_strain_P105"
"eb3baee9dda3a1e405fc239ed132c022","Bacteria","Pseudomonadota","Betaproteobacteria","Nitrosomonadales","Nitrosomonadaceae","Nitrosospira","Sideroxyarcus_emersonii_strain_MIZ01"
"a220f79cb1ac737745150e5174a9caf3","Unassigned","Unassigned","Unassigned","Unassigned","Unassigned","Unassigned","Unassigned"
"f83313e3c51d7c80fd3230cbc36edc6c","Unassigned","Unassigned","Unassigned","Unassigned","Unassigned","Unassigned","Unassigned"
"e61e088055f99603ba564a985cd69131","Unassigned","Unassigned","Unassigned","Unassigned","Unassigned","Unassigned","Unassigned"
"4a0d7d379b642ddc3f454f279243dce8","Unassigned","Unassigned","Unassigned","Unassigned","Unassigned","Unassigned","Unassigned"
"4c756ad697a7c0316b570efce550e82c","Unassigned","Unassigned","Unassigned","Unassigned","Unassigned","Unassigned","Unassigned"
"9027229e54721e7d8082b1a3bd2fd3a3","Bacteria","Chlamydiota","Chlamydiia","Parachlamydiales","Parachlamydiaceae","Protochlamydia","Candidatus_Protochlamydia_phocaeensis"
"f1c184b4e5d817e392413787a13dfcb8","Unassigned","Unassigned","Unassigned","Unassigned","Unassigned","Unassigned","Unassigned"
"89fe7884db5eb6811b0820cf03f5345b","Bacteria","Verrucomicrobiota","Verrucomicrobiia","Verrucomicrobiales","Verrucomicrobiaceae","Prosthecobacter","Prosthecobacter_fluviatilis_strain_HAQ-1"
"2ec90d3a43c5147a60a93c7c3a25c4b2","Unassigned","Unassigned","Unassigned","Unassigned","Unassigned","Unassigned","Unassigned"
"10d51bd64b33945dd26912e959cbf415","Unassigned","Unassigned","Unassigned","Unassigned","Unassigned","Unassigned","Unassigned"
"5466b3a61cdeac16a7abb041a0e1225a","Bacteria","Acidobacteriota","Vicinamibacteria","Vicinamibacterales","Vicinamibacteraceae","Vicinamibacter","Vicinamibacter_silvestris_strain_Ac_5_C6"
"7a89f1aa65f8c77425685139373f49dc","Unassigned","Unassigned","Unassigned","Unassigned","Unassigned","Unassigned","Unassigned"
"61646ef2903694425bb61d20d685d7e9","Unassigned","Unassigned","Unassigned","Unassigned","Unassigned","Unassigned","Unassigned"
"44e924d0c87daf6c5cfaee6f86fc4fdd","Unassigned","Unassigned","Unassigned","Unassigned","Unassigned","Unassigned","Unassigned"
"c5803473a0cebddf897a5a4a04def346","Bacteria","Bacteroidota","Chitinophagia","Chitinophagales","Chitinophagaceae","Rurimicrobium","Rurimicrobium_arvi_strain_J107-1"
"a64a15a6ab33bb5bc004f724ef310ae2","Bacteria","Pseudomonadota","Alphaproteobacteria","Sphingomonadales","Sphingomonadaceae","Sphingomonas","Sphingomonas_fonticola_strain_TNR-2"
"5c1ca75b4050c5b807d422918ed023e9","Bacteria","Pseudomonadota","Alphaproteobacteria","Micropepsales","Micropepsaceae","Rhizomicrobium","Rhizomicrobium_palustre_strain_A48"
"ccc09ce9440d47d83851c0f4ea64ee87","Unassigned","Unassigned","Unassigned","Unassigned","Unassigned","Unassigned","Unassigned"
"a3d8e41f07c48eb60ce18fb3947e4c25","Unassigned","Unassigned","Unassigned","Unassigned","Unassigned","Unassigned","Unassigned"
"afbaf6bfc5ca878cce68a92ef12caa84","Bacteria","Actinomycetota","Thermoleophilia","Solirubrobacterales","Solirubrobacteraceae","Solirubrobacter","Candidatus_Solirubrobacter_pratensis"
"005f4d4e09acbc84049bb4f8d9971da6","Unassigned","Unassigned","Unassigned","Unassigned","Unassigned","Unassigned","Unassigned"
"200849e6bb46617e22d5b4138672761d","Unassigned","Unassigned","Unassigned","Unassigned","Unassigned","Unassigned","Unassigned"
"75bb5b0d56e78f1d01b03bf3d2a4f8a6","Bacteria","Planctomycetota","Planctomycetia","Gemmatales","Gemmataceae","Gemmata","Gemmata_palustris_strain_G18"
"a895a350f27ff3a2783a992187b95c01","Unassigned","Unassigned","Unassigned","Unassigned","Unassigned","Unassigned","Unassigned"
"1a16e91ecb57ec9402f94eb6f8f8c96d","Bacteria","Pseudomonadota","Gammaproteobacteria","Chromatiales","Thioprofundaceae","Thioprofundum","Thioprofundum_lithotrophicum_strain_106"
"3b73070c691b05e1078e6a887ce76723","Unassigned","Unassigned","Unassigned","Unassigned","Unassigned","Unassigned","Unassigned"
"2b9510d0415b5ed7284829f8f8ed62c9","Bacteria","Bacteroidota","Cytophagia","Cytophagales","Spirosomataceae","Aquirufa","Aquirufa_regiilacus"
"b96eda3782f45b6728da971e4f77d0eb","Unassigned","Unassigned","Unassigned","Unassigned","Unassigned","Unassigned","Unassigned"
"06802e687c287b241ff5c5bb4f7a622a","Unassigned","Unassigned","Unassigned","Unassigned","Unassigned","Unassigned","Unassigned"
"6ac01acf9a6d241718280a498caeaff3","Bacteria","Pseudomonadota","Alphaproteobacteria","Rhodospirillales","Acetobacteraceae","Acidocella","Acidocella_aminolytica_strain_101"
"dd7581516059a9d9cb5b9497c440e114","Bacteria","Bacteroidota","Sphingobacteriia","Sphingobacteriales","Sphingobacteriaceae","Solitalea","Solitalea_koreensis_strain_R2A36-4"
"0447f233f71cd61d178e9b43d7590898","Unassigned","Unassigned","Unassigned","Unassigned","Unassigned","Unassigned","Unassigned"
"ce1919f1be6162bd5f98c02ca871d6e6","Bacteria","Planctomycetota","Planctomycetia","Gemmatales","Gemmataceae","Limnoglobus","Limnoglobus_roseus_strain_PX52"
"55bfd4fe1dba6b0e3a64299764c8be28","Unassigned","Unassigned","Unassigned","Unassigned","Unassigned","Unassigned","Unassigned"
"e52563e928230c166083db3a197d2e13","Unassigned","Unassigned","Unassigned","Unassigned","Unassigned","Unassigned","Unassigned"
"cb42384f8b84f8233b373cea4d3c1b13","Unassigned","Unassigned","Unassigned","Unassigned","Unassigned","Unassigned","Unassigned"
"6543b5f8d1f2e8706a10e3ea80d82206","Unassigned","Unassigned","Unassigned","Unassigned","Unassigned","Unassigned","Unassigned"
"f5d308ee9dbf25b9dcd8adc9c31bc1c9","Unassigned","Unassigned","Unassigned","Unassigned","Unassigned","Unassigned","Unassigned"
"0bf310d383f0fbb547baa3b9753247ef","Bacteria","Acidobacteriota","Blastocatellia","Blastocatellales","Blastocatellaceae","Stenotrophobacter","Stenotrophobacter_terrae_strain_Ac_28_D10"
"d0aaf19d36679b3be825b49d298f1f5b","Bacteria","Planctomycetota","Planctomycetia","Gemmatales","Gemmataceae","Fimbriiglobus","Fimbriiglobus_ruber_strain_SP5"
"835a69cc5dadd1d413482d4f86c64fc9","Bacteria","Pseudomonadota","Gammaproteobacteria","Thiohalobacterales","Thiohalobacteraceae","Thiohalobacter","Thiohalobacter_thiocyanaticus_strain_HRh1"
"df16825efd24b439b1f7d9b496ece46d","Unassigned","Unassigned","Unassigned","Unassigned","Unassigned","Unassigned","Unassigned"
"6daee7d192a4615d3c9d4bd478a09f3f","Bacteria","Pseudomonadota","Alphaproteobacteria","Rhodospirillales","Rhodovibrionaceae","Shumkonia","Shumkonia_mesophila_strain_Y-P2"
"1dd7b290a6956f3cc30848eb87723bd6","Unassigned","Unassigned","Unassigned","Unassigned","Unassigned","Unassigned","Unassigned"
"c1ccf515d24b3ad887bad0b77e4824a7","Unassigned","Unassigned","Unassigned","Unassigned","Unassigned","Unassigned","Unassigned"
"c8f811cebb321718c210bb2493b52367","Bacteria","Bacteroidota","Sphingobacteriia","Sphingobacteriales","Aurantibacillaceae","Aurantibacillus","Aurantibacillus_circumpalustris_strain_Swamp196"
"c11c83d71c9b2107bd5e2ef2068260b8","Bacteria","Acidobacteriota","Terriglobia","Bryobacterales","Bryobacteraceae","Paludibaculum","Paludibaculum_fermentans_strain_P105"
"41948a73665db5070395824dcfb27418","Unassigned","Unassigned","Unassigned","Unassigned","Unassigned","Unassigned","Unassigned"
"b43f5b5c7de9e3bf5541014e1ff77672","Bacteria","Pseudomonadota","Alphaproteobacteria","Hyphomicrobiales","Alsobacteraceae","Alsobacter","Alsobacter_metallidurans_strain_SK200a-9"
"662dc581cc94fab7da8638a6aaa5159e","Unassigned","Unassigned","Unassigned","Unassigned","Unassigned","Unassigned","Unassigned"
"670a10d20b0990d85cbbc4d61fb21b9a","Unassigned","Unassigned","Unassigned","Unassigned","Unassigned","Unassigned","Unassigned"
"7785e8bf11db6a4b4a0ef4fe48ff9953","Bacteria","Bacteroidota","Chitinophagia","Chitinophagales","Chitinophagaceae","Ferruginibacter","Ferruginibacter_lapsinanis_strain_HU1-HG42"
"3eb54c4f1392e9391a5d9078315b8c7c","Bacteria","Actinomycetota","Thermoleophilia","Solirubrobacterales","Baekduiaceae","Svornostia","Svornostia_abyssi"
"1e7446b76381be10c03709ab116e3450","Bacteria","Chlamydiota","Chlamydiia","Parachlamydiales","Rhabdochlamydiaceae","Rhabdochlamydia","Candidatus_Rhabdochlamydia_porcellionis"
"dd74d6541e5c3672c19ce18a727c1b32","Bacteria","Actinomycetota","Acidimicrobiia","Acidimicrobiales","Acidimicrobiaceae","Aciditerrimonas","Aciditerrimonas_ferrireducens_JCM_15389_strain_IC-180"
"10f52bc2347f9cb2b582032ad4ed9264","Unassigned","Unassigned","Unassigned","Unassigned","Unassigned","Unassigned","Unassigned"
"6f67b4470c477d7f2e0cc608646172e0","Bacteria","Armatimonadota","Armatimonadia","Armatimonadales","Armatimonadaceae","Armatimonas","Armatimonas_rosea_strain_YO-36"
"4840104b15776f54ce0685b4a9212c80","Bacteria","Bacteroidota","Cytophagia","Cytophagales","Flectobacillaceae","Arcicella","Arcicella_aquatica_strain_NO-502"
"6a3b1e272987a073408b5d00fa56ea8c","Bacteria","Planctomycetota","Planctomycetia","Pirellulales","Pirellulaceae","Anatilimnocola","Anatilimnocola_aggregata_strain_ETA_A8"
"60461a28d9b192438a02e7de5dd1f877","Unassigned","Unassigned","Unassigned","Unassigned","Unassigned","Unassigned","Unassigned"
"2266ae7704fda9d544782a36353c93b5","Unassigned","Unassigned","Unassigned","Unassigned","Unassigned","Unassigned","Unassigned"
"ff5ee70f6d8c8498de216e14a85bcf27","Unassigned","Unassigned","Unassigned","Unassigned","Unassigned","Unassigned","Unassigned"
"65e6cd4e833c6a8a3e8fa5d9ec295061","Bacteria","Pseudomonadota","Alphaproteobacteria","Hyphomicrobiales","Methylocystaceae","Methylosinus","Methylosinus_trichosporium_OB3b"
"e0c5c015fbfae61dc9bc7edf87aae430","Unassigned","Unassigned","Unassigned","Unassigned","Unassigned","Unassigned","Unassigned"
"d0c880374afeb79869df21210c60be74","Bacteria","Planctomycetota","Planctomycetia","Gemmatales","Gemmataceae","Zavarzinella","Zavarzinella_formosa_strain_A10"
"e19bddc8d891541b920892f3b4063465","Unassigned","Unassigned","Unassigned","Unassigned","Unassigned","Unassigned","Unassigned"
"db4a00187eeef8fa65df7496161e144f","Unassigned","Unassigned","Unassigned","Unassigned","Unassigned","Unassigned","Unassigned"
"812e9a80a0fc9de88a558d16713a533e","Unassigned","Unassigned","Unassigned","Unassigned","Unassigned","Unassigned","Unassigned"
"c5fd09943c1835322d522a90dbbd7083","Bacteria","Gemmatimonadota","Gemmatimonadia","Gemmatimonadales","Gemmatimonadaceae","Gemmatimonas","Gemmatimonas_phototrophica_strain_AP64"
"65f57411671ae575a7bb9f9bf3460bfe","Unassigned","Unassigned","Unassigned","Unassigned","Unassigned","Unassigned","Unassigned"
"c02d5c4c9e3f4179ee67cb4d6e250369","Bacteria","Planctomycetota","Planctomycetia","Pirellulales","Lacipirellulaceae","Adhaeretor","Adhaeretor_mobilis_strain_HG15A2"
"6ae3c4774802a726c9da52b4e91c19a4","Unassigned","Unassigned","Unassigned","Unassigned","Unassigned","Unassigned","Unassigned"
"d5219a5c9e62b78d747f0090b0082c9f","Bacteria","Pseudomonadota","Gammaproteobacteria","Legionellales","Legionellaceae","Legionella","Legionella_yabuuchiae_strain_OA1-2"
"7c3e4f755cb6023159672075769fdeab","Bacteria","Pseudomonadota","Alphaproteobacteria","Hyphomonadales","Hyphomonadaceae","Vitreimonas","Vitreimonas_flagellata_strain_SYSU_XM001"
"49a69d25e2b141ba5212e0ec7d3797c9","Unassigned","Unassigned","Unassigned","Unassigned","Unassigned","Unassigned","Unassigned"
"02fd96ee565061c2491fa31da923540f","Unassigned","Unassigned","Unassigned","Unassigned","Unassigned","Unassigned","Unassigned"
"2210688e1142cae89ee64701e27e4241","Unassigned","Unassigned","Unassigned","Unassigned","Unassigned","Unassigned","Unassigned"
"cc4c2d9d1d3e9f4933b00caf5ffb8d89","Bacteria","Pseudomonadota","Alphaproteobacteria","Hyphomicrobiales","Hyphomicrobiaceae","Hyphomicrobium","Hyphomicrobium_album_strain_XQ2"
"6032bad9003f235bb99107db5316c3e3","Unassigned","Unassigned","Unassigned","Unassigned","Unassigned","Unassigned","Unassigned"
"632ad9da3c37d513c7a1b0129b2a4d71","Unassigned","Unassigned","Unassigned","Unassigned","Unassigned","Unassigned","Unassigned"
"215a56eb8a810c000cd3e0989d2a4c13","Unassigned","Unassigned","Unassigned","Unassigned","Unassigned","Unassigned","Unassigned"
"2db6e2585aba01a744dcd06216dbb4a4","Bacteria","Pseudomonadota","Betaproteobacteria","Burkholderiales","Sphaerotilaceae","Ideonella","Ideonella_paludis_strain_KBP-31"
"47dc06ccef8cfb678fa052abba5487b6","Bacteria","Bacteroidota","Chitinophagia","Chitinophagales","Chitinophagaceae","Terrimonas","Terrimonas_arctica_strain_R9-86"
"4dd8c26ca6226293121eecdbf81cb1d6","Unassigned","Unassigned","Unassigned","Unassigned","Unassigned","Unassigned","Unassigned"
"e8ba8bcb436abd9ca3d263b9308867bc","Unassigned","Unassigned","Unassigned","Unassigned","Unassigned","Unassigned","Unassigned"
"21158f5323ed5fb089f17d8ebd105c6a","Bacteria","Pseudomonadota","Gammaproteobacteria","Chromatiales","Ectothiorhodospiraceae","Acidihalobacter","Thioalbus_denitrificans_strain_Su4"
"a429a30feeeb1bea012be5d885807502","Unassigned","Unassigned","Unassigned","Unassigned","Unassigned","Unassigned","Unassigned"
"9e1f980eea1a9be403e120400b076c63","Unassigned","Unassigned","Unassigned","Unassigned","Unassigned","Unassigned","Unassigned"
"b1876985d462a081f49ec67f0eca3f7e","Bacteria","Pseudomonadota","Gammaproteobacteria","Thiotrichales","Fastidiosibacteraceae","Cysteiniphilum","Cysteiniphilum_litorale_strain_SYSU_D3-2"
"9d174af25a48d1cf5f1b21a2676803c8","Unassigned","Unassigned","Unassigned","Unassigned","Unassigned","Unassigned","Unassigned"
"1af9ff04b959e1599f1b4e3442745fb6","Bacteria","Bacteroidota","Bacteroidia","Marinilabiliales","Marinilabiliaceae","Breznakibacter","Breznakibacter_xylanolyticus_strain_DSM_6779"
"b29aa4727ac53b6cf0e2138b4f33d3a6","Bacteria","Planctomycetota","Planctomycetia","Planctomycetales","Planctomycetaceae","Symmachiella","Symmachiella_macrocystis_strain_CA54"
"2c8f7363f9f70aa9d8da82c9d0cf5d12","Unassigned","Unassigned","Unassigned","Unassigned","Unassigned","Unassigned","Unassigned"
"3cc9cd3efaab3fdb6db21af44c1c63d2","Bacteria","Pseudomonadota","Alphaproteobacteria","Hyphomicrobiales","Devosiaceae","Devosia","Devosia_insulae_DS-56"
"7911795c18e9056579ff549d2aef9c68","Bacteria","Pseudomonadota","Gammaproteobacteria","Pseudomonadales","Pseudomonadaceae","Pseudomonas","Pseudomonas_azerbaijanorientalis"
"056274d1555dae2de40d9c3eb7d6d637","Bacteria","Verrucomicrobiota","Opitutia","Opitutales","Opitutaceae","Opitutus","Opitutus_terrae_PB90-1"
"ac6ddfcb2dbac3018805d5ec3077019c","Bacteria","Pseudomonadota","Alphaproteobacteria","Hyphomicrobiales","Hyphomicrobiaceae","Hyphomicrobium","Pedomicrobium_ferrugineum_strain_ATCC_33119"
"a69438f8738b5ca2dce7a805827c094c","Bacteria","Bacteroidota","Flavobacteriia","Flavobacteriales","Flavobacteriaceae","Flavobacterium","Flavobacterium_psychrotolerans_strain_RB1R5"
"758cdf0d6888e3374cd287d7428a9d30","Bacteria","Planctomycetota","Planctomycetia","Gemmatales","Gemmataceae","Limnoglobus","Limnoglobus_roseus_strain_PX52"
"00180e5e8167349941ef246a07359523","Unassigned","Unassigned","Unassigned","Unassigned","Unassigned","Unassigned","Unassigned"
"1dac5919b7823f7f5e4f0bc1bff24381","Unassigned","Unassigned","Unassigned","Unassigned","Unassigned","Unassigned","Unassigned"
"e3f5869452aa9e12c521a92abcdac9c0","Bacteria","Myxococcota","","Haliangiales","Kofleriaceae","Haliangium","Haliangium_tepidum_strain_SMP-10"
"d5c063016931a24f495514a216d06d48","Bacteria","Pseudomonadota","Gammaproteobacteria","Legionellales","Coxiellaceae","Berkiella","Candidatus_Berkiella_aquae"
"90d5ffd294c06c33bc0a17e324e0191d","Bacteria","Pseudomonadota","Betaproteobacteria","Burkholderiales","Comamonadaceae","Caenimonas","Caenimonas_aquaedulcis"
"f0914423c758a30fd58acf57aed746a8","Bacteria","Bacteroidota","Sphingobacteriia","Sphingobacteriales","Aurantibacillaceae","Aurantibacillus","Aurantibacillus_circumpalustris_strain_Swamp196"
"3a5e7fddf48e8af2b6a8f9be794cd2fb","Bacteria","Pseudomonadota","Gammaproteobacteria","Cellvibrionales","Halieaceae","Marimicrobium","Marimicrobium_arenosum_strain_CAU1038"
"8dbdebb16dc8d13483509428405aab1c","Bacteria","Planctomycetota","Planctomycetia","Gemmatales","Gemmataceae","Limnoglobus","Limnoglobus_roseus_strain_PX52"
"7dfbfefa1f803e3df947b6ec47bd634f","Unassigned","Unassigned","Unassigned","Unassigned","Unassigned","Unassigned","Unassigned"
"83941e08f7892c37839700834e6b22dd","Bacteria","Pseudomonadota","Alphaproteobacteria","Kordiimonadales","Kordiimonadaceae","Yunchengibacter","Yunchengibacter_salinarum"
"5a257f30063b4e6752c9d1e68b1a33e7","Unassigned","Unassigned","Unassigned","Unassigned","Unassigned","Unassigned","Unassigned"
"2a427bfa72681c5481c4d55419f695ab","Unassigned","Unassigned","Unassigned","Unassigned","Unassigned","Unassigned","Unassigned"
"203ec48252bd573e2ed6697030a14601","Unassigned","Unassigned","Unassigned","Unassigned","Unassigned","Unassigned","Unassigned"
"b7a869cf2a4e1248a137069522e3244e","Unassigned","Unassigned","Unassigned","Unassigned","Unassigned","Unassigned","Unassigned"
"7e8b4a907f3e47745d00797938af07de","Unassigned","Unassigned","Unassigned","Unassigned","Unassigned","Unassigned","Unassigned"
"82b970b3ca03ea8201f4ee1eb65aaad9","Bacteria","Verrucomicrobiota","Spartobacteria","Chthoniobacterales","Chthoniobacteraceae","Chthoniobacter","Chthoniobacter_flavus_Ellin428"
"dd88c7232aeb11d2ddd02321d7ad722f","Unassigned","Unassigned","Unassigned","Unassigned","Unassigned","Unassigned","Unassigned"
"801dded4465227fc6397ebdc67d7dabc","Unassigned","Unassigned","Unassigned","Unassigned","Unassigned","Unassigned","Unassigned"
"8601da0c5d97d655ae32e40107ff6b24","Unassigned","Unassigned","Unassigned","Unassigned","Unassigned","Unassigned","Unassigned"
"ff5a20578d698b1c6286e58fd74e7624","Bacteria","Planctomycetota","Planctomycetia","Gemmatales","Gemmataceae","Urbifossiella","Urbifossiella_limnaea_strain_ETA_A1"
"264ddc8850f498c7b4426e6ccc14f4b8","Unassigned","Unassigned","Unassigned","Unassigned","Unassigned","Unassigned","Unassigned"
"100db897ac4cae586d43027a24b13bd7","Bacteria","Bacteroidota","Flavobacteriia","Flavobacteriales","Flavobacteriaceae","Flavobacterium","Flavobacterium_soyangense_strain_IMCC26223"
"a471358586636b7faa772d4eb3818c8a","Bacteria","Pseudomonadota","Betaproteobacteria","Burkholderiales","Oxalobacteraceae","Noviherbaspirillum","Noviherbaspirillum_denitrificans_strain_TSA40"
"a754bbddaf775f8a452276a7fb6c1196","Bacteria","Acidobacteriota","Vicinamibacteria","Vicinamibacterales","Vicinamibacteraceae","Luteitalea","Luteitalea_pratensis_strain_HEG_-6_39"
"6e9b9809a6964bc0cd3690e933a30780","Unassigned","Unassigned","Unassigned","Unassigned","Unassigned","Unassigned","Unassigned"
"2d939160071aad6090af5f9963b9d5a9","Unassigned","Unassigned","Unassigned","Unassigned","Unassigned","Unassigned","Unassigned"
"7d4a41e71ed4f91211696f6ed64ea476","Bacteria","Pseudomonadota","Alphaproteobacteria","Holosporales","Candidatus_Paracaedibacteraceae","Finniella","Candidatus_Finniella_inopinata"
"6c544530f2484c01646cb007ce62070e","Bacteria","Bacteroidota","Sphingobacteriia","Sphingobacteriales","Sphingobacteriaceae","Desertivirga","Desertivirga_xinjiangensis_strain_12157"
"369faecb1085d1b99a56ee1091dfbdaf","Unassigned","Unassigned","Unassigned","Unassigned","Unassigned","Unassigned","Unassigned"
"363eb289c215aae9909d29ed8bda54c8","Unassigned","Unassigned","Unassigned","Unassigned","Unassigned","Unassigned","Unassigned"
"6ffaea433598e1a69cc9773489c47e52","Bacteria","Acidobacteriota","Terriglobia","Bryobacterales","Bryobacteraceae","Paludibaculum","Paludibaculum_fermentans_strain_P105"
"9770b6c8db12f5e81002ebab36f414cb","Bacteria","Pseudomonadota","Alphaproteobacteria","Caulobacterales","Caulobacteraceae","Brevundimonas","Brevundimonas_humi_strain_CA-15"
"c349c67b80371db91ba6144932faa4bc","Bacteria","Chlamydiota","Chlamydiia","Parachlamydiales","Parachlamydiaceae","Protochlamydia","Candidatus_Protochlamydia_naegleriophila"
"fb002cde37c130de267dbeb8becbf3d2","Bacteria","Planctomycetota","Planctomycetia","Isosphaerales","Isosphaeraceae","Paludisphaera","Paludisphaera_borealis_strain_PX4"
"14c8ff5eef9e368695e0711db1678fd4","Bacteria","Chlamydiota","Chlamydiia","Parachlamydiales","Parachlamydiaceae","Neochlamydia","Neochlamydia_hartmannellae_strain_A1Hsp"
"e3ab50ac69a84a21ee854032f5867d46","Unassigned","Unassigned","Unassigned","Unassigned","Unassigned","Unassigned","Unassigned"
"96d3e881df13512dc5b71fb0a84ad7b9","Bacteria","Planctomycetota","Planctomycetia","Pirellulales","Pirellulaceae","Pirellula","Pirellula_staleyi_DSM_6068"
"099bc31d16ea780b4672fe1012d2a271","Unassigned","Unassigned","Unassigned","Unassigned","Unassigned","Unassigned","Unassigned"
"f773394a3c4edfef982ae009446ef826","Unassigned","Unassigned","Unassigned","Unassigned","Unassigned","Unassigned","Unassigned"
"70a3ff97ea5597f5de291a510fed322e","Unassigned","Unassigned","Unassigned","Unassigned","Unassigned","Unassigned","Unassigned"
"22743f5afce05783bd67f123fa4a4757","Bacteria","Bdellovibrionota","Bdellovibrionia","Bdellovibrionales","Pseudobdellovibrionaceae","Bdellovibrio","Bdellovibrio_bacteriovorus_strain_HD100"
"990458264e37b56ea755c7a86036c563","Bacteria","Verrucomicrobiota","Spartobacteria","Chthoniobacterales","Chthoniobacteraceae","Chthoniobacter","Chthoniobacter_flavus_Ellin428"
"b4885602c6caefbe09fce27e91b87346","Bacteria","Chlamydiota","Chlamydiia","Parachlamydiales","Parachlamydiaceae","Protochlamydia","Candidatus_Protochlamydia_naegleriophila"
"9337c31da92762288e4201e89f319118","Unassigned","Unassigned","Unassigned","Unassigned","Unassigned","Unassigned","Unassigned"
"799c4f21a005af2dc054d34de1464964","Bacteria","Bacteroidota","Saprospiria","Saprospirales","Lewinellaceae","Flavilitoribacter","Flavilitoribacter_nigricans_strain_ATCC_23147"
"6fe96847852b13d87d1e5a71ba4fe30a","Unassigned","Unassigned","Unassigned","Unassigned","Unassigned","Unassigned","Unassigned"
"8da5d14e163c52e0d25b27e020bf372c","Unassigned","Unassigned","Unassigned","Unassigned","Unassigned","Unassigned","Unassigned"
"32856b1382b4e6bfbf780d10184bd887","Bacteria","Pseudomonadota","Alphaproteobacteria","Hyphomicrobiales","Hyphomicrobiaceae","Hyphomicrobium","Hyphomicrobium_hollandicum_strain_IFAM_KB-677"
"84cfa759d0ce5c284d018bd0b110fdf7","Bacteria","Pseudomonadota","Betaproteobacteria","Rhodocyclales","Azonexaceae","Dechloromonas","Dechloromonas_hortensis_strain_MA-1"
"4b5e5d8285aa4ad2a76b4f9d2d586984","Bacteria","Pseudomonadota","Alphaproteobacteria","Hyphomonadales","Hyphomonadaceae","Vitreimonas","Vitreimonas_flagellata_strain_SYSU_XM001"
"0dd3078fc254212ac4b100826a4a4088","Bacteria","Pseudomonadota","Betaproteobacteria","Nitrosomonadales","Usitatibacteraceae","Usitatibacter","Usitatibacter_palustris_strain_Swamp67"
"edac1d2dc5169038dcdb0addbbbf1400","Unassigned","Unassigned","Unassigned","Unassigned","Unassigned","Unassigned","Unassigned"
"84f5bb21430ce2a15304be9a9219c30d","Bacteria","Actinomycetota","Acidimicrobiia","Acidimicrobiales","Ilumatobacteraceae","Desertimonas","Desertimonas_flava_strain_SYSU_D60003"
"b6b185b95041321679bfdbd95178c9a7","Unassigned","Unassigned","Unassigned","Unassigned","Unassigned","Unassigned","Unassigned"
"bb85025a426f80c668ff275ff2deb4b8","Unassigned","Unassigned","Unassigned","Unassigned","Unassigned","Unassigned","Unassigned"
"58f2ae110e99586724979286c775038f","Bacteria","Pseudomonadota","Betaproteobacteria","Nitrosomonadales","Methylophilaceae","Methylophilus","Methylophilus_methylotrophus_strain_NCIMB_10515"
"f8379a5f636787e923ba7bd0744838af","Unassigned","Unassigned","Unassigned","Unassigned","Unassigned","Unassigned","Unassigned"
"70484f49f18efbffbb58fefda6260983","Unassigned","Unassigned","Unassigned","Unassigned","Unassigned","Unassigned","Unassigned"
"706a376a6d14e67aa94bc391bf86009b","Bacteria","Bacteroidota","Sphingobacteriia","Sphingobacteriales","Aurantibacillaceae","Aurantibacillus","Aurantibacillus_circumpalustris_strain_Swamp196"
"8361bbe91acf9c8df5552e60935efc00","Bacteria","Planctomycetota","Planctomycetia","Gemmatales","Gemmataceae","Gemmata","Gemmata_palustris_strain_G18"
"0bf1cd38066f9e8134930a73266ba9ef","Bacteria","Bdellovibrionota","Oligoflexia","Silvanigrellales","Silvanigrellaceae","Pigmentibacter","Pigmentibacter_ruber_strain_HNSRY-1"
"ab114399cf90e160d9f19553a01a0ee3","Unassigned","Unassigned","Unassigned","Unassigned","Unassigned","Unassigned","Unassigned"
"e2a401f7ad1b2148b1c0f9c3e2660cbf","Bacteria","Bacteroidota","Flavobacteriia","Flavobacteriales","Flavobacteriaceae","Flavobacterium","Flavobacterium_paronense_strain_KNUS1"
"28d5d6552ce524b492cd29747ce1cb77","Bacteria","Pseudomonadota","Gammaproteobacteria","Pseudomonadales","Pseudomonadaceae","Pseudomonas","Pseudomonas_mucoides_strain_P154a"
"f5bc12d66b57a35b18a29c72df44b04d","Bacteria","Thermodesulfobacteriota","Desulfuromonadia","Geobacterales","Geobacteraceae","Geobacter","Geobacter_sulfurreducens_subsp._ethanolicus_strain_OSK2A"
"6b1d615622907f605b9242109c0d7542","Bacteria","Pseudomonadota","Gammaproteobacteria","Lysobacterales","Lysobacteraceae","Arenimonas","Arenimonas_maotaiensis_strain_YT8"
"3d0f6a568f5ebfb722644521645efa69","Bacteria","Planctomycetota","Planctomycetia","Gemmatales","Gemmataceae","Limnoglobus","Limnoglobus_roseus_strain_PX52"
"96f42a9d76593fa542e82de551ad8b89","Unassigned","Unassigned","Unassigned","Unassigned","Unassigned","Unassigned","Unassigned"
"043d557e01aa8e6d979da9788c66e52f","Unassigned","Unassigned","Unassigned","Unassigned","Unassigned","Unassigned","Unassigned"
"738de5954b4d520a16bec1a445015ae4","Unassigned","Unassigned","Unassigned","Unassigned","Unassigned","Unassigned","Unassigned"
"d0fb6d4cc04987021dda748bb94a761c","Bacteria","Actinomycetota","Acidimicrobiia","Acidimicrobiales","Iamiaceae","Aciditerrimonas","Aciditerrimonas_ferrireducens_JCM_15389_strain_IC-180"
"b07ce84afc936a0409344494331e1e8e","Bacteria","Acidobacteriota","Terriglobia","Bryobacterales","Bryobacteraceae","Paludibaculum","Paludibaculum_fermentans_strain_P105"
"268f1ab1f29be477d6af1f706bae70af","Bacteria","Planctomycetota","Planctomycetia","Pirellulales","Pirellulaceae","Anatilimnocola","Pirellula_staleyi_DSM_6068"
"3f209454e0c51996d9db072baac1b4da","Bacteria","Pseudomonadota","Betaproteobacteria","Burkholderiales","Sphaerotilaceae","Methylibium","Methylibium_petroleiphilum_PM1"
"b080e66d6e739b8968752e795152631e","Unassigned","Unassigned","Unassigned","Unassigned","Unassigned","Unassigned","Unassigned"
"ad95272bdc3dd7b0bc1b7fbfdc92975f","Bacteria","Planctomycetota","Planctomycetia","Planctomycetales","Planctomycetaceae","Symmachiella","Symmachiella_macrocystis_strain_CA54"
"c497b588a113997b6356c2227c470c19","Bacteria","Verrucomicrobiota","Spartobacteria","Chthoniobacterales","Chthoniobacteraceae","Chthoniobacter","Chthoniobacter_flavus_Ellin428"
"2c0c9c71c7d4a4365194a67403f91d9c","Bacteria","Bacteroidota","Flavobacteriia","Flavobacteriales","Flavobacteriaceae","Flavobacterium","Flavobacterium_terrisoli"
"f84612f815fb722562d363436b560bee","Bacteria","Pseudomonadota","Gammaproteobacteria","Legionellales","Legionellaceae","Legionella","Legionella_adelaidensis_strain_NCTC_12735"
"87540c63575425c204646f52574f30fe","Bacteria","Pseudomonadota","Gammaproteobacteria","Chromatiales","Thioprofundaceae","Thioprofundum","Candidatus_Thiodiazotropha_endolucinida"
"b92f5702a8d57b24f0e5bd6a3b27c833","Unassigned","Unassigned","Unassigned","Unassigned","Unassigned","Unassigned","Unassigned"
"d48089e032f38494cd782b894296fd47","Unassigned","Unassigned","Unassigned","Unassigned","Unassigned","Unassigned","Unassigned"
"42c6abfe4093008a4672a510ed1b3748","Unassigned","Unassigned","Unassigned","Unassigned","Unassigned","Unassigned","Unassigned"
"a286f912723b9b388a5d278d63f564a3","Bacteria","Planctomycetota","Planctomycetia","Planctomycetales","Planctomycetaceae","Fuerstiella","Fuerstiella_marisgermanici_strain_NH11"
"9951632cb14ddb6e6c18b79b79e3fdba","Unassigned","Unassigned","Unassigned","Unassigned","Unassigned","Unassigned","Unassigned"
"0af74062f2a7143237411abe10bd6aff","Unassigned","Unassigned","Unassigned","Unassigned","Unassigned","Unassigned","Unassigned"
"651bb69ef41ea20b2cdc5bbaa9ac0c8e","Bacteria","Pseudomonadota","Betaproteobacteria","Burkholderiales","Sphaerotilaceae","Rubrivivax","Rubrivivax_albus_strain_ICH-3"
"08eb8388bbe671864a1904010108f941","Unassigned","Unassigned","Unassigned","Unassigned","Unassigned","Unassigned","Unassigned"
"3c811afdfd33ae7addc587bc8deec4bd","Unassigned","Unassigned","Unassigned","Unassigned","Unassigned","Unassigned","Unassigned"
"6af1a1cce2ff760cdfb55f8fed95e787","Unassigned","Unassigned","Unassigned","Unassigned","Unassigned","Unassigned","Unassigned"
"db6a8c3b2fad699234a615fc20e2d67d","Unassigned","Unassigned","Unassigned","Unassigned","Unassigned","Unassigned","Unassigned"
"be601937b2fbcb9a1b3b3cef6745046c","Unassigned","Unassigned","Unassigned","Unassigned","Unassigned","Unassigned","Unassigned"
"634543dcaa96f2a3a9431d2586d3dcfd","Unassigned","Unassigned","Unassigned","Unassigned","Unassigned","Unassigned","Unassigned"
"27b3847d69b7a2ca999a322fca5e70d4","Bacteria","Pseudomonadota","Betaproteobacteria","Burkholderiales","Comamonadaceae","Rhodoferax","Rhodoferax_lacus_strain_IMCC26218"
"b1e0b43c04611ee4a467e3c5bf2cbcb9","Unassigned","Unassigned","Unassigned","Unassigned","Unassigned","Unassigned","Unassigned"
"bfd8262b6d27617407178cc103c690e0","Bacteria","Pseudomonadota","Alphaproteobacteria","Hyphomonadales","Hyphomonadaceae","Asprobacter","Asprobacter_aquaticus_strain_DRW22-8"
"90350edc5292668aea6ba1ddae0d0583","Unassigned","Unassigned","Unassigned","Unassigned","Unassigned","Unassigned","Unassigned"
"38909f12d934237ac53c01c1e5cbb695","Bacteria","Pseudomonadota","Alphaproteobacteria","Hyphomonadales","Hyphomonadaceae","Vitreimonas","Vitreimonas_flagellata_strain_SYSU_XM001"
"968f28e51802850fb71345c4c571f796","Bacteria","Planctomycetota","Planctomycetia","Gemmatales","Gemmataceae","Limnoglobus","Limnoglobus_roseus_strain_PX52"
"a3ca8c2f240f0af22c82772f924901ac","Unassigned","Unassigned","Unassigned","Unassigned","Unassigned","Unassigned","Unassigned"
"781ef37f04f516fc7f05373c66a14ff5","Unassigned","Unassigned","Unassigned","Unassigned","Unassigned","Unassigned","Unassigned"
"b609d9142b7febc678a224d8848e99ed","Unassigned","Unassigned","Unassigned","Unassigned","Unassigned","Unassigned","Unassigned"
"534be2bf8335a170595102ccf237e055","Bacteria","Bacteroidota","Flavobacteriia","Flavobacteriales","Weeksellaceae","Elizabethkingia","Elizabethkingia_meningoseptica_strain_ATCC_13253"
"74721192b21ac172942ac067e1455b87","Bacteria","Pseudomonadota","Gammaproteobacteria","Pseudomonadales","Pseudomonadaceae","Pseudomonas","Pseudomonas_yamanorum_strain_8H1"
"cbb2fc36a7c1eaf80b1693012cc18c20","Unassigned","Unassigned","Unassigned","Unassigned","Unassigned","Unassigned","Unassigned"
"61ffc7d7910ecf622628b686d7655849","Unassigned","Unassigned","Unassigned","Unassigned","Unassigned","Unassigned","Unassigned"
"1d12ac47aa136f2b5b4c7d7a9cd20ae4","Bacteria","Verrucomicrobiota","Opitutia","Opitutales","Opitutaceae","Horticoccus","Horticoccus_luteus_strain_KSB-15"
"3c26c393bc4fd2a30348290538636b48","Unassigned","Unassigned","Unassigned","Unassigned","Unassigned","Unassigned","Unassigned"
"40a2f61dc2a3943c17cfe272783858e5","Bacteria","Planctomycetota","Planctomycetia","Gemmatales","Gemmataceae","Fimbriiglobus","Fimbriiglobus_ruber_strain_SP5"
"d3ab37ec6ad5ee389e0429ee22d28ca9","Bacteria","Pseudomonadota","Alphaproteobacteria","Rhodospirillales","Acetobacteraceae","Acidocella","Acidocella_aminolytica_strain_101"
"80317fcee812f00682c7a16195c9c327","Unassigned","Unassigned","Unassigned","Unassigned","Unassigned","Unassigned","Unassigned"
"de42f6d2f552a8d29ce7b51876b20836","Bacteria","Pseudomonadota","Gammaproteobacteria","Chromatiales","Thioprofundaceae","Thioprofundum","Thioprofundum_lithotrophicum_strain_106"
"e552fdae4d60776e47cb99aab691dac5","Bacteria","Actinomycetota","Acidimicrobiia","Acidimicrobiales","Iamiaceae","Aquihabitans","Aquihabitans_daechungensis_strain_CH22-21"
"36876fff13760db20b470dbc2d90fcb7","Bacteria","Pseudomonadota","Alphaproteobacteria","Holosporales","Candidatus_Paracaedibacteraceae","Paracaedibacter","Candidatus_Paracaedibacter_symbiosus"
"b4841d54909ac860f54a98e0b471fbe1","Bacteria","Pseudomonadota","Alphaproteobacteria","Rhodospirillales","Acetobacteraceae","Acidicaldus","Acidicaldus_organivorans_strain_Y008"
"dde0aea22271b4f4b6c5c43c74c7e6d1","Bacteria","Pseudomonadota","Alphaproteobacteria","Hyphomicrobiales","Hyphomicrobiaceae","Hyphomicrobium","Hyphomicrobium_album_strain_XQ2"
"be89e22461e4b4dbd3c42a509df8d9b2","Unassigned","Unassigned","Unassigned","Unassigned","Unassigned","Unassigned","Unassigned"
"9fa23b584c6b0801a15aa689ca50f2c9","Bacteria","Pseudomonadota","Alphaproteobacteria","Sphingomonadales","Sphingomonadaceae","Sphingopyxis","Sphingopyxis_solisilvae_strain_R366"
"4290bf91d97cb4f6722e34d34fe58c96","Bacteria","Planctomycetota","Planctomycetia","Gemmatales","Gemmataceae","Fimbriiglobus","Fimbriiglobus_ruber_strain_SP5"
"5e29be237e7ff8c2e624bb7af89d1926","Bacteria","Verrucomicrobiota","Verrucomicrobiia","Verrucomicrobiales","Verrucomicrobiaceae","Prosthecobacter","Prosthecobacter_fluviatilis_strain_HAQ-1"
"2324a74658b9484928890d07d423c7b0","Bacteria","Pseudomonadota","Alphaproteobacteria","Rickettsiales","Rickettsiaceae","Candidatus_Megaera","Candidatus_Megaera_venefica"
"1b768f0be0d3fd685f3ed5faf6875061","Unassigned","Unassigned","Unassigned","Unassigned","Unassigned","Unassigned","Unassigned"
"da3006c9ed777953a9e3eb50896b55d8","Bacteria","Pseudomonadota","Betaproteobacteria","Burkholderiales","Comamonadaceae","Acidovorax","Acidovorax_radicis_N35"
"68ac865aa80ae78f5d81bca0ded6e234","Unassigned","Unassigned","Unassigned","Unassigned","Unassigned","Unassigned","Unassigned"
"174d64c822d2be441bef8cfbf43b45b5","Bacteria","Acidobacteriota","Vicinamibacteria","Vicinamibacterales","Vicinamibacteraceae","Vicinamibacter","Vicinamibacter_silvestris_strain_Ac_5_C6"
"7463ca17469564e93ad46f113efbf6f6","Bacteria","Actinomycetota","Acidimicrobiia","Acidimicrobiales","Iamiaceae","Rhabdothermincola","Rhabdothermincola_salaria_strain_EGI_L10124"
"c43d2c5ad0187a4fd475276e052fa3e3","Unassigned","Unassigned","Unassigned","Unassigned","Unassigned","Unassigned","Unassigned"
"a5cd5d5b946979844770112bd9ced827","Bacteria","Pseudomonadota","Betaproteobacteria","Burkholderiales","Oxalobacteraceae","Undibacterium","Undibacterium_terreum_strain_C3"
"1e9bd48edafc82a54905830b8b34fd9f","Unassigned","Unassigned","Unassigned","Unassigned","Unassigned","Unassigned","Unassigned"
"81e8e2d1c0341d7a2ccb6ea5795a920f","Unassigned","Unassigned","Unassigned","Unassigned","Unassigned","Unassigned","Unassigned"
"9c1a339fbfc8b73fbb36b7356b14f100","Bacteria","Bacteroidota","Sphingobacteriia","Sphingobacteriales","Sphingobacteriaceae","Mucilaginibacter","Mucilaginibacter_soyangensis_strain_HME6664"
"55dda4e10d7f52d94faf398b8a55ab0e","Bacteria","Planctomycetota","Planctomycetia","Gemmatales","Gemmataceae","Fimbriiglobus","Fimbriiglobus_ruber_strain_SP5"
"920fbe89648dcd5b01157a8bb2f0ffd2","Unassigned","Unassigned","Unassigned","Unassigned","Unassigned","Unassigned","Unassigned"
"3e8b8595d9754fe38433c7e470120794","Unassigned","Unassigned","Unassigned","Unassigned","Unassigned","Unassigned","Unassigned"
"9537756685be721e047c49c476deb408","Bacteria","Nitrospirota","Nitrospiria","Nitrospirales","Nitrospiraceae","Nitrospira","Nitrospira_japonica_strain_J1"
"4eb30be69345af5aef6dc008d7683bcc","Bacteria","Pseudomonadota","Alphaproteobacteria","Holosporales","Candidatus_Paracaedibacteraceae","Paracaedibacter","Candidatus_Paracaedibacter_acanthamoebae"
"67bfebaa74264713e3c7ff2e2fca6bb4","Bacteria","Verrucomicrobiota","Opitutia","Opitutales","Opitutaceae","Horticoccus","Horticoccus_luteus_strain_KSB-15"
"7823719e2d10a3eff06ced253908be7a","Bacteria","Verrucomicrobiota","Verrucomicrobiia","Verrucomicrobiales","Verrucomicrobiaceae","Prosthecobacter","Prosthecobacter_fluviatilis_strain_HAQ-1"
"b643f75bed0fee992934c0a7f7ed1799","Unassigned","Unassigned","Unassigned","Unassigned","Unassigned","Unassigned","Unassigned"
"2aedd0882a0b968cf453361d2d813c32","Bacteria","Bacteroidota","Chitinophagia","Chitinophagales","Chitinophagaceae","Rurimicrobium","Rurimicrobium_arvi_strain_J107-1"
"c55398195241d9a3827b8be64fce4751","Bacteria","Bacteroidota","Flavobacteriia","Flavobacteriales","Flavobacteriaceae","Flavobacterium","Flavobacterium_noncentrifugens_strain_R-HLS-17"
"ae0a84d310371f601d66c43e4336339a","Bacteria","Chlamydiota","Chlamydiia","Parachlamydiales","Parachlamydiaceae","Neochlamydia","Neochlamydia_hartmannellae_strain_A1Hsp"
"bb787e4ad40e68155b8c94645f836011","Unassigned","Unassigned","Unassigned","Unassigned","Unassigned","Unassigned","Unassigned"
"b31c8b4d67d59ac1d61c0ecc3a545765","Unassigned","Unassigned","Unassigned","Unassigned","Unassigned","Unassigned","Unassigned"
"170d31a8a7352faa3829f9474b857387","Bacteria","Pseudomonadota","Gammaproteobacteria","Chromatiales","Sedimenticolaceae","Endoriftia","Candidatus_Endoriftia_persephone"
"edea9ba71365edce3de2ffc9d1ff9e18","Bacteria","Planctomycetota","Planctomycetia","Planctomycetales","Planctomycetaceae","Schlesneria","Schlesneria_paludicola_strain_MPL7"
"efe708b8283dce6ffbf92a6c8be4879f","Unassigned","Unassigned","Unassigned","Unassigned","Unassigned","Unassigned","Unassigned"
"e6f66d1456a2a729421a052ae8e5d567","Bacteria","Planctomycetota","Planctomycetia","Planctomycetales","Planctomycetaceae","Symmachiella","Symmachiella_macrocystis_strain_CA54"
"c5a7fd01c23b00be4a6eca1aeebcf8d2","Bacteria","Chlamydiota","Chlamydiia","Parachlamydiales","Parachlamydiaceae","Neochlamydia","Neochlamydia_hartmannellae_strain_A1Hsp"
"3087e74553394d9fc966a71498be467e","Bacteria","Pseudomonadota","Betaproteobacteria","Nitrosomonadales","Nitrosomonadaceae","Nitrosospira","Nitrosospira_lacus_strain_APG3"
"ac827c3c95045883feacf0ef988f23b2","Bacteria","Bacteroidota","Flavobacteriia","Flavobacteriales","Owenweeksiaceae","Owenweeksia","Lentimicrobium_saccharophilum_strain_TBC1"
"eae0863ba9c7c69f8d94d4b643daf0ea","Unassigned","Unassigned","Unassigned","Unassigned","Unassigned","Unassigned","Unassigned"
"cbb3568a4ea118b6259384afc9d3042a","Bacteria","Gemmatimonadota","Gemmatimonadia","Gemmatimonadales","Gemmatimonadaceae","Gemmatimonas","Gemmatimonas_phototrophica_strain_AP64"
"0ec9978dd24d7f386d748a109748f885","Unassigned","Unassigned","Unassigned","Unassigned","Unassigned","Unassigned","Unassigned"
"16878b54a682aff8d9bd1d3eb3713cb3","Bacteria","Pseudomonadota","Betaproteobacteria","Burkholderiales","Comamonadaceae","Rhodoferax","Rhodoferax_aquaticus_strain_personal::Gr-4"
"a7ddd4f06d4f308651b7471f855bc8cf","Bacteria","Acidobacteriota","Vicinamibacteria","Vicinamibacterales","Vicinamibacteraceae","Vicinamibacter","Vicinamibacter_silvestris_strain_Ac_5_C6"
"006cca151ba22d3ea6d8c8150f3412a9","Bacteria","Pseudomonadota","Betaproteobacteria","Burkholderiales","Burkholderiaceae","Trinickia","Trinickia_dinghuensis_strain_DHOM06"
"eb71296849478ef696ad411803b565b6","Bacteria","Planctomycetota","Phycisphaerae","Tepidisphaerales","Tepidisphaeraceae","Tepidisphaera","Tepidisphaera_mucosa_strain_2842"
"69332fd071e4160447c8d457ce9b9cd2","Bacteria","Pseudomonadota","Betaproteobacteria","Rhodocyclales","Rhodocyclaceae","Oryzomicrobium","Oryzomicrobium_terrae_strain_TPP412"
"9f02d9eaf1e5a80f02244f708227674c","Bacteria","Planctomycetota","Planctomycetia","Planctomycetales","Planctomycetaceae","Symmachiella","Symmachiella_macrocystis_strain_CA54"
"0ed87dbae177f064af4c88fe1157623e","Unassigned","Unassigned","Unassigned","Unassigned","Unassigned","Unassigned","Unassigned"
"0d79725e7ec209fad7b8d007fbc2e92b","Unassigned","Unassigned","Unassigned","Unassigned","Unassigned","Unassigned","Unassigned"
"e9c8d9a42abab8d915f12e9dec6beba4","Bacteria","Planctomycetota","Planctomycetia","Gemmatales","Gemmataceae","Fimbriiglobus","Fimbriiglobus_ruber_strain_SP5"
"c585efea3f2555808f0ae870875aba6e","Unassigned","Unassigned","Unassigned","Unassigned","Unassigned","Unassigned","Unassigned"
"142994e558b5b951eff4bfbc82b457ac","Unassigned","Unassigned","Unassigned","Unassigned","Unassigned","Unassigned","Unassigned"
"dfce133139dd5f4c90f40714905e01fd","Unassigned","Unassigned","Unassigned","Unassigned","Unassigned","Unassigned","Unassigned"
"933800d31cdb69f3b910ad6322176379","Unassigned","Unassigned","Unassigned","Unassigned","Unassigned","Unassigned","Unassigned"
"b376a51a564a6bf21c05f8f78bea9e91","Unassigned","Unassigned","Unassigned","Unassigned","Unassigned","Unassigned","Unassigned"
"cfd9a55a9a5596679b8028f7b1ad1832","Bacteria","Planctomycetota","Planctomycetia","Gemmatales","Gemmataceae","Zavarzinella","Zavarzinella_formosa_strain_A10"
"ea8d11a792f3b1fc1ea80f3e36e2723e","Bacteria","Pseudomonadota","Betaproteobacteria","Burkholderiales","","Rhizobacter","Rhizobacter_bergeniae_strain_PLGR-1"
"6c295359c460bcb2b7c2d927613c0360","Unassigned","Unassigned","Unassigned","Unassigned","Unassigned","Unassigned","Unassigned"
"96574abe02f2e322f7a2ea0b13f2b9c7","Bacteria","Bacteroidota","Flavobacteriia","Flavobacteriales","Flavobacteriaceae","Flavobacterium","Flavobacterium_noncentrifugens_strain_R-HLS-17"
"1af637119867bf307d6026ea61601243","Bacteria","Pseudomonadota","Betaproteobacteria","Nitrosomonadales","Sterolibacteriaceae","Sulfurisoma","Sulfurisoma_sediminicola_strain_BSN1"
"4fb8fff6f69f4a321aa4c2d9e7dfa48a","Unassigned","Unassigned","Unassigned","Unassigned","Unassigned","Unassigned","Unassigned"
"02099091cf3db45a869179518729ce35","Unassigned","Unassigned","Unassigned","Unassigned","Unassigned","Unassigned","Unassigned"
"9f4127ad8624ca28d531fa9b36af09aa","Bacteria","Bacteroidota","Sphingobacteriia","Sphingobacteriales","Aurantibacillaceae","Aurantibacillus","Aurantibacillus_circumpalustris_strain_Swamp196"
"8ebe887589dd96626807fc69b513061f","Bacteria","Planctomycetota","Planctomycetia","Pirellulales","Pirellulaceae","Anatilimnocola","Anatilimnocola_floriformis"
"9f2429134c4322d925a76116051a702a","Bacteria","Bdellovibrionota","Bacteriovoracia","Bacteriovoracales","Bacteriovoracaceae","Peredibacter","Peredibacter_starrii_strain_A3.12"
"a62f46858f8aaebb9a760037a8f88e2f","Bacteria","Verrucomicrobiota","Verrucomicrobiia","Verrucomicrobiales","Verrucomicrobiaceae","Prosthecobacter","Prosthecobacter_fluviatilis_strain_HAQ-1"
"5509080752f8570d1d6d46825ff4265e","Unassigned","Unassigned","Unassigned","Unassigned","Unassigned","Unassigned","Unassigned"
"2af54ee257589a2521e7628c10ef5262","Bacteria","Pseudomonadota","Gammaproteobacteria","Legionellales","Coxiellaceae","Coxiella","Coxiella_burnetii_strain_ATCC_VR-615"
"d8bceb7e525c7a6416b4bf170afe3a0c","Unassigned","Unassigned","Unassigned","Unassigned","Unassigned","Unassigned","Unassigned"
"3e71156a1875cf4c9f5c298531f3da47","Unassigned","Unassigned","Unassigned","Unassigned","Unassigned","Unassigned","Unassigned"
"77e493e3e11c5ef80b0d7fa24ec5b3f3","Bacteria","Gemmatimonadota","Gemmatimonadia","Gemmatimonadales","Gemmatimonadaceae","Gemmatimonas","Gemmatimonas_aurantiaca_T-27"
"0c615cfb9a0b58aac5bfdf2c7e2bf1ba","Unassigned","Unassigned","Unassigned","Unassigned","Unassigned","Unassigned","Unassigned"
"869ab8d70afc45972befb032234d6b03","Unassigned","Unassigned","Unassigned","Unassigned","Unassigned","Unassigned","Unassigned"
"7b69df980707bb6c352b0da5d285dd12","Unassigned","Unassigned","Unassigned","Unassigned","Unassigned","Unassigned","Unassigned"
"cdc611ace35fe7ab6a52e47cd6464b9b","Unassigned","Unassigned","Unassigned","Unassigned","Unassigned","Unassigned","Unassigned"
"96c8c07b837e2206a59f4db5c0c82cb7","Bacteria","Bacteroidota","Flavobacteriia","Flavobacteriales","Flavobacteriaceae","Flavobacterium","Flavobacterium_knui_strain_2-56"
"052a464e7bfd1b702e3bacf2347c8209","Bacteria","Pseudomonadota","Betaproteobacteria","Nitrosomonadales","Sterolibacteriaceae","Georgfuchsia","Georgfuchsia_toluolica_strain_G5G6"
"e17394a4d953316f956dadd5ce159093","Unassigned","Unassigned","Unassigned","Unassigned","Unassigned","Unassigned","Unassigned"
"ae3f02f826c804ade699da250a4b257b","Unassigned","Unassigned","Unassigned","Unassigned","Unassigned","Unassigned","Unassigned"
"620244c4f06434274ad10f7f0ea68f87","Bacteria","Bacteroidota","Flavobacteriia","Flavobacteriales","Flavobacteriaceae","Flavobacterium","Flavobacterium_phycosphaerae_strain_MK012"
"7962db2e83dd1560bf7b8e6a6d35da8f","Unassigned","Unassigned","Unassigned","Unassigned","Unassigned","Unassigned","Unassigned"
"671ae399927c3ae61e82dfe13d47757c","Unassigned","Unassigned","Unassigned","Unassigned","Unassigned","Unassigned","Unassigned"
"e562b21a3c8a771c96f8153253b3a93e","Bacteria","Acidobacteriota","Blastocatellia","Blastocatellales","Blastocatellaceae","Aridibacter","Aridibacter_nitratireducens_strain_A_24_SHP_-5_238"
"c7019be585af51adb879cfa8eddbffd0","Unassigned","Unassigned","Unassigned","Unassigned","Unassigned","Unassigned","Unassigned"
"0007db2b796d5e76041d122727949a5e","Unassigned","Unassigned","Unassigned","Unassigned","Unassigned","Unassigned","Unassigned"
"ca4b53ecae02be81b658f4635f243b37","Bacteria","Chlamydiota","Chlamydiia","Parachlamydiales","Parachlamydiaceae","Protochlamydia","Parachlamydia_acanthamoebae_strain_Bn9"
"9cdb8f45ac6a635d07df30c5ddef6460","Bacteria","Bacteroidota","Cytophagia","Cytophagales","Fulvivirgaceae","Chryseolinea","Chryseolinea_lacunae"
"431e326d70e0cb425d81e5698060a161","Unassigned","Unassigned","Unassigned","Unassigned","Unassigned","Unassigned","Unassigned"
"beec59cd1da9221ef106eb0726d422e4","Bacteria","Verrucomicrobiota","Verrucomicrobiia","Verrucomicrobiales","Verrucomicrobiaceae","Prosthecobacter","Prosthecobacter_fluviatilis_strain_HAQ-1"
"2284554c4a141c2043bd329b1680202b","Bacteria","Pseudomonadota","Gammaproteobacteria","","","Reidiella","Candidatus_Reidiella_endopervernicosa"
"47832fcc03f72c85a69ec256ef520faa","Bacteria","Pseudomonadota","Alphaproteobacteria","Sphingomonadales","Sphingomonadaceae","Aquisediminimonas","Aquisediminimonas_profunda_strain_DS48-3"
"ddc213e926bdbd766082b7ca0247c138","Unassigned","Unassigned","Unassigned","Unassigned","Unassigned","Unassigned","Unassigned"
"2521d3b8fbe5483cff01a74fa20d6c43","Unassigned","Unassigned","Unassigned","Unassigned","Unassigned","Unassigned","Unassigned"
"8fe042aedbbdba2e441cf335735ab47a","Unassigned","Unassigned","Unassigned","Unassigned","Unassigned","Unassigned","Unassigned"
"a5e5e2d4916fd6fa84f71499b7c5e5e1","Bacteria","Verrucomicrobiota","Opitutia","Opitutales","Opitutaceae","Horticoccus","Horticoccus_luteus_strain_KSB-15"
"f9467eaa6cf48ebac2de348a89eac38e","Unassigned","Unassigned","Unassigned","Unassigned","Unassigned","Unassigned","Unassigned"
"253b8fd6a0e6001a7a1951d96e746990","Unassigned","Unassigned","Unassigned","Unassigned","Unassigned","Unassigned","Unassigned"
"2841f808a40292afa1a131fd2d1b4264","Bacteria","Pseudomonadota","Betaproteobacteria","Nitrosomonadales","Sterolibacteriaceae","Robbsia","Robbsia_betulipollinis"
"0ba667d7cf83ed0181b94f018ab212e3","Unassigned","Unassigned","Unassigned","Unassigned","Unassigned","Unassigned","Unassigned"
"0d41fb566c19fb4672892e48b6218f16","Bacteria","Bacteroidota","Chitinophagia","Chitinophagales","Chitinophagaceae","Terrimonas","Terrimonas_lutea_strain_DY"
"5016be99e310f58ae4892f35afa7a865","Unassigned","Unassigned","Unassigned","Unassigned","Unassigned","Unassigned","Unassigned"
"c04657134446ca245ed3312f12c29fb7","Unassigned","Unassigned","Unassigned","Unassigned","Unassigned","Unassigned","Unassigned"
"95d94526d1deda7d3f792dfac7504a60","Unassigned","Unassigned","Unassigned","Unassigned","Unassigned","Unassigned","Unassigned"
"b18b48ba9456fae5eb5102ac5af25d05","Unassigned","Unassigned","Unassigned","Unassigned","Unassigned","Unassigned","Unassigned"
"8cd99e8250cc34f8406ba835c3b0bb0c","Bacteria","Pseudomonadota","Gammaproteobacteria","Chromatiales","Sedimenticolaceae","Candidatus_Thiodiazotropha","Candidatus_Thiodiazotropha_endolucinida"
"a1fe354d615226a53400dd29b2d87341","Bacteria","Nitrospirota","Nitrospiria","Nitrospirales","Nitrospiraceae","Nitrospira","Nitrospira_japonica_strain_J1"
"f735817bd451d040eb67c1be3b2bc8bb","Bacteria","Pseudomonadota","Betaproteobacteria","Burkholderiales","Sphaerotilaceae","Methylibium","Methylibium_petroleiphilum_PM1"
"72bd64082dfde5e1090cbf48f5761ae9","Unassigned","Unassigned","Unassigned","Unassigned","Unassigned","Unassigned","Unassigned"
"8ab12444e690e8baf1dfc53a6afca483","Unassigned","Unassigned","Unassigned","Unassigned","Unassigned","Unassigned","Unassigned"
"e9608c4d4415c1e918ba84c678b42b24","Unassigned","Unassigned","Unassigned","Unassigned","Unassigned","Unassigned","Unassigned"
"bbe0ab7458a838cdeefc7aeab0d6511d","Unassigned","Unassigned","Unassigned","Unassigned","Unassigned","Unassigned","Unassigned"
"4e130e78c3b3f860e1da3a5cd985f259","Bacteria","Pseudomonadota","Alphaproteobacteria","Hyphomicrobiales","Hyphomicrobiaceae","Filomicrobium","Candidatus_Filomicrobium_marinum"
"1590b97f5fe3b5cd3ac94f01bdba0bd7","Unassigned","Unassigned","Unassigned","Unassigned","Unassigned","Unassigned","Unassigned"
"fea63b94f238d3e2df4b460d728fa91e","Bacteria","Planctomycetota","Planctomycetia","Gemmatales","Gemmataceae","Zavarzinella","Zavarzinella_formosa_strain_A10"
"71f982cf72e2a8a6c7828fed658b18fd","Unassigned","Unassigned","Unassigned","Unassigned","Unassigned","Unassigned","Unassigned"
"b76fbf9081876d10457efc6511a4b79c","Bacteria","Planctomycetota","Planctomycetia","Planctomycetales","Planctomycetaceae","Planctopirus","Planctopirus_ephydatiae_strain_spb1"
"71fc7e81400e77aec798935e6dabc3bd","Unassigned","Unassigned","Unassigned","Unassigned","Unassigned","Unassigned","Unassigned"
"bb25ab47f5160085beeb0f47f0f7ee3a","Unassigned","Unassigned","Unassigned","Unassigned","Unassigned","Unassigned","Unassigned"
"19757e11d5aab401fc098dce060a3d4d","Bacteria","Pseudomonadota","Alphaproteobacteria","Iodidimonadales","Iodidimonadaceae","Iodidimonas","Iodidimonas_nitroreducens"
"3045ddf7da23249a89f08ff8c21b41b8","Unassigned","Unassigned","Unassigned","Unassigned","Unassigned","Unassigned","Unassigned"
"496a83dd00cf0444b43231be34d27fbc","Unassigned","Unassigned","Unassigned","Unassigned","Unassigned","Unassigned","Unassigned"
"aeae70a7b3d22755e9fb83ff718f642f","Unassigned","Unassigned","Unassigned","Unassigned","Unassigned","Unassigned","Unassigned"
"88617d81d7b73961a707c3012b12ac50","Bacteria","Pseudomonadota","Betaproteobacteria","Burkholderiales","Comamonadaceae","Acidovorax","Acidovorax_defluvii_strain_BSB411"
"dead5035c93fd3a4da37a25b5f19df7f","Unassigned","Unassigned","Unassigned","Unassigned","Unassigned","Unassigned","Unassigned"
"e986302f31d3ee6986127499915b1ac4","Bacteria","Pseudomonadota","Alphaproteobacteria","Hyphomicrobiales","Hyphomicrobiaceae","Hyphomicrobium","Hyphomicrobium_aestuarii_strain_ATCC_27483"
"537e6e8af638591beb8bd6a262d62701","Bacteria","Verrucomicrobiota","Spartobacteria","Chthoniobacterales","Chthoniobacteraceae","Chthoniobacter","Chthoniobacter_flavus_Ellin428"
"659cc3dc6d84057247b262ea309bb03b","Bacteria","Gemmatimonadota","Gemmatimonadia","Gemmatimonadales","Gemmatimonadaceae","Gemmatimonas","Gemmatimonas_aurantiaca_T-27"
"f996bb7e14b431c4cb44190166ae56b5","Unassigned","Unassigned","Unassigned","Unassigned","Unassigned","Unassigned","Unassigned"
"03fd5d43f41f392df4e3c892a79b9685","Bacteria","Pseudomonadota","Betaproteobacteria","Burkholderiales","Comamonadaceae","Rhodoferax","Rhodoferax_sediminis_strain_CHu59-6-5"
"ba346642461ac065f9225e808a2d427b","Unassigned","Unassigned","Unassigned","Unassigned","Unassigned","Unassigned","Unassigned"
"d803a9c2a7b4487c799844e503c42c9f","Unassigned","Unassigned","Unassigned","Unassigned","Unassigned","Unassigned","Unassigned"
"97a4d0cd6f7d6a2eb1b6981733c0f601","Bacteria","Verrucomicrobiota","Verrucomicrobiia","Verrucomicrobiales","Verrucomicrobiaceae","Luteolibacter","Luteolibacter_gellanilyticus_strain_CB-286403"
"48efc58074ce0cacdf8f53d5add3faab","Unassigned","Unassigned","Unassigned","Unassigned","Unassigned","Unassigned","Unassigned"
"8ef62dd831d62f021d6f5bb96eab26e5","Bacteria","Pseudomonadota","Alphaproteobacteria","Micropepsales","Micropepsaceae","Micropepsis","Micropepsis_pineolensis_strain_CS4"
"6f45bacd7cc88255b7bde6cd3ed57c98","Bacteria","Pseudomonadota","Alphaproteobacteria","Rhodospirillales","Acetobacteraceae","Rhodopila","Rhodopila_globiformis_strain_7950"
"ad50ea0d3f0be6bff9789780686a56fb","Bacteria","Bacteroidota","Chitinophagia","Chitinophagales","Chitinophagaceae","Ferruginibacter","Ferruginibacter_alkalilentus_strain_HU1-GD23"
"2ae93f4a18f7cb6a793d78e8ddd44e45","Bacteria","Planctomycetota","Planctomycetia","Gemmatales","Gemmataceae","Zavarzinella","Zavarzinella_formosa_strain_A10"
"5bab1ba1f4c3b39dc6109fe982f72bdc","Bacteria","Verrucomicrobiota","Verrucomicrobiia","Verrucomicrobiales","Verrucomicrobiaceae","Prosthecobacter","Prosthecobacter_fluviatilis_strain_HAQ-1"
"df01b563dc86c6e8eee382f539b876d2","Bacteria","Chlamydiota","Chlamydiia","Parachlamydiales","Rhabdochlamydiaceae","Rhabdochlamydia","Candidatus_Rhabdochlamydia_oedothoracis"
"e8c55888192b6720cfc60c3934ad0a44","Bacteria","Pseudomonadota","Alphaproteobacteria","Rhodospirillales","Stellaceae","Stella","Stella_humosa_strain_DSM_5900"
"90271dc5bdf53893d389899ce037ac09","Unassigned","Unassigned","Unassigned","Unassigned","Unassigned","Unassigned","Unassigned"
"a1f50d82a20334eec3b39d2440cf9ce9","Unassigned","Unassigned","Unassigned","Unassigned","Unassigned","Unassigned","Unassigned"
"51732bfee1c97c83f707fdf902dbf211","Unassigned","Unassigned","Unassigned","Unassigned","Unassigned","Unassigned","Unassigned"
"c1dcecd3267557a7837e5d3828761145","Bacteria","Acidobacteriota","Vicinamibacteria","Vicinamibacterales","Vicinamibacteraceae","Luteitalea","Luteitalea_pratensis_strain_HEG_-6_39"
"65b44c7b9ce4de78d7a409b6d00e2329","Bacteria","Planctomycetota","Planctomycetia","Gemmatales","Gemmataceae","Limnoglobus","Limnoglobus_roseus_strain_PX52"
"5a19eb8c23845451adb8730aeb2134c3","Bacteria","Bacteroidota","Chitinophagia","Chitinophagales","Chitinophagaceae","Polluticoccus","Polluticoccus_soli"
"abe642bb3c5518411d987cf8f1f5fc05","Bacteria","Planctomycetota","Planctomycetia","Gemmatales","Gemmataceae","Fimbriiglobus","Fimbriiglobus_ruber_strain_SP5"
"cbd0940024b2d5a68d7492c9deb6e277","Unassigned","Unassigned","Unassigned","Unassigned","Unassigned","Unassigned","Unassigned"
"c5303d888bf32bc8c8acba02c1e9a5eb","Unassigned","Unassigned","Unassigned","Unassigned","Unassigned","Unassigned","Unassigned"
"c9eda7199880b8159f27fac53a5c7aec","Unassigned","Unassigned","Unassigned","Unassigned","Unassigned","Unassigned","Unassigned"
"1351988d473923429c5246fdaa0668ec","Bacteria","Acidobacteriota","Vicinamibacteria","Vicinamibacterales","Vicinamibacteraceae","Vicinamibacter","Vicinamibacter_silvestris_strain_Ac_5_C6"
"630433960f2748ba07a0d4dc85b42053","Bacteria","Pseudomonadota","Gammaproteobacteria","Legionellales","Coxiellaceae","Coxiella","Coxiella_cheraxi_strain_TO-98"
"0ffe3d6e566ae20a1ca0605ed9888b73","Unassigned","Unassigned","Unassigned","Unassigned","Unassigned","Unassigned","Unassigned"
"9c880782e3c43047bef02aafe3ddf649","Bacteria","Planctomycetota","Planctomycetia","Pirellulales","Thermoguttaceae","Thermostilla","Thermostilla_marina_strain_SVX8"
"f5dce97449422fb1f58ef68cc709c7c6","Unassigned","Unassigned","Unassigned","Unassigned","Unassigned","Unassigned","Unassigned"
"ffceb962e19ac361f25ab6303291d2b2","Unassigned","Unassigned","Unassigned","Unassigned","Unassigned","Unassigned","Unassigned"
"b5de941bc4e99737aa6017118d9adc51","Bacteria","Pseudomonadota","Betaproteobacteria","Burkholderiales","","Aquabacterium","Aquabacterium_commune_strain_B8"
"96824542f228c4a8711bb446c360ad44","Unassigned","Unassigned","Unassigned","Unassigned","Unassigned","Unassigned","Unassigned"
"752eb72c78d7abc3598778c6ef9b596b","Unassigned","Unassigned","Unassigned","Unassigned","Unassigned","Unassigned","Unassigned"
"5577f6d6bcc73775d82ce87b0b3b422b","Bacteria","Bacteroidota","Sphingobacteriia","Sphingobacteriales","Aurantibacillaceae","Aurantibacillus","Aurantibacillus_circumpalustris_strain_Swamp196"
"4492a491b01d3c0b6faacca9c3a5ed39","Bacteria","Bacteroidota","Flavobacteriia","Flavobacteriales","Flavobacteriaceae","Flavobacterium","Flavobacterium_paronense_strain_KNUS1"
"b48192e08322395f780626c5f1e9de34","Unassigned","Unassigned","Unassigned","Unassigned","Unassigned","Unassigned","Unassigned"
"e8794d2c5b4fa1cb9655d51b0730c850","Unassigned","Unassigned","Unassigned","Unassigned","Unassigned","Unassigned","Unassigned"
"306ec47727ba0936aa654da70f356088","Unassigned","Unassigned","Unassigned","Unassigned","Unassigned","Unassigned","Unassigned"
"dc03f51b1e07d3f176e49182189c844a","Unassigned","Unassigned","Unassigned","Unassigned","Unassigned","Unassigned","Unassigned"
"94d66ea91a0da36ff8839d6c42a85ec4","Unassigned","Unassigned","Unassigned","Unassigned","Unassigned","Unassigned","Unassigned"
"290afd9e7fa5b1239c56a00a97673920","Bacteria","Planctomycetota","Planctomycetia","Planctomycetales","Planctomycetaceae","Symmachiella","Symmachiella_macrocystis_strain_CA54"
"b761b18fdbf4e1e4b4a5ecc179c99df0","Bacteria","Bacteroidota","Cytophagia","Cytophagales","Reichenbachiellaceae","Reichenbachiella","Reichenbachiella_agarivorans"
"37c77bce626a2103f5ab9565632c97e8","Unassigned","Unassigned","Unassigned","Unassigned","Unassigned","Unassigned","Unassigned"
"6b35782696f36a653e3c8bbf9681776c","Bacteria","Chlamydiota","Chlamydiia","Parachlamydiales","Parachlamydiaceae","Protochlamydia","Candidatus_Protochlamydia_naegleriophila"
"d86f3a1e16d19333cc3a592d652e1ee5","Bacteria","Pseudomonadota","Betaproteobacteria","Nitrosomonadales","Sterolibacteriaceae","Rugosibacter","Rugosibacter_aromaticivorans_strain_Ca6"
"9806b591dcc99496f6dde4bdd9b7400b","Bacteria","Pseudomonadota","Alphaproteobacteria","Hyphomicrobiales","Methylobacteriaceae","Methylorubrum","Methylorubrum_populi_BJ001"
"9cacd6677dff45339849c3fcc870d15f","Bacteria","Pseudomonadota","Alphaproteobacteria","Hyphomicrobiales","Hyphomicrobiaceae","Hyphomicrobium","Hyphomicrobium_aestuarii_strain_ATCC_27483"
"a51cd322004d21d29139dfd33dce278e","Bacteria","Pseudomonadota","Alphaproteobacteria","Rickettsiales","Rickettsiaceae","Candidatus_Megaera","Candidatus_Megaera_venefica"
"c94a04ba9eb1b89487ba978007becc17","Unassigned","Unassigned","Unassigned","Unassigned","Unassigned","Unassigned","Unassigned"
"2830410493149ada9f66722c5f8ffe62","Unassigned","Unassigned","Unassigned","Unassigned","Unassigned","Unassigned","Unassigned"
"a186ebe19c53e941a86b97504ce34bb3","Bacteria","Pseudomonadota","Betaproteobacteria","Nitrosomonadales","Usitatibacteraceae","Usitatibacter","Usitatibacter_palustris_strain_Swamp67"
"60b14cfecd2db369ef320d150bd0afc6","Bacteria","Bacteroidota","Bacteroidia","Marinilabiliales","Marinilabiliaceae","Mangroviflexus","Mangroviflexus_xiamenensis_strain_P2"
"e3a0f0134f9c8175e09041cd2b229f4c","Bacteria","Myxococcota","Myxococcia","Myxococcales","","Enhygromyxa","Enhygromyxa_salina_strain_SHK-1"
"dc26b34e05372019c639faeec27c8e2c","Bacteria","Pseudomonadota","Alphaproteobacteria","Rickettsiales","Rickettsiaceae","Candidatus_Megaera","Candidatus_Megaera_venefica"
"21cfc09a76aeb4bf3df70de0b020ffd1","Bacteria","Pseudomonadota","Alphaproteobacteria","Rhodospirillales","Acetobacteraceae","Gluconacetobacter","Rhodovastum_atsumiense_strain_G2-11"
"8064500ff5ce3bb5ea741c1b16a35c0e","Unassigned","Unassigned","Unassigned","Unassigned","Unassigned","Unassigned","Unassigned"
"8747d186081752abbbbdfd837a5a6b52","Unassigned","Unassigned","Unassigned","Unassigned","Unassigned","Unassigned","Unassigned"
"a9dfc0fea90e6d92cfd749ac356844e1","Bacteria","Acidobacteriota","Vicinamibacteria","Vicinamibacterales","Vicinamibacteraceae","Vicinamibacter","Vicinamibacter_silvestris_strain_Ac_5_C6"
"2c39fead1ce24024436fa24d41c231ae","Bacteria","Planctomycetota","Planctomycetia","Gemmatales","Gemmataceae","Gemmata","Gemmata_algarum"
"71f3efeb097529e070fd4d7946ea24d8","Unassigned","Unassigned","Unassigned","Unassigned","Unassigned","Unassigned","Unassigned"
"8cba01934caba59fd85f67d2b7df5286","Bacteria","Myxococcota","","Polyangiales","Polyangiaceae","Polyangium","Polyangium_spumosum_strain_Pl_sm5"
"e369efd2acda19fb4ac327072e617d54","Bacteria","Bacteroidota","Chitinophagia","Chitinophagales","Chitinophagaceae","Rurimicrobium","Rurimicrobium_arvi_strain_J107-1"
"8ea138cbd0fcd964be30913d657fdc7c","Unassigned","Unassigned","Unassigned","Unassigned","Unassigned","Unassigned","Unassigned"
"7d2d3d65b6b387862b958c47238be748","Bacteria","Pseudomonadota","Betaproteobacteria","Burkholderiales","Comamonadaceae","Rhodoferax","Rhodoferax_aquaticus_strain_personal::Gr-4"
"f42ec84f73a6484c2bcab87f9b12df7f","Unassigned","Unassigned","Unassigned","Unassigned","Unassigned","Unassigned","Unassigned"
"7ad44cb4fa4b09b99164bf82fa022244","Bacteria","Pseudomonadota","Betaproteobacteria","Nitrosomonadales","Gallionellaceae","Nitrotoga","Thauera_mechernichensis_strain_TL1"
"f4695decfec15b72b8f88c557ba0d33d","Bacteria","Bacteroidota","Flavobacteriia","Flavobacteriales","Owenweeksiaceae","Owenweeksia","Owenweeksia_hongkongensis_strain_DSM_17368"
"d1cdca3be48b91a9c924fcf7e78b0403","Bacteria","Pseudomonadota","Alphaproteobacteria","Hyphomicrobiales","Phyllobacteriaceae","Mesorhizobium","Mesorhizobium_koreense"
"597cd53d7438692c862706032be82976","Unassigned","Unassigned","Unassigned","Unassigned","Unassigned","Unassigned","Unassigned"
"9df2fd7f73c8bfd702f259ad15f9da28","Bacteria","Bdellovibrionota","Bdellovibrionia","Bdellovibrionales","Pseudobdellovibrionaceae","Bdellovibrio","Bdellovibrio_bacteriovorus_strain_HD100"
"e2c901656b34f8067d44b8370368951a","Unassigned","Unassigned","Unassigned","Unassigned","Unassigned","Unassigned","Unassigned"
"2c76dca4ef9c4731360a47d433a08bb4","Bacteria","Pseudomonadota","Alphaproteobacteria","Rhodospirillales","","Vineibacter","Vineibacter_terrae_strain_CC-CFT640"
"0ff8c374b3aeb625a37628821bc58ffe","Bacteria","Planctomycetota","Planctomycetia","Planctomycetales","Planctomycetaceae","Planctellipticum","Planctellipticum_variicoloris"
"55c638cdb6e564b039d33e3b47dde8bb","Unassigned","Unassigned","Unassigned","Unassigned","Unassigned","Unassigned","Unassigned"
"067d708572ab6a0ebe62bd3d94697618","Bacteria","Pseudomonadota","Betaproteobacteria","Burkholderiales","","Rhizobacter","Rhizobacter_fulvus_strain_Gsoil_322"
"07180413440188aa46c1de9cd9e5f603","Bacteria","Pseudomonadota","Alphaproteobacteria","Hyphomicrobiales","Kaistiaceae","Prosthecomicrobium","Prosthecomicrobium_pneumaticum_strain_3a"
"063e87216ebb694ff8981848b0929c85","Unassigned","Unassigned","Unassigned","Unassigned","Unassigned","Unassigned","Unassigned"
"41997798d4f47da8c2f6cd27da9b972b","Bacteria","Planctomycetota","Planctomycetia","Planctomycetales","Planctomycetaceae","Symmachiella","Symmachiella_macrocystis_strain_CA54"
"c569c438e612586a4848ef3b911ff3ca","Bacteria","Pseudomonadota","Betaproteobacteria","Burkholderiales","Oxalobacteraceae","Noviherbaspirillum","Noviherbaspirillum_autotrophicum_strain_TSA66"
"658412d6ab9a6d5f1fdb947cff3fd167","Unassigned","Unassigned","Unassigned","Unassigned","Unassigned","Unassigned","Unassigned"
"b175a03b3d8f5eadb803540201155aef","Unassigned","Unassigned","Unassigned","Unassigned","Unassigned","Unassigned","Unassigned"
"cd05e0fe772bc1d0772f44df536e4181","Unassigned","Unassigned","Unassigned","Unassigned","Unassigned","Unassigned","Unassigned"
"21e45d0020e4f842bebfee14399f5e7c","Bacteria","Pseudomonadota","Alphaproteobacteria","Hyphomicrobiales","Aestuariivirgaceae","Taklimakanibacter","Taklimakanibacter_lacteus"
"7a32ad21c3a2a7e69f50695c8ab68c84","Bacteria","Pseudomonadota","Gammaproteobacteria","Legionellales","Coxiellaceae","Coxiella","Coxiella_cheraxi_strain_TO-98"
"d3658dbde2dffaf4b0d2b93b30d5f61e","Bacteria","Chlamydiota","Chlamydiia","Parachlamydiales","Parachlamydiaceae","Protochlamydia","Parachlamydia_acanthamoebae_strain_Bn9"
"ea5cd409b79fccdddb5ea5c7fcb38680","Bacteria","Actinomycetota","Acidimicrobiia","Acidimicrobiales","Ilumatobacteraceae","Desertimonas","Desertimonas_flava_strain_SYSU_D60003"
"52339832003ea395c22cdbbe40540618","Unassigned","Unassigned","Unassigned","Unassigned","Unassigned","Unassigned","Unassigned"
"dd52cf78d54a399c0e072012589925c2","Bacteria","Bacteroidota","Flavobacteriia","Flavobacteriales","Crocinitomicaceae","Putridiphycobacter","Putridiphycobacter_roseus_strain_SM1701"
"c0652668583e15fc68e1ba774711da1b","Bacteria","Chlamydiota","Chlamydiia","Parachlamydiales","Simkaniaceae","Simkania","Simkania_negevensis_strain_Z"
"91c07149ea5e38b0f8de9903e0f9c1de","Unassigned","Unassigned","Unassigned","Unassigned","Unassigned","Unassigned","Unassigned"
"047f0513edd2c2fe032cab3890e49e0b","Bacteria","Pseudomonadota","Betaproteobacteria","Nitrosomonadales","Usitatibacteraceae","Usitatibacter","Usitatibacter_palustris_strain_Swamp67"
"091965948a1e467ae8d89c26fec47fb7","Bacteria","Pseudomonadota","Alphaproteobacteria","Rhodobacterales","Paracoccaceae","Roseicitreum","Roseicitreum_antarcticum_strain_ZS2-28"
"415efabcb4875851922d7e1d3d1e23f1","Bacteria","Planctomycetota","Planctomycetia","Planctomycetales","Planctomycetaceae","Fuerstiella","Fuerstiella_marisgermanici_strain_NH11"
"816f51e73f6aeddeaf235211b85a99fe","Unassigned","Unassigned","Unassigned","Unassigned","Unassigned","Unassigned","Unassigned"
"842fbfd4c7a21d1256fa5c148b68cec1","Bacteria","Bacteroidota","Chitinophagia","Chitinophagales","Chitinophagaceae","Terrimonas","Terrimonas_soli_strain_FL-8"
"c7b6ec03ecd1314cad171b04658c3b11","Bacteria","Acidobacteriota","Terriglobia","Bryobacterales","Bryobacteraceae","Paludibaculum","Paludibaculum_fermentans_strain_P105"
"7afb8ded1c8420c8b4b571d1ef690f5d","Unassigned","Unassigned","Unassigned","Unassigned","Unassigned","Unassigned","Unassigned"
"e80652e88eb98028d373f06331c392a2","Bacteria","Verrucomicrobiota","Verrucomicrobiia","Verrucomicrobiales","Verrucomicrobiaceae","Prosthecobacter","Prosthecobacter_fluviatilis_strain_HAQ-1"
"37d4d465928704dad0022fa22cde35f7","Unassigned","Unassigned","Unassigned","Unassigned","Unassigned","Unassigned","Unassigned"
"117788e59dd318421ea43a219ae7d671","Bacteria","Bacteroidota","Flavobacteriia","Flavobacteriales","Flavobacteriaceae","Flavobacterium","Flavobacterium_noncentrifugens_strain_R-HLS-17"
"d98adeaa099143288e1b33b2f5ea0458","Unassigned","Unassigned","Unassigned","Unassigned","Unassigned","Unassigned","Unassigned"
"562551cabe0d85ef84ae6a460f0e07e1","Unassigned","Unassigned","Unassigned","Unassigned","Unassigned","Unassigned","Unassigned"
"74dfc70c250b11bef5f9b922a373776e","Unassigned","Unassigned","Unassigned","Unassigned","Unassigned","Unassigned","Unassigned"
"ca122cede7b139ba2d7aac1f6674a287","Bacteria","Planctomycetota","Planctomycetia","Gemmatales","Gemmataceae","Urbifossiella","Urbifossiella_limnaea_strain_ETA_A1"
"6fd52d37b2a84c595234c9c54a6df139","Bacteria","Bacteroidota","Flavobacteriia","Flavobacteriales","Owenweeksiaceae","Owenweeksia","Owenweeksia_hongkongensis_strain_DSM_17368"
"7c06027e81c46f1982842a11898588b1","Bacteria","Pseudomonadota","Alphaproteobacteria","Hyphomicrobiales","Kaistiaceae","Bauldia","Bauldia_consociata_strain_11"
"934935754c65c214799af906d83f355b","Unassigned","Unassigned","Unassigned","Unassigned","Unassigned","Unassigned","Unassigned"
"288f72809977d3a96323137cd0e5bf9b","Unassigned","Unassigned","Unassigned","Unassigned","Unassigned","Unassigned","Unassigned"
"77f10d29b31aadd621f9e2a4c4ecaf3d","Unassigned","Unassigned","Unassigned","Unassigned","Unassigned","Unassigned","Unassigned"
"5a20fc066d50a8e4ba0497b627630a40","Unassigned","Unassigned","Unassigned","Unassigned","Unassigned","Unassigned","Unassigned"
"72e468ae3379625704008fd715be6635","Unassigned","Unassigned","Unassigned","Unassigned","Unassigned","Unassigned","Unassigned"
"eec43295f1c3c782ae04352d1528ff22","Bacteria","Verrucomicrobiota","Verrucomicrobiia","Verrucomicrobiales","Verrucomicrobiaceae","Luteolibacter","Luteolibacter_luojiensis_strain_DR4-30"
"07b347b9601326160345f5c295f727b4","Bacteria","Pseudomonadota","Alphaproteobacteria","Sphingomonadales","Sphingomonadaceae","Sphingobium","Altererythrobacter_litoralis"
"780df4368c585d359b1dddca2763e6d5","Unassigned","Unassigned","Unassigned","Unassigned","Unassigned","Unassigned","Unassigned"
"56f6a1d8dd19f06ea5bbc84c43e00484","Unassigned","Unassigned","Unassigned","Unassigned","Unassigned","Unassigned","Unassigned"
"7a36a8e8674322878b9a25ec642498bb","Unassigned","Unassigned","Unassigned","Unassigned","Unassigned","Unassigned","Unassigned"
"edebeb68c6a5c066f8a97ac695e9250d","Unassigned","Unassigned","Unassigned","Unassigned","Unassigned","Unassigned","Unassigned"
"1534242273df6d59b8c4c5ce1b7c97cc","Bacteria","Pseudomonadota","Betaproteobacteria","Burkholderiales","Sphaerotilaceae","Aquincola","Aquincola_tertiaricarbonis_strain_L10"
"6323769c507fa78a7c45d9b0b44fdc74","Unassigned","Unassigned","Unassigned","Unassigned","Unassigned","Unassigned","Unassigned"
"eacd5b97b3239216bd7076fd3e1ee5a6","Bacteria","Pseudomonadota","Alphaproteobacteria","Hyphomicrobiales","Hyphomicrobiaceae","Pedomicrobium","Pedomicrobium_manganicum_strain_ATCC_33121"
"c55d317dc5dcd936199f044d9b39db74","Bacteria","Bacteroidota","Flavobacteriia","Flavobacteriales","Flavobacteriaceae","Flavobacterium","Flavobacterium_noncentrifugens_strain_R-HLS-17"
"f9e3290fe91a86e5050cad74d8aabbeb","Bacteria","Planctomycetota","Planctomycetia","Gemmatales","Gemmataceae","Urbifossiella","Urbifossiella_limnaea_strain_ETA_A1"
"c3b07f5945ed2cf235a064757e9751e0","Unassigned","Unassigned","Unassigned","Unassigned","Unassigned","Unassigned","Unassigned"
"0740e38edeb1e942ce1161354f057c3d","Unassigned","Unassigned","Unassigned","Unassigned","Unassigned","Unassigned","Unassigned"
"dff41f24b06f2f93a3957204192edcad","Unassigned","Unassigned","Unassigned","Unassigned","Unassigned","Unassigned","Unassigned"
"727cd4b2ff5b9936da89b37fc8146161","Bacteria","Pseudomonadota","Gammaproteobacteria","Thiohalobacterales","Thiohalobacteraceae","Thiohalobacter","Thiohalobacter_thiocyanaticus_strain_HRh1"
"22db0be28b7a76edb2ece26ee356f86f","Bacteria","Pseudomonadota","Alphaproteobacteria","Hyphomonadales","Hyphomonadaceae","Vitreimonas","Vitreimonas_flagellata_strain_SYSU_XM001"
"cbf6003a140e51981f65feca0851766d","Unassigned","Unassigned","Unassigned","Unassigned","Unassigned","Unassigned","Unassigned"
"63ab694f6258bb1e21eb85eedcd5170d","Unassigned","Unassigned","Unassigned","Unassigned","Unassigned","Unassigned","Unassigned"
"c20598c7d3c823004366faa0fbd8dac0","Unassigned","Unassigned","Unassigned","Unassigned","Unassigned","Unassigned","Unassigned"
"4eee5a8e20003d1c6a6486b80ed497ea","Unassigned","Unassigned","Unassigned","Unassigned","Unassigned","Unassigned","Unassigned"
"e1ad5b51e0e33831d414c8f04fdd2121","Bacteria","Pseudomonadota","Alphaproteobacteria","Caulobacterales","Caulobacteraceae","Terricaulis","Terricaulis_silvestris_strain_0127_4"
"cc80b8304bb627bbc22dc528895364a3","Bacteria","Planctomycetota","Planctomycetia","Gemmatales","Gemmataceae","Fimbriiglobus","Fimbriiglobus_ruber_strain_SP5"
"ac4d31dd9753d999504f1a4a39ad1df2","Unassigned","Unassigned","Unassigned","Unassigned","Unassigned","Unassigned","Unassigned"
"ed4871882f8a800d8848e21535bfa2ee","Bacteria","Planctomycetota","Planctomycetia","Planctomycetales","Planctomycetaceae","Symmachiella","Symmachiella_macrocystis_strain_CA54"
"e736d2060738654f9eb23b638c555ca6","Unassigned","Unassigned","Unassigned","Unassigned","Unassigned","Unassigned","Unassigned"
"1650aa6e939910046f067523c0134f13","Unassigned","Unassigned","Unassigned","Unassigned","Unassigned","Unassigned","Unassigned"
"1a718f7222f0ad6c340b348f44bff923","Bacteria","Thermodesulfobacteriota","Desulfuromonadia","Geobacterales","Geobacteraceae","Geobacter","Geobacter_sulfurreducens_PCA"
"6b0dfa337bc50eec7362fc8014334146","Bacteria","Verrucomicrobiota","Verrucomicrobiia","Limisphaerales","Fontisphaeraceae","Fontisphaera","Fontisphaera_persica_strain_B-154"
"94f823591d91625a9fbce7620eca005f","Bacteria","Chlamydiota","Chlamydiia","Parachlamydiales","Parachlamydiaceae","Protochlamydia","Neochlamydia_hartmannellae_strain_A1Hsp"
"e811ce890af462795d6012e98298023d","Bacteria","Pseudomonadota","Gammaproteobacteria","Legionellales","Coxiellaceae","Berkiella","Candidatus_Berkiella_cookevillensis"
"66ee69fa9676b3f9184a4b09349684ae","Bacteria","Actinomycetota","Acidimicrobiia","Acidimicrobiales","Ilumatobacteraceae","Ilumatobacter","Ilumatobacter_fluminis_YM22-133"
"35b970769d0474f44db9454656faa7e6","Bacteria","Planctomycetota","Planctomycetia","Planctomycetales","Planctomycetaceae","Symmachiella","Symmachiella_macrocystis_strain_CA54"
"f6e9ba7025741103d881c3b2206e8700","Unassigned","Unassigned","Unassigned","Unassigned","Unassigned","Unassigned","Unassigned"
"3a802066acdf0610a4405d00ceda2add","Bacteria","Planctomycetota","Planctomycetia","Gemmatales","Gemmataceae","Limnoglobus","Limnoglobus_roseus_strain_PX52"
"c416f6417a731398cdbb03e6696db8ba","Unassigned","Unassigned","Unassigned","Unassigned","Unassigned","Unassigned","Unassigned"
"e46fe36a1e115c348056669f8354dbc1","Bacteria","Pseudomonadota","Betaproteobacteria","Burkholderiales","Sphaerotilaceae","Methylibium","Methylibium_petroleiphilum_PM1"
"2c9067096b661a60d07add33c96cba6e","Unassigned","Unassigned","Unassigned","Unassigned","Unassigned","Unassigned","Unassigned"
"af98dfa389278c8c5f602a045ccb4919","Unassigned","Unassigned","Unassigned","Unassigned","Unassigned","Unassigned","Unassigned"
"40383fb1cefcb2ce30ccc26d8ac55e06","Unassigned","Unassigned","Unassigned","Unassigned","Unassigned","Unassigned","Unassigned"
"056deffb67194c820d0eea45eba15ff7","Unassigned","Unassigned","Unassigned","Unassigned","Unassigned","Unassigned","Unassigned"
"f61b4502d74ef9afe64e151db28b9473","Unassigned","Unassigned","Unassigned","Unassigned","Unassigned","Unassigned","Unassigned"
"5c3f88170202adfba0f098ed5744f902","Bacteria","Pseudomonadota","Alphaproteobacteria","Holosporales","Holosporaceae","Candidatus_Bealeia","Candidatus_Bealeia_paramacronuclearis"
"043d507f343f6b78e83e0df2505ad652","Bacteria","Bacteroidota","Chitinophagia","Chitinophagales","Chitinophagaceae","Ferruginibacter","Ferruginibacter_profundus_strain_DS48-5-3"
"fc02033d89bc814236ac1b93c4f730b3","Bacteria","Acidobacteriota","Terriglobia","Bryobacterales","Bryobacteraceae","Paludibaculum","Paludibaculum_fermentans_strain_P105"
"e51a012b86f6deab4120a406efd20ee2","Unassigned","Unassigned","Unassigned","Unassigned","Unassigned","Unassigned","Unassigned"
"48416e7d6929f91c763c6a850b4972a2","Unassigned","Unassigned","Unassigned","Unassigned","Unassigned","Unassigned","Unassigned"
"2f8868043499be380d3b783750a14ea2","Bacteria","Pseudomonadota","Gammaproteobacteria","Legionellales","Coxiellaceae","Coxiella","Coxiella_burnetii_strain_ATCC_VR-615"
"5ce38d0d331792ff440b7533571894db","Unassigned","Unassigned","Unassigned","Unassigned","Unassigned","Unassigned","Unassigned"
"0ece1569bebd9cc7eda157deec96ce12","Bacteria","Pseudomonadota","Alphaproteobacteria","Hyphomicrobiales","Hyphomicrobiaceae","Hyphomicrobium","Hyphomicrobium_zavarzinii_strain_ZV-622"
"cd9b247c9f799a85e03133b55a63f465","Bacteria","Pseudomonadota","Gammaproteobacteria","Chromatiales","Granulosicoccaceae","Sulfuriflexus","Sulfuriflexus_mobilis_strain_aks1"
"25c7ce61d9bdc016c7adcca4390ffe26","Bacteria","Pseudomonadota","Alphaproteobacteria","Hyphomicrobiales","Nitrobacteraceae","Undibacter","Undibacter_mobilis_strain_GY_H"
"d2baf03326d24b67517e24192457049e","Bacteria","Pseudomonadota","Gammaproteobacteria","Chromatiales","Thioprofundaceae","Thioprofundum","Thioprofundum_lithotrophicum_strain_106"
"1bb42f473ee5c1587101494abcc89e4c","Unassigned","Unassigned","Unassigned","Unassigned","Unassigned","Unassigned","Unassigned"
"0d8ee6f917e9b7a12239c3e26cbe5bf9","Bacteria","Pseudomonadota","Betaproteobacteria","Burkholderiales","Oxalobacteraceae","Noviherbaspirillum","Noviherbaspirillum_denitrificans_strain_TSA40"
"2cc1f6b80d494ecb4617a98217aaa270","Unassigned","Unassigned","Unassigned","Unassigned","Unassigned","Unassigned","Unassigned"
"d5fd58443f13ba39fae5908681fdaaa8","Bacteria","Planctomycetota","Planctomycetia","Gemmatales","Gemmataceae","Limnoglobus","Limnoglobus_roseus_strain_PX52"
"d3ac3b56b64c599b4514d89911bb23db","Bacteria","Acidobacteriota","Vicinamibacteria","Vicinamibacterales","Vicinamibacteraceae","Luteitalea","Luteitalea_pratensis_strain_HEG_-6_39"
"10c0388a4c371b22a591e22c679ad2ee","Bacteria","Pseudomonadota","Alphaproteobacteria","Hyphomicrobiales","Methylobacteriaceae","Methylorubrum","Methylorubrum_populi_BJ001"
"b4f82267860cc00a1f6d989560b18036","Unassigned","Unassigned","Unassigned","Unassigned","Unassigned","Unassigned","Unassigned"
"0f6046dcafe6e3acef01a5daf954f0e3","Unassigned","Unassigned","Unassigned","Unassigned","Unassigned","Unassigned","Unassigned"
"8c924f1a736e043cf9599bc63d7b615f","Unassigned","Unassigned","Unassigned","Unassigned","Unassigned","Unassigned","Unassigned"
"9a3380b672822aa7c6b703571a778ba5","Bacteria","Actinomycetota","Acidimicrobiia","Acidimicrobiales","Iamiaceae","Actinomarinicola","Actinomarinicola_tropica_strain_SCSIO_58843"
"bad9910293de6a35d990288828d6182b","Unassigned","Unassigned","Unassigned","Unassigned","Unassigned","Unassigned","Unassigned"
"6cf237449b6d310ca82acabe98f617a4","Unassigned","Unassigned","Unassigned","Unassigned","Unassigned","Unassigned","Unassigned"
"1e73cd09606a2330ae896915bfb89407","Bacteria","Pseudomonadota","Gammaproteobacteria","Legionellales","Coxiellaceae","Coxiella","Coxiella_burnetii_strain_ATCC_VR-615"
"734ad7973aff2cb00221734fce1b1059","Unassigned","Unassigned","Unassigned","Unassigned","Unassigned","Unassigned","Unassigned"
"6f6ee11335fb51fb1ab2702e31f0c0f3","Bacteria","Pseudomonadota","Betaproteobacteria","Burkholderiales","Comamonadaceae","Hydrogenophaga","Hydrogenophaga_taeniospiralis_CCUG_15921_strain_NBRC_102512"
"2e589215e728d73f2b2cf37b402659fc","Unassigned","Unassigned","Unassigned","Unassigned","Unassigned","Unassigned","Unassigned"
"6ba7d7236c3c8c3148eeded1e86f4db2","Bacteria","Planctomycetota","Planctomycetia","Gemmatales","Gemmataceae","Limnoglobus","Limnoglobus_roseus_strain_PX52"
"3c12224326769c3d997ee04590c26f55","Unassigned","Unassigned","Unassigned","Unassigned","Unassigned","Unassigned","Unassigned"
"d0a631cd1bf2ddaf02a317b9e288eb81","Unassigned","Unassigned","Unassigned","Unassigned","Unassigned","Unassigned","Unassigned"
"5740d915a77c2b48f435bcfc009527be","Bacteria","Acidobacteriota","Vicinamibacteria","Vicinamibacterales","Vicinamibacteraceae","Vicinamibacter","Vicinamibacter_silvestris_strain_Ac_5_C6"
"23759640ba4953ddb37fc2530a372560","Bacteria","Pseudomonadota","Alphaproteobacteria","Hyphomicrobiales","","Vineibacter","Vineibacter_terrae_strain_CC-CFT640"
"ea30788406daf558ce7dce54f65d7238","Bacteria","Acidobacteriota","Vicinamibacteria","Vicinamibacterales","Vicinamibacteraceae","Vicinamibacter","Vicinamibacter_silvestris_strain_Ac_5_C6"
"bb0ae13dd52abc7ebf25ef52107d977a","Unassigned","Unassigned","Unassigned","Unassigned","Unassigned","Unassigned","Unassigned"
"f54ad1af4319648c626020073aab442e","Unassigned","Unassigned","Unassigned","Unassigned","Unassigned","Unassigned","Unassigned"
"ced43cd500f19f3dbf81fb40fb7ef0e1","Unassigned","Unassigned","Unassigned","Unassigned","Unassigned","Unassigned","Unassigned"
"d54639f0b97f08051fb070e4a02d65ee","Bacteria","Planctomycetota","Planctomycetia","Pirellulales","Pirellulaceae","Aureliella","Aureliella_helgolandensis_strain_Q31a"
"71f5b11fb13d80546258fae28ad07636","Bacteria","Pseudomonadota","Alphaproteobacteria","Rickettsiales","Rickettsiaceae","Rickettsia","Rickettsia_hoogstraalii_strain_Croatica"
"3f2a84c32e539cdd6caef53dc59d5c0e","Bacteria","Pseudomonadota","Gammaproteobacteria","Legionellales","Coxiellaceae","Coxiella","Coxiella_cheraxi_strain_TO-98"
"63abcdaefece97799d44352073d1b528","Unassigned","Unassigned","Unassigned","Unassigned","Unassigned","Unassigned","Unassigned"
"024771a6f81494f702645b6b4bb80a31","Unassigned","Unassigned","Unassigned","Unassigned","Unassigned","Unassigned","Unassigned"
"803293d2eb2ca87acdfb53cb477d8636","Bacteria","Pseudomonadota","Gammaproteobacteria","Steroidobacterales","Steroidobacteraceae","Steroidobacter","Steroidobacter_cummioxidans"
"8420061ed006f0b1efca42b3bf752f6b","Unassigned","Unassigned","Unassigned","Unassigned","Unassigned","Unassigned","Unassigned"
"512fc31e137483b1aa52c42bfcadabe0","Bacteria","Pseudomonadota","Alphaproteobacteria","Hyphomicrobiales","Beijerinckiaceae","Methylocapsa","Methylocapsa_acidiphila_strain_B2"
"ad40362a57814ff0fc671a134c8f7480","Unassigned","Unassigned","Unassigned","Unassigned","Unassigned","Unassigned","Unassigned"
"a0b200accad0c1908c6f8d8d13537b7d","Unassigned","Unassigned","Unassigned","Unassigned","Unassigned","Unassigned","Unassigned"
"c4f2b8e3051cc8127614fe87ecf2ae8e","Bacteria","Myxococcota","","Polyangiales","Sandaracinaceae","Sandaracinus","Sandaracinus_amylolyticus_strain_NOSO_4"
"e857670cf2fcf3ace79bdec96df04ed5","Unassigned","Unassigned","Unassigned","Unassigned","Unassigned","Unassigned","Unassigned"
"fd50b8e82e55f8c54b1f3337c69c2b0f","Unassigned","Unassigned","Unassigned","Unassigned","Unassigned","Unassigned","Unassigned"
"6dbdca22380c98d671f19ac766d0e34b","Bacteria","Pseudomonadota","Alphaproteobacteria","Hyphomicrobiales","Beijerinckiaceae","Beijerinckia","Beijerinckia_indica_subsp._indica_ATCC_9039"
"71d0eae2a491fc0c57ea9db86b9f246e","Unassigned","Unassigned","Unassigned","Unassigned","Unassigned","Unassigned","Unassigned"
"76bad5e4a92f08d794be7fdc71abe5c0","Unassigned","Unassigned","Unassigned","Unassigned","Unassigned","Unassigned","Unassigned"
"5ede7e0e2a7f3f30fdfc5645df5d865c","Bacteria","Pseudomonadota","Betaproteobacteria","Burkholderiales","Comamonadaceae","Rhodoferax","Rhodoferax_aquaticus_strain_personal::Gr-4"
"a94df2f7e3e5e10ebf279c938a51d4d3","Unassigned","Unassigned","Unassigned","Unassigned","Unassigned","Unassigned","Unassigned"
"6312c254d0346e055e4a3fd01b5c79be","Bacteria","Bacteroidota","Chitinophagia","Chitinophagales","Chitinophagaceae","Ferruginibacter","Ferruginibacter_lapsinanis_strain_HU1-HG42"
"b25f6057c36c281d95b01fd78e876965","Bacteria","Verrucomicrobiota","Verrucomicrobiia","Verrucomicrobiales","Verrucomicrobiaceae","Prosthecobacter","Prosthecobacter_fluviatilis_strain_HAQ-1"
"9485f0e7335d88dc0dc2f7581e8d0954","Unassigned","Unassigned","Unassigned","Unassigned","Unassigned","Unassigned","Unassigned"
"05353754d300687a50edf318e174f929","Bacteria","Pseudomonadota","Alphaproteobacteria","Hyphomonadales","Hyphomonadaceae","Vitreimonas","Vitreimonas_flagellata_strain_SYSU_XM001"
"f23177edb23c3078cf79a29a0ee017ee","Unassigned","Unassigned","Unassigned","Unassigned","Unassigned","Unassigned","Unassigned"
"a52ff76b5481bc927fad4dd023bd91f3","Unassigned","Unassigned","Unassigned","Unassigned","Unassigned","Unassigned","Unassigned"
"6c830a00b58e7e77a5242af5d645b99e","Bacteria","Pseudomonadota","Alphaproteobacteria","Sphingomonadales","Sphingomonadaceae","Sphingorhabdus","Sphingorhabdus_rigui_strain_01SU5-P"
"0c312d1a1035de9af1f5ef12bea066d8","Unassigned","Unassigned","Unassigned","Unassigned","Unassigned","Unassigned","Unassigned"
"cdea2f3cb4813112aba74975a8c4b8b2","Unassigned","Unassigned","Unassigned","Unassigned","Unassigned","Unassigned","Unassigned"
"bc36be7d3142e4ff0bebdae7bd1f60f4","Bacteria","Bacteroidota","Chitinophagia","Chitinophagales","Chitinophagaceae","Ferruginibacter","Ferruginibacter_profundus_strain_DS48-5-3"
"47079cdbdf14bd81d730cf1efb7e33e9","Unassigned","Unassigned","Unassigned","Unassigned","Unassigned","Unassigned","Unassigned"
"c1db0f0120a8b8aa770f400f863d32b6","Bacteria","Pseudomonadota","Alphaproteobacteria","Hyphomicrobiales","Hyphomicrobiaceae","Rhodoplanes","Pseudorhodoplanes_sinuspersici_strain_RIPI_110"
"33d46a5740f708ec507b3c4d8449d8ed","Unassigned","Unassigned","Unassigned","Unassigned","Unassigned","Unassigned","Unassigned"
"a1d816a7995ccb86a359ecfccdd9b8f6","Unassigned","Unassigned","Unassigned","Unassigned","Unassigned","Unassigned","Unassigned"
"505340654757d17e29b144d8baa4cfd6","Bacteria","Bacteroidota","Chitinophagia","Chitinophagales","Chitinophagaceae","Ferruginibacter","Ferruginibacter_lapsinanis_strain_HU1-HG42"
"75566ba2a2fc3cf43c1a553137c54109","Unassigned","Unassigned","Unassigned","Unassigned","Unassigned","Unassigned","Unassigned"
"e4371634bf7dddbccbba73c0d62712a4","Bacteria","Chlamydiota","Chlamydiia","Parachlamydiales","Parachlamydiaceae","Protochlamydia","Candidatus_Protochlamydia_amoebophila"
"a2413b086fb5c2970b6b1c201ca7c132","Unassigned","Unassigned","Unassigned","Unassigned","Unassigned","Unassigned","Unassigned"
"e605a73a4458edc8f12ca858055819e7","Bacteria","Chlamydiota","Chlamydiia","Parachlamydiales","Parachlamydiaceae","Protochlamydia","Candidatus_Protochlamydia_naegleriophila"
"e79086da23c1cbfe018dbb20d0cc3829","Unassigned","Unassigned","Unassigned","Unassigned","Unassigned","Unassigned","Unassigned"
"f27d4cba961b945b1c5a734cc097acc7","Unassigned","Unassigned","Unassigned","Unassigned","Unassigned","Unassigned","Unassigned"
"3a012bf98ba35ffe116d5eae77fe11ff","Bacteria","Nitrospirota","Nitrospiria","Nitrospirales","Nitrospiraceae","Nitrospira","Nitrospira_japonica_strain_J1"
"1da0355ddfb83cbbd7a0d2881e9bea67","Unassigned","Unassigned","Unassigned","Unassigned","Unassigned","Unassigned","Unassigned"
"8dc99c56561b9a00922b799788d99eca","Bacteria","Planctomycetota","Planctomycetia","Planctomycetales","Planctomycetaceae","Symmachiella","Symmachiella_macrocystis_strain_CA54"
"7c80e7504bfc73975f85fc211b6ea1d2","Unassigned","Unassigned","Unassigned","Unassigned","Unassigned","Unassigned","Unassigned"
"df75dba07ce6f699a7f95bc5c62de7df","Bacteria","Bacteroidota","Flavobacteriia","Flavobacteriales","Flavobacteriaceae","Flavobacterium","Flavobacterium_laiguense_strain_LB2P30"
"76a445124a31662689694da5ae2bfec9","Bacteria","Pseudomonadota","Alphaproteobacteria","Hyphomicrobiales","Hyphomicrobiaceae","Hyphomicrobium","Hyphomicrobium_hollandicum_strain_IFAM_KB-677"
"f62065c6903386a7d68f0996cd51bd5e","Bacteria","Pseudomonadota","Betaproteobacteria","Burkholderiales","Sphaerotilaceae","Rubrivivax","Rubrivivax_rivuli_strain_KYPY4"
"7e7622410c8db89f5d1ecbc3b464bfd9","Bacteria","Pseudomonadota","Betaproteobacteria","Nitrosomonadales","Sterolibacteriaceae","Georgfuchsia","Georgfuchsia_toluolica_strain_G5G6"
"a545fb6f503fef1145a47eb2ebfc8097","Bacteria","Actinomycetota","Acidimicrobiia","Acidimicrobiales","Acidimicrobiaceae","Ferrithrix","Ferrithrix_thermotolerans_strain_Y005"
"d7cc0766d3bb594f10c9bf06804401d1","Bacteria","Pseudomonadota","Betaproteobacteria","Burkholderiales","Oxalobacteraceae","Herminiimonas","Herminiimonas_fonticola_strain_S-94"
"40d540e10cd12093f0057d9942ab9723","Unassigned","Unassigned","Unassigned","Unassigned","Unassigned","Unassigned","Unassigned"
"3e612cadb8b779b7e675ebfdeaeacd5f","Unassigned","Unassigned","Unassigned","Unassigned","Unassigned","Unassigned","Unassigned"
"1f37199d746f93d98918e389ace46e85","Unassigned","Unassigned","Unassigned","Unassigned","Unassigned","Unassigned","Unassigned"
"dee478a4ff9d40416d479f66f972e311","Unassigned","Unassigned","Unassigned","Unassigned","Unassigned","Unassigned","Unassigned"
"c7f8180a62d8b311a12cbc71c6cbcefc","Bacteria","Pseudomonadota","Betaproteobacteria","Burkholderiales","Comamonadaceae","Simplicispira","Simplicispira_hankyongi_strain_NY-02"
"a9af2bd438c423a858cffb795a52fcd5","Unassigned","Unassigned","Unassigned","Unassigned","Unassigned","Unassigned","Unassigned"
"542456c16a9d01a83a545fc9348cf030","Unassigned","Unassigned","Unassigned","Unassigned","Unassigned","Unassigned","Unassigned"
"6a255e685f945b81229295f88f0db4bc","Unassigned","Unassigned","Unassigned","Unassigned","Unassigned","Unassigned","Unassigned"
"0dd0a880e8d03053b61dfc331c83a6ce","Bacteria","Planctomycetota","Planctomycetia","Planctomycetales","Planctomycetaceae","Symmachiella","Symmachiella_macrocystis_strain_CA54"
"4f2a399a3f144089b01e87aad57912b1","Bacteria","Actinomycetota","Thermoleophilia","Solirubrobacterales","Solirubrobacteraceae","Solirubrobacter","Candidatus_Solirubrobacter_pratensis"
"79cdd47bb7e7b1ca46d2bcc519188079","Unassigned","Unassigned","Unassigned","Unassigned","Unassigned","Unassigned","Unassigned"
"a604ecef1ecb488e64fa7ff490285a77","Unassigned","Unassigned","Unassigned","Unassigned","Unassigned","Unassigned","Unassigned"
"1e2cfd05c61b9846de43550f449ef398","Bacteria","Pseudomonadota","Betaproteobacteria","Burkholderiales","Oxalobacteraceae","Noviherbaspirillum","Noviherbaspirillum_denitrificans_strain_TSA40"
"9ffc6c7d9dbd572f3941ce812172840d","Unassigned","Unassigned","Unassigned","Unassigned","Unassigned","Unassigned","Unassigned"
"788cd63c270d4bda51ab28a858bae9e0","Bacteria","Pseudomonadota","Betaproteobacteria","Burkholderiales","Burkholderiaceae","Pararobbsia","Pararobbsia_silviterrae_strain_DHC34"
"79c19c61a7cbee54e68f37e38928e911","Bacteria","Pseudomonadota","Betaproteobacteria","Burkholderiales","Burkholderiaceae","Paraburkholderia","Paraburkholderia_phymatum_STM815"
"24d070a7917d0deae98438e4ef1a06e1","Unassigned","Unassigned","Unassigned","Unassigned","Unassigned","Unassigned","Unassigned"
"c523c550e5b0ef81137ed19be41c59a6","Bacteria","Planctomycetota","Phycisphaerae","Tepidisphaerales","Tepidisphaeraceae","Tepidisphaera","Tepidisphaera_mucosa_strain_2842"
"9e57da99e8414c15694035eda8b06de5","Unassigned","Unassigned","Unassigned","Unassigned","Unassigned","Unassigned","Unassigned"
"df64cf6de37ac8195d1210a334ad7536","Unassigned","Unassigned","Unassigned","Unassigned","Unassigned","Unassigned","Unassigned"
"3d0239088b172c5b8c2c81967a9c174c","Bacteria","Planctomycetota","Planctomycetia","Gemmatales","Gemmataceae","Limnoglobus","Limnoglobus_roseus_strain_PX52"
"b6791a9403453d74c8f9a9c0990477e8","Bacteria","Acidobacteriota","Terriglobia","Bryobacterales","Bryobacteraceae","Bryobacter","Bryobacter_aggregatus_strain_MPL3"
"be09e9647762593eefd9137ef3a9e428","Unassigned","Unassigned","Unassigned","Unassigned","Unassigned","Unassigned","Unassigned"
"94834957a802783bf06f524cd97ebfc7","Unassigned","Unassigned","Unassigned","Unassigned","Unassigned","Unassigned","Unassigned"
"c092d442e3464961c9935b3828030c2f","Bacteria","Pseudomonadota","Alphaproteobacteria","Rickettsiales","Rickettsiaceae","Candidatus_Trichorickettsia","Candidatus_Trichorickettsia_mobilis"
"d87b257cc80edc6b05ae5723fda8eee8","Bacteria","Acidobacteriota","Vicinamibacteria","Vicinamibacterales","Vicinamibacteraceae","Luteitalea","Luteitalea_pratensis_strain_HEG_-6_39"
"c4f0f2874edb9cb80c3dc387db932664","Bacteria","Pseudomonadota","Betaproteobacteria","Burkholderiales","Usitatibacteraceae","Usitatibacter","Usitatibacter_palustris_strain_Swamp67"
"4ddc6458b8418819d757c407f5d52190","Bacteria","Verrucomicrobiota","Verrucomicrobiia","Verrucomicrobiales","Verrucomicrobiaceae","Prosthecobacter","Prosthecobacter_debontii_strain_FC3"
"8fc5ff9ef60a1e2f93f9b81e940c9602","Unassigned","Unassigned","Unassigned","Unassigned","Unassigned","Unassigned","Unassigned"
"faab73aecc78fb2400b07f9b45ee57c1","Bacteria","Pseudomonadota","Betaproteobacteria","Nitrosomonadales","Methylophilaceae","Methylotenera","Methylotenera_oryzisoli_strain_La3113"
"7c397ddf685aa1421f7717da585efa7c","Bacteria","Planctomycetota","Planctomycetia","Planctomycetales","Planctomycetaceae","Symmachiella","Symmachiella_macrocystis_strain_CA54"
"7f3c923018fcea83538e40aacdb3c32e","Bacteria","Pseudomonadota","Gammaproteobacteria","Chromatiales","Thioprofundaceae","Thioprofundum","Thioprofundum_lithotrophicum_strain_106"
"4e470ca07b99fd3447f1fdc1ce48d41f","Bacteria","Pseudomonadota","Alphaproteobacteria","Rhodobacterales","Paracoccaceae","Fertoeibacter","Fertoeibacter_niger_strain_RG-N-1a"
"eeeadee9ec0c7e6d02f15524fdf645fe","Bacteria","Chlamydiota","Chlamydiia","Parachlamydiales","Parachlamydiaceae","Neochlamydia","Neochlamydia_hartmannellae_strain_A1Hsp"
"19066868d05421ac2bcc853c73af7839","Bacteria","Bacteroidota","Flavobacteriia","Flavobacteriales","Crocinitomicaceae","Fluviicola","Fluviicola_taffensis_strain_DSM_16823"
"52c4efd746881d8195d1263394e4761d","Bacteria","Pseudomonadota","Alphaproteobacteria","Hyphomicrobiales","Aestuariivirgaceae","Aestuariivirga","Aestuariivirga_litoralis_strain_SYSU_M10001"
"ed96e180e1ccf0ca6a7fc5460bc90937","Unassigned","Unassigned","Unassigned","Unassigned","Unassigned","Unassigned","Unassigned"
"ae4a74a948ce7b3d54e0321574c8efc8","Unassigned","Unassigned","Unassigned","Unassigned","Unassigned","Unassigned","Unassigned"
"0c227a80777062c77188fad24ba8159e","Unassigned","Unassigned","Unassigned","Unassigned","Unassigned","Unassigned","Unassigned"
"7055c340d5150b6d6f1c4d8131e8c495","Unassigned","Unassigned","Unassigned","Unassigned","Unassigned","Unassigned","Unassigned"
"492a8e99558617da93502f34d53d10f0","Unassigned","Unassigned","Unassigned","Unassigned","Unassigned","Unassigned","Unassigned"
"ecc6e0864f6f7fb417135353de498968","Unassigned","Unassigned","Unassigned","Unassigned","Unassigned","Unassigned","Unassigned"
"a98a76d572bf1bd235419c3da01e8564","Bacteria","Acidobacteriota","Vicinamibacteria","Vicinamibacterales","Vicinamibacteraceae","Vicinamibacter","Vicinamibacter_silvestris_strain_Ac_5_C6"
"260c64d5a5815b128142bba88db08b96","Unassigned","Unassigned","Unassigned","Unassigned","Unassigned","Unassigned","Unassigned"
"91aba4dcf3d1fda679378c5b2db131fc","Bacteria","Pseudomonadota","Alphaproteobacteria","Hyphomonadales","Hyphomonadaceae","Vitreimonas","Vitreimonas_flagellata_strain_SYSU_XM001"
"571d75aaa4fe1019ea73c9fa8daa6c14","Bacteria","Pseudomonadota","Betaproteobacteria","Rhodocyclales","Azonexaceae","Dechloromonas","Dechloromonas_hortensis_strain_MA-1"
"5a754acc3f2ebc582379000d3cd09609","Bacteria","Acidobacteriota","Terriglobia","Bryobacterales","Bryobacteraceae","Paludibaculum","Paludibaculum_fermentans_strain_P105"
"e91a9e107dff8b6fa728e8dd1bf53572","Bacteria","Bacteroidota","Chitinophagia","Chitinophagales","Chitinophagaceae","Ferruginibacter","Ferruginibacter_profundus_strain_DS48-5-3"
"446596ba7e426140e9f8b7a1183b5134","Bacteria","Pseudomonadota","Alphaproteobacteria","Micropepsales","Micropepsaceae","Rhizomicrobium","Rhizomicrobium_palustre_strain_A48"
"446110f4645c53c134898f85f206956c","Bacteria","Candidatus_Saccharibacteria","Candidatus_Saccharimonadia","Candidatus_Saccharimonadales","Candidatus_Saccharimonadaceae","Candidatus_Saccharimonas","Candidatus_Saccharimonas_aalborgensis"
"3d018e88b4f5413edfd8b924c1d0691b","Bacteria","Pseudomonadota","Gammaproteobacteria","Methylococcales","Methylococcaceae","Methyloparacoccus","Methyloparacoccus_murrellii_strain_R-49797"
"80c03ee87e89fd437b66fb2cc4912e90","Unassigned","Unassigned","Unassigned","Unassigned","Unassigned","Unassigned","Unassigned"
"d8a9a0273c799a8b4b12da08e5ae039f","Bacteria","Bacteroidota","Chitinophagia","Chitinophagales","Chitinophagaceae","Taibaiella","Rurimicrobium_arvi_strain_J107-1"
"44cc2aabc85a419077e82ff04b70211e","Bacteria","Pseudomonadota","Betaproteobacteria","Rhodocyclales","Rhodocyclaceae","Azovibrio","Azovibrio_restrictus_strain_S5b2"
"7980a9935964b0291ea0ddfee3cc4212","Bacteria","Pseudomonadota","Gammaproteobacteria","Legionellales","Coxiellaceae","Aquicella","Aquicella_siphonis_strain_SGT-108"
"561bfe25e725dfc971225459ddd5261b","Bacteria","Pseudomonadota","Gammaproteobacteria","Chromatiales","Granulosicoccaceae","Granulosicoccus","Granulosicoccus_antarcticus_IMCC3135"
"f621513613cc1d8d9ba44417da37cafb","Unassigned","Unassigned","Unassigned","Unassigned","Unassigned","Unassigned","Unassigned"
"98f7ce4b0785c929337cf8915f875bd1","Bacteria","Bacteroidota","Sphingobacteriia","Sphingobacteriales","Aurantibacillaceae","Aurantibacillus","Aurantibacillus_circumpalustris_strain_Swamp196"
"57e3708dd3ef2bc35f77c8bd8bb82932","Unassigned","Unassigned","Unassigned","Unassigned","Unassigned","Unassigned","Unassigned"
"c83bb03e72748209bb0c6b35c546ef5b","Unassigned","Unassigned","Unassigned","Unassigned","Unassigned","Unassigned","Unassigned"
"440ac27874a887094f623989057a814b","Unassigned","Unassigned","Unassigned","Unassigned","Unassigned","Unassigned","Unassigned"
"02e36d7d305e6e1461ff00e3bcd3c382","Bacteria","Pseudomonadota","Gammaproteobacteria","Chromatiales","Chromatiaceae","Thioprofundum","Thioprofundum_lithotrophicum_strain_106"
"57ea2bf07ffd4da56c79062f90faaad9","Unassigned","Unassigned","Unassigned","Unassigned","Unassigned","Unassigned","Unassigned"
"732f467dcaf2305372313fbaa5ba72a5","Bacteria","Bacteroidota","Chitinophagia","Chitinophagales","Chitinophagaceae","Terrimonas","Terrimonas_pollutisoli"
"bdf9bc127130b7beba8a2cfef02b1586","Bacteria","Pseudomonadota","Alphaproteobacteria","Rickettsiales","Rickettsiaceae","Orientia","Orientia_tsutsugamushi_strain_Karp"
"1a811b11a5786afd443c0fcff1225178","Unassigned","Unassigned","Unassigned","Unassigned","Unassigned","Unassigned","Unassigned"
"ea9675b5319741df8f1ffcacd8d0cffc","Unassigned","Unassigned","Unassigned","Unassigned","Unassigned","Unassigned","Unassigned"
"44244bff85b268596162484d8914e03d","Bacteria","Bacteroidota","Cytophagia","Cytophagales","Reichenbachiellaceae","Reichenbachiella","Reichenbachiella_agarivorans"
"a0da009941ad04d9e39104955d1d7a56","Unassigned","Unassigned","Unassigned","Unassigned","Unassigned","Unassigned","Unassigned"
"3bb8cd81f542591ea6739551d2b6ac76","Bacteria","Pseudomonadota","Betaproteobacteria","Nitrosomonadales","Oxalobacteraceae","Glaciimonas","Glaciimonas_alpina_strain_Cr9-12"
"d3e667a0276e8a1d1be36e43de0eb274","Unassigned","Unassigned","Unassigned","Unassigned","Unassigned","Unassigned","Unassigned"
"2132c2aa6bb5fc94b53b1948cc052324","Unassigned","Unassigned","Unassigned","Unassigned","Unassigned","Unassigned","Unassigned"
"180b2d84ddcff2d79e2bfa70fff5774c","Unassigned","Unassigned","Unassigned","Unassigned","Unassigned","Unassigned","Unassigned"
"a35fe4e32e5e518333bab7020b46b110","Unassigned","Unassigned","Unassigned","Unassigned","Unassigned","Unassigned","Unassigned"
"9af042c9a339b597db4af58c7725ae7a","Unassigned","Unassigned","Unassigned","Unassigned","Unassigned","Unassigned","Unassigned"
"8071bf7d029d86d9c48f823d9136b904","Unassigned","Unassigned","Unassigned","Unassigned","Unassigned","Unassigned","Unassigned"
"4cae202a8903af0763a5b1586354bc12","Unassigned","Unassigned","Unassigned","Unassigned","Unassigned","Unassigned","Unassigned"
"1a0bab31b67a71116ef6d078237d1254","Bacteria","Myxococcota","","Polyangiales","Polyangiaceae","Chondromyces","Minicystis_rosea_strain_SBNa008"
"7bab26753186a6193742b7115358f280","Bacteria","Bacteroidota","Chitinophagia","Chitinophagales","Chitinophagaceae","Terrimonas","Terrimonas_pollutisoli"
"fac354e574adb113628f919fc7ea60a7","Bacteria","Acidobacteriota","Vicinamibacteria","Vicinamibacterales","Vicinamibacteraceae","Luteitalea","Luteitalea_pratensis_strain_HEG_-6_39"
"9999aac94a3bd90c25b91d8b6853befc","Unassigned","Unassigned","Unassigned","Unassigned","Unassigned","Unassigned","Unassigned"
"2f3687530687a95e50206ef08c6ed64d","Unassigned","Unassigned","Unassigned","Unassigned","Unassigned","Unassigned","Unassigned"
"0617cc1eea87e47e9bfd813ea1c05dd2","Bacteria","Actinomycetota","Actinomycetes","Kitasatosporales","Streptomycetaceae","Embleya","Embleya_scabrispora_strain_NBRC_100760"
"a3a57fb1a1a04161c6bc00410cbd61f9","Bacteria","Bacteroidota","Sphingobacteriia","Sphingobacteriales","Aurantibacillaceae","Aurantibacillus","Aurantibacillus_circumpalustris_strain_Swamp196"
"ad5cca60609877043b7bf719c76cf674","Unassigned","Unassigned","Unassigned","Unassigned","Unassigned","Unassigned","Unassigned"
"4832bb35029b33597f9e7b9fb1c470ab","Unassigned","Unassigned","Unassigned","Unassigned","Unassigned","Unassigned","Unassigned"
"a2fa37263c3fd716f589990d3eb1b196","Unassigned","Unassigned","Unassigned","Unassigned","Unassigned","Unassigned","Unassigned"
"4e95bcdbba996fc36fd546e9d56f7633","Unassigned","Unassigned","Unassigned","Unassigned","Unassigned","Unassigned","Unassigned"
"3e8c2db189aff15fa2fe92c1152d7f53","Bacteria","Pseudomonadota","Alphaproteobacteria","Rhodobacterales","Paracoccaceae","Tabrizicola","Tabrizicola_aquatica_strain_RCRI19"
"8912465f47e56a2c6b2d76373fdc4d29","Bacteria","Pseudomonadota","Betaproteobacteria","Burkholderiales","Comamonadaceae","Hydrogenophaga","Hydrogenophaga_caeni_strain_EMB71"
"0f5f554cd402d1015ee72dacbafffd46","Unassigned","Unassigned","Unassigned","Unassigned","Unassigned","Unassigned","Unassigned"
"bd326ae7dfb6e696f39f37021710f2a1","Bacteria","Pseudomonadota","Betaproteobacteria","Burkholderiales","Sphaerotilaceae","Rubrivivax","Rubrivivax_rivuli_strain_KYPY4"
"d1f5a4b89f305126f215509e2c31e06a","Unassigned","Unassigned","Unassigned","Unassigned","Unassigned","Unassigned","Unassigned"
"a2c4259e5f65333693df3c3eddba435c","Unassigned","Unassigned","Unassigned","Unassigned","Unassigned","Unassigned","Unassigned"
"b04efdc62a134f9b9fc63737d305c834","Unassigned","Unassigned","Unassigned","Unassigned","Unassigned","Unassigned","Unassigned"
"df4ce9389eb8d780806e72fa21f437f1","Unassigned","Unassigned","Unassigned","Unassigned","Unassigned","Unassigned","Unassigned"
"e2e89063e25d8766a9b690470ff605f8","Unassigned","Unassigned","Unassigned","Unassigned","Unassigned","Unassigned","Unassigned"
"d7656125a016d67274692ed108e2e6ef","Bacteria","Pseudomonadota","Betaproteobacteria","Burkholderiales","","Rhizobacter","Rhizobacter_bergeniae_strain_PLGR-1"
"580a4d3068cd6e26aaeec3108f034e23","Bacteria","Pseudomonadota","Alphaproteobacteria","Hyphomicrobiales","Boseaceae","Bosea","Bosea_lathyri_strain_R-46060"
"c21bf55f43c10be30e13ea0a26b8ab57","Bacteria","Pseudomonadota","Betaproteobacteria","Nitrosomonadales","Gallionellaceae","Nitrotoga","Candidatus_Nitrotoga_fabula"
"b3ecf5d1fb419f60bc105f0bcb2bc95a","Bacteria","Pseudomonadota","Gammaproteobacteria","Legionellales","Coxiellaceae","Berkiella","Candidatus_Berkiella_aquae"
"f85a9f1389e6b19146daf84470667285","Unassigned","Unassigned","Unassigned","Unassigned","Unassigned","Unassigned","Unassigned"
"360e6d7e3727726fe7116fc419cacc27","Unassigned","Unassigned","Unassigned","Unassigned","Unassigned","Unassigned","Unassigned"
"d7d26ec776b576d960d815a3aeeb5dd8","Unassigned","Unassigned","Unassigned","Unassigned","Unassigned","Unassigned","Unassigned"
"b9a6d4197fdebe45d15612c57b40291e","Bacteria","Planctomycetota","Planctomycetia","Pirellulales","Pirellulaceae","Aureliella","Aureliella_helgolandensis_strain_Q31a"
"b7fc8fd9cc3dbc3711cb683717106e03","Bacteria","Pseudomonadota","Alphaproteobacteria","Hyphomicrobiales","Hyphomicrobiaceae","Devosia","Dichotomicrobium_thermohalophilum_strain_DSM_5002"
"fd520997229570d29668af021461e257","Bacteria","Pseudomonadota","Betaproteobacteria","Rhodocyclales","Rhodocyclaceae","Oryzomicrobium","Oryzomicrobium_terrae_strain_TPP412"
"6ea37315583439bc08ac922fdf75cbb2","Unassigned","Unassigned","Unassigned","Unassigned","Unassigned","Unassigned","Unassigned"
"60584fda0a91e23fc12bcd1cd930c69d","Bacteria","Pseudomonadota","Gammaproteobacteria","Legionellales","Coxiellaceae","Berkiella","Candidatus_Berkiella_cookevillensis"
"0118af3fa7400e0e9db33744bf4008ae","Bacteria","Acidobacteriota","Vicinamibacteria","Vicinamibacterales","Vicinamibacteraceae","Vicinamibacter","Vicinamibacter_silvestris_strain_Ac_5_C6"
"f7d337ecf5607d8c28cab2dea7e96057","Bacteria","Myxococcota","Myxococcia","Myxococcales","Myxococcaceae","Citreicoccus","Citreicoccus_inhibens_strain_M34"
"7b560eadf41c7926a043d3df85060d70","Unassigned","Unassigned","Unassigned","Unassigned","Unassigned","Unassigned","Unassigned"
"b4d4d93f50c889aa06715a1194fd0fd4","Bacteria","Myxococcota","","Nannocystales","Nannocystaceae","Pseudenhygromyxa","Pseudenhygromyxa_salsuginis_strain_SYR-2"
"300c6de90f8f25fee0145b6b760d5927","Bacteria","Pseudomonadota","Gammaproteobacteria","Steroidobacterales","Steroidobacteraceae","Povalibacter","Povalibacter_uvarum_strain_Zumi_37"
"fe3eccf10b0240eb7eb21d5e56334de1","Bacteria","Bacteroidota","Flavobacteriia","Flavobacteriales","Flavobacteriaceae","Flavobacterium","Flavobacterium_myungsuense_strain_HMD1033"
"834acd8b7789518d4793419e1d152804","Unassigned","Unassigned","Unassigned","Unassigned","Unassigned","Unassigned","Unassigned"
"c9415b8524243ea2936523610fe1c8a8","Bacteria","Pseudomonadota","Gammaproteobacteria","Cellvibrionales","Halieaceae","Marimicrobium","Candidatus_Marimicrobium_litorale"
"8534e4dd052306ce49d7f2b8e94f196e","Unassigned","Unassigned","Unassigned","Unassigned","Unassigned","Unassigned","Unassigned"
"e9f32d66a9a7ea11922c1b3c77519309","Bacteria","Planctomycetota","Planctomycetia","Gemmatales","Gemmataceae","Zavarzinella","Zavarzinella_formosa_strain_A10"
"1b0779629fdc179143cb12bda667d7b5","Bacteria","Pseudomonadota","Betaproteobacteria","Burkholderiales","Sphaerotilaceae","Methylibium","Methylibium_petroleiphilum_PM1"
"aea702789c62d666ebf39d103693bcbc","Bacteria","Pseudomonadota","Betaproteobacteria","Rhodocyclales","Azonexaceae","Ferribacterium","Ferribacterium_limneticum_strain_cda-1"
"e3c267731259ca0e89d539a3b4290b42","Bacteria","Pseudomonadota","Alphaproteobacteria","Hyphomicrobiales","Hyphomicrobiaceae","Hyphomicrobium","Pedomicrobium_manganicum_strain_ATCC_33121"
"10cd144bb1ecef0eee6b04ebd275813b","Bacteria","Pseudomonadota","Alphaproteobacteria","Hyphomonadales","Hyphomonadaceae","Asprobacter","Asprobacter_aquaticus_strain_DRW22-8"
"59c22b74cafa5ad4b4855557b37c5fde","Unassigned","Unassigned","Unassigned","Unassigned","Unassigned","Unassigned","Unassigned"
"33b43ad49bbd991ae1b15405d4736c0b","Bacteria","Actinomycetota","Acidimicrobiia","Acidimicrobiales","Iamiaceae","Rhabdothermincola","Rhabdothermincola_sediminis_strain_SYSU_G02662"
"b50de697f447e37070ec5f7ad9542a8e","Unassigned","Unassigned","Unassigned","Unassigned","Unassigned","Unassigned","Unassigned"
"144f762cc4992125aa13be71a7324229","Unassigned","Unassigned","Unassigned","Unassigned","Unassigned","Unassigned","Unassigned"
"eccf179a34447e472925e7fcb692d24e","Bacteria","Pseudomonadota","Alphaproteobacteria","Hyphomicrobiales","Nitrobacteraceae","Undibacter","Undibacter_mobilis_strain_GY_H"
"013a7212c663a6093145f8ec902750f6","Unassigned","Unassigned","Unassigned","Unassigned","Unassigned","Unassigned","Unassigned"
"9b2d575c45b54459fecc89c8bf53833b","Unassigned","Unassigned","Unassigned","Unassigned","Unassigned","Unassigned","Unassigned"
"7665d94c1db60af71ef9b641baefdb22","Bacteria","Planctomycetota","Planctomycetia","Gemmatales","Gemmataceae","Zavarzinella","Zavarzinella_formosa_strain_A10"
"d66c4c007c029ab8fe1389da77ec40da","Bacteria","Chlamydiota","Chlamydiia","Parachlamydiales","Simkaniaceae","Simkania","Simkania_negevensis_strain_Z"
"a3436dbd0077d146f862db5210609b25","Unassigned","Unassigned","Unassigned","Unassigned","Unassigned","Unassigned","Unassigned"
"b905eb04964ce568671e5c36ad517b53","Bacteria","Bacteroidota","Chitinophagia","Chitinophagales","Chitinophagaceae","Flavipsychrobacter","Flavipsychrobacter_stenotrophus_strain_RB1R16"
"41248682b34382f365048f7639d7482c","Bacteria","Pseudomonadota","Betaproteobacteria","Nitrosomonadales","Sterolibacteriaceae","Candidatus_Accumulibacter","Nitrosovibrio_tenuis"
"ead76ea967fb1ea416273f9c716492dd","Bacteria","Acidobacteriota","Vicinamibacteria","Vicinamibacterales","Vicinamibacteraceae","Vicinamibacter","Vicinamibacter_silvestris_strain_Ac_5_C6"
"dde4869325e4625ea2c4380b254e7e02","Unassigned","Unassigned","Unassigned","Unassigned","Unassigned","Unassigned","Unassigned"
"49c92660e35dee3fa010e8346999e205","Unassigned","Unassigned","Unassigned","Unassigned","Unassigned","Unassigned","Unassigned"
"76bcb76f0ebe15dcb3a35965ce4d26c0","Bacteria","Pseudomonadota","Betaproteobacteria","Burkholderiales","Comamonadaceae","Polaromonas","Polaromonas_eurypsychrophila_strain_B717-2"
"815b405b2a75f2c4c0868d569a3e58b6","Bacteria","Bacteroidota","Sphingobacteriia","Sphingobacteriales","Aurantibacillaceae","Aurantibacillus","Aurantibacillus_circumpalustris_strain_Swamp196"
"cd5644932d8ba32d0491561d66857a07","Bacteria","Chlamydiota","Chlamydiia","Parachlamydiales","Rhabdochlamydiaceae","Rhabdochlamydia","Candidatus_Rhabdochlamydia_porcellionis"
"f53ca3efbd7624dd24d83321902f17d1","Unassigned","Unassigned","Unassigned","Unassigned","Unassigned","Unassigned","Unassigned"
"15cb8e3d78ade5ea1d94eb961eef4b68","Bacteria","Bdellovibrionota","Bdellovibrionia","Bdellovibrionales","Pseudobdellovibrionaceae","Bdellovibrio","Bdellovibrio_bacteriovorus_strain_HD100"
"925be1c8ce3e64fa0a303fe702750161","Unassigned","Unassigned","Unassigned","Unassigned","Unassigned","Unassigned","Unassigned"
"01da03da7373215ead827f25b288c5b6","Bacteria","Actinomycetota","Actinomycetes","Micrococcales","Microbacteriaceae","Antiquaquibacter","Antiquaquibacter_oligotrophicus"
"cb96e767d43bc88131bbcd34e65db97b","Unassigned","Unassigned","Unassigned","Unassigned","Unassigned","Unassigned","Unassigned"
"d5300016e9dfd3250371512728699fd9","Unassigned","Unassigned","Unassigned","Unassigned","Unassigned","Unassigned","Unassigned"
"fee1e1e0a4b9496b8994de5cee838533","Unassigned","Unassigned","Unassigned","Unassigned","Unassigned","Unassigned","Unassigned"
"9186b762fb0107d5ec7be9a186e8aaab","Unassigned","Unassigned","Unassigned","Unassigned","Unassigned","Unassigned","Unassigned"
"1e0e5b37ec3d4dccc8e9bcb99e6a6b6e","Bacteria","Pseudomonadota","Gammaproteobacteria","Moraxellales","Moraxellaceae","Fluviicoccus","Fluviicoccus_keumensis_strain_4DR5"
"040a498c3fab16b1138aba7b62019710","Unassigned","Unassigned","Unassigned","Unassigned","Unassigned","Unassigned","Unassigned"
"cfa8f6f3451c6b73db62e75bd5665cec","Bacteria","Gemmatimonadota","Gemmatimonadetes","Gemmatimonadales","Gemmatimonadaceae","Gemmatimonas","Gemmatimonas_groenlandica"
"25dbc60bf398cb94b816bbfa164a24e2","Bacteria","Bacteroidota","Sphingobacteriia","Sphingobacteriales","Aurantibacillaceae","Aurantibacillus","Aurantibacillus_circumpalustris_strain_Swamp196"
"78883cd83a9f0973ace5be41b8ed6495","Bacteria","Bacteroidota","Flavobacteriia","Flavobacteriales","Flavobacteriaceae","Flavobacterium","Flavobacterium_aestivum"
"a26094d1d16571a414e43bbb01e9cc99","Bacteria","Acidobacteriota","Vicinamibacteria","Vicinamibacterales","Vicinamibacteraceae","Vicinamibacter","Vicinamibacter_silvestris_strain_Ac_5_C6"
"c8a3b9286cdd2004075efcad58fcd7f2","Unassigned","Unassigned","Unassigned","Unassigned","Unassigned","Unassigned","Unassigned"
"d6529ab991657503502f4a5be21653a0","Bacteria","Pseudomonadota","Gammaproteobacteria","Legionellales","Legionellaceae","Legionella","Legionella_massiliensis_strain_LegA"
"bc201ecc90af3360bf747a7ffaf0b8b8","Bacteria","Pseudomonadota","Betaproteobacteria","Burkholderiales","Sphaerotilaceae","Methylibium","Methylibium_petroleiphilum_PM1"
"062393fe299b81b787d1ffa193223790","Bacteria","Bacteroidota","Sphingobacteriia","Sphingobacteriales","Sphingobacteriaceae","Daejeonella","Daejeonella_composti_strain_TR6-06"
"38377e358e827dc5c22c94e692f4a0a9","Bacteria","Chlamydiota","Chlamydiia","Parachlamydiales","Simkaniaceae","Simkania","Simkania_negevensis_strain_Z"
"ef905e6348d32fb01a4d9af8182569d3","Bacteria","Pseudomonadota","Betaproteobacteria","Rhodocyclales","Zoogloeaceae","Azoarcus","Azoarcus_olearius_strain_DQS-4"
"ef652565fb9ccb29d2f0d90b701a3ec2","Unassigned","Unassigned","Unassigned","Unassigned","Unassigned","Unassigned","Unassigned"
"e0f9e179a03ae571c3402828f5ae96ee","Bacteria","Bacteroidota","Flavobacteriia","Flavobacteriales","Flavobacteriaceae","Flavobacterium","Flavobacterium_ovatum_strain_W201E"
"30f752ddc6270d11b907a89f7152e310","Bacteria","Pseudomonadota","Betaproteobacteria","Burkholderiales","","Aquabacterium","Aquabacterium_commune_strain_B8"
"419ac75c7fef0eb3c83d70a62d0e9da0","Bacteria","Pseudomonadota","Gammaproteobacteria","Legionellales","Legionellaceae","Legionella","Legionella_erythra_strain_SE-32A-C8"
"7f658f175e0d6df60763d6d63a022ce8","Bacteria","Bacteroidota","Flavobacteriia","Flavobacteriales","Flavobacteriaceae","Flavobacterium","Flavobacterium_pygoscelis"
"bf49329d8ff2bf5b01bfb1c300e21781","Unassigned","Unassigned","Unassigned","Unassigned","Unassigned","Unassigned","Unassigned"
"c72b4b652e1fa90e09c83810c1344b92","Bacteria","Pseudomonadota","Betaproteobacteria","Burkholderiales","Burkholderiaceae","Robbsia","Robbsia_betulipollinis"
"6b6a5ac32f1f61a6ff8a7f3056bd4b3e","Bacteria","Actinomycetota","Acidimicrobiia","Acidimicrobiales","Acidimicrobiaceae","Aciditerrimonas","Aciditerrimonas_ferrireducens_JCM_15389_strain_IC-180"
"28a3c404ea1112e6cd96060fb5f90ff2","Unassigned","Unassigned","Unassigned","Unassigned","Unassigned","Unassigned","Unassigned"
"164809c68bc758dc156ac5cc4cf2d3e5","Bacteria","Bacteroidota","Sphingobacteriia","Sphingobacteriales","Aurantibacillaceae","Aurantibacillus","Aurantibacillus_circumpalustris_strain_Swamp196"
"afe35d6aac0652d3f574ee7211e326f7","Unassigned","Unassigned","Unassigned","Unassigned","Unassigned","Unassigned","Unassigned"
"54eb8bf5041f8dd2523dd39506160aa3","Unassigned","Unassigned","Unassigned","Unassigned","Unassigned","Unassigned","Unassigned"
"57ee84afdea043faba23bd2629da9ffe","Unassigned","Unassigned","Unassigned","Unassigned","Unassigned","Unassigned","Unassigned"
"3d78497f589814167514d277868c6109","Unassigned","Unassigned","Unassigned","Unassigned","Unassigned","Unassigned","Unassigned"
"b5792c3112b748a27f59fb1dfbe53b93","Unassigned","Unassigned","Unassigned","Unassigned","Unassigned","Unassigned","Unassigned"
"18b363a932e8a6fde10b92ffc08b8b9b","Bacteria","Pseudomonadota","Betaproteobacteria","Burkholderiales","Comamonadaceae","Curvibacter","Curvibacter_fontanus_strain_AQ9"
"199adb09a8893fb64d498924c752a824","Bacteria","Spirochaetota","Spirochaetia","Leptospirales","Leptospiraceae","Leptospira","Leptospira_alstonii_serovar_Sichuan_strain_79601"
"150667c02128e6ae9726c58096f0952f","Bacteria","Pseudomonadota","Gammaproteobacteria","Legionellales","Coxiellaceae","Berkiella","Candidatus_Berkiella_aquae"
"b3578fcd725e914ebd498ae2306b8477","Bacteria","Planctomycetota","Planctomycetia","Gemmatales","Gemmataceae","Fimbriiglobus","Fimbriiglobus_ruber_strain_SP5"
"614733df8ee56af54dddc379f83373f6","Bacteria","Planctomycetota","Planctomycetia","Pirellulales","Pirellulaceae","Anatilimnocola","Anatilimnocola_aggregata_strain_ETA_A8"
"5ea9effc6443569c45289e06a5f004ce","Bacteria","Bacteroidota","Chitinophagia","Chitinophagales","Chitinophagaceae","Sediminibacterium","Sediminibacterium_goheungense_strain_HME7863"
"a0f5af707c24c859a2f52a78b5ae23e6","Unassigned","Unassigned","Unassigned","Unassigned","Unassigned","Unassigned","Unassigned"
"3dbfb91b9268afe52b19fb7aa70a3d63","Unassigned","Unassigned","Unassigned","Unassigned","Unassigned","Unassigned","Unassigned"
"b691202860fd2056ac5028d6a74fe32f","Bacteria","Pseudomonadota","Alphaproteobacteria","Hyphomicrobiales","Methylobacteriaceae","Methylobacterium","Methylobacterium_mesophilicum_strain_JCM_2829"
"133fbd0ad7f38415d71fc5b6fcfebe99","Bacteria","Pseudomonadota","Betaproteobacteria","Nitrosomonadales","Usitatibacteraceae","Usitatibacter","Usitatibacter_palustris_strain_Swamp67"
"01768485b4853666899326d496cae690","Unassigned","Unassigned","Unassigned","Unassigned","Unassigned","Unassigned","Unassigned"
"9016dea471474df7b6616ee9e8868f5c","Unassigned","Unassigned","Unassigned","Unassigned","Unassigned","Unassigned","Unassigned"
"2000755650920e8a5adfd1cd9851808a","Unassigned","Unassigned","Unassigned","Unassigned","Unassigned","Unassigned","Unassigned"
"57e5655d358b02eca9286033f3c6d92a","Unassigned","Unassigned","Unassigned","Unassigned","Unassigned","Unassigned","Unassigned"
"42e10608d5e624952425a8792a289739","Unassigned","Unassigned","Unassigned","Unassigned","Unassigned","Unassigned","Unassigned"
"555959044037699d839a81e112a9d89c","Unassigned","Unassigned","Unassigned","Unassigned","Unassigned","Unassigned","Unassigned"
"3f29f3080ccfcc4360887f01ab585c72","Unassigned","Unassigned","Unassigned","Unassigned","Unassigned","Unassigned","Unassigned"
"c9ab7b13f3f478208fc6dbd2ba33a8e2","Unassigned","Unassigned","Unassigned","Unassigned","Unassigned","Unassigned","Unassigned"
"9f19f971bf3626a5864f30f53feb6354","Unassigned","Unassigned","Unassigned","Unassigned","Unassigned","Unassigned","Unassigned"
"c3ed8940bafbbd3f12a9da8c36c7a554","Bacteria","Pseudomonadota","Alphaproteobacteria","Hyphomicrobiales","Rhodospirillaceae","Filomicrobium","Candidatus_Filomicrobium_marinum"
"1c622a2418b620e3695def90854274c0","Unassigned","Unassigned","Unassigned","Unassigned","Unassigned","Unassigned","Unassigned"
"0d1bd59b44d5f977ab535b811ae7e117","Bacteria","Bacteroidota","Cytophagia","Cytophagales","Fulvivirgaceae","Chryseolinea","Chryseolinea_lacunae"
"2aeb4e02e9a5ccf81e3f3dbb829c8a70","Bacteria","Pseudomonadota","Gammaproteobacteria","Legionellales","Coxiellaceae","Berkiella","Candidatus_Berkiella_aquae"
"14a09f6170aac75399ce1ec97d03e0c8","Bacteria","Pseudomonadota","Betaproteobacteria","Nitrosomonadales","Methylophilaceae","Methylotenera","Methylotenera_oryzisoli_strain_La3113"
"e6f42f06dd2340b2ff5e4290619fc20b","Unassigned","Unassigned","Unassigned","Unassigned","Unassigned","Unassigned","Unassigned"
"a47a4d6c9fb51caa81bf1c7d1522ddf4","Unassigned","Unassigned","Unassigned","Unassigned","Unassigned","Unassigned","Unassigned"
"dcb763e5eb36d25954c065c70df0779d","Unassigned","Unassigned","Unassigned","Unassigned","Unassigned","Unassigned","Unassigned"
"c9c2319524dc9d280814006ed3f38ed5","Unassigned","Unassigned","Unassigned","Unassigned","Unassigned","Unassigned","Unassigned"
"8fd8d939baeeea937d7c7118acbac8c2","Unassigned","Unassigned","Unassigned","Unassigned","Unassigned","Unassigned","Unassigned"
"a7c17da18227a2f3091c841deab7d2b2","Bacteria","Verrucomicrobiota","Opitutia","Opitutales","Opitutaceae","Horticoccus","Horticoccus_luteus_strain_KSB-15"
"dd6aec06b20acf774ecb5f4fdb098d3c","Bacteria","Planctomycetota","Planctomycetia","Gemmatales","Gemmataceae","Fimbriiglobus","Fimbriiglobus_ruber_strain_SP5"
"0d6690a3c79de1234c923c4c25f3169e","Unassigned","Unassigned","Unassigned","Unassigned","Unassigned","Unassigned","Unassigned"
"7da804fd49122137b1f179e79b22efe0","Bacteria","Pseudomonadota","Alphaproteobacteria","Hyphomicrobiales","Hyphomicrobiaceae","Pedomicrobium","Pedomicrobium_americanum_strain_IFAM_G-1381"
"09bcd692f0d7a71f6938b4a2c987fd21","Unassigned","Unassigned","Unassigned","Unassigned","Unassigned","Unassigned","Unassigned"
"8de45ee07bd4c26192c0beb183fc90b8","Bacteria","Planctomycetota","Planctomycetia","Gemmatales","Gemmataceae","Fimbriiglobus","Fimbriiglobus_ruber_strain_SP5"
"c907f85786cb1fc4aae1bc6d9372414f","Bacteria","Bdellovibrionota","Bdellovibrionia","Bdellovibrionales","Pseudobdellovibrionaceae","Pseudobdellovibrio","Pseudobdellovibrio_exovorus_JSS"
"5b02033e577ca6f6a82c8ffc15ed6e11","Unassigned","Unassigned","Unassigned","Unassigned","Unassigned","Unassigned","Unassigned"
"91b96087efb88e89c3dac8e8a4b61253","Unassigned","Unassigned","Unassigned","Unassigned","Unassigned","Unassigned","Unassigned"
"aa150d32dd6611d46c314d69050cacb7","Unassigned","Unassigned","Unassigned","Unassigned","Unassigned","Unassigned","Unassigned"
"2e26652b4c3973745d4fa0841c2ca4a9","Bacteria","Pseudomonadota","Alphaproteobacteria","Hyphomicrobiales","Kaistiaceae","Amorphus","Amorphus_orientalis_strain_YIM_D10"
"b35946c80a62265d100bc98a01bb25f9","Bacteria","Pseudomonadota","Gammaproteobacteria","Oceanospirillales","Alcanivoracaceae","Alcanivorax","Alcanivorax_sediminis_strain_PA15-N-34"
"d7ec45e57e741ff7962d8d50c1bb71d6","Unassigned","Unassigned","Unassigned","Unassigned","Unassigned","Unassigned","Unassigned"
"1fe70855fa0c5902e5a716b3d8fd5016","Bacteria","Actinomycetota","Actinomycetes","Micrococcales","Microbacteriaceae","Aurantimicrobium","Aurantimicrobium_photophilum_strain_MWH-Mo1"
"f2de755836d7816cbe42885ae292cca7","Unassigned","Unassigned","Unassigned","Unassigned","Unassigned","Unassigned","Unassigned"
"c11211bd28f4ac6f009e8ca799031ccb","Unassigned","Unassigned","Unassigned","Unassigned","Unassigned","Unassigned","Unassigned"
"e0bfdb8c4df646e6afe94a50301a8c81","Bacteria","Verrucomicrobiota","Spartobacteria","Chthoniobacterales","Chthoniobacteraceae","Chthoniobacter","Chthoniobacter_flavus_Ellin428"
"2f783d838a796c8b790adfd7e169a091","Unassigned","Unassigned","Unassigned","Unassigned","Unassigned","Unassigned","Unassigned"
"d301c11dfab73ab3b6680b7b1b1b7d84","Bacteria","Bacteroidota","Chitinophagia","Chitinophagales","Chitinophagaceae","Ferruginibacter","Ferruginibacter_profundus_strain_DS48-5-3"
"7fdae1d2f4c9ebba2be7c4cf526b4121","Unassigned","Unassigned","Unassigned","Unassigned","Unassigned","Unassigned","Unassigned"
"7849d67f1f565a96e1ea8de054c94cc2","Unassigned","Unassigned","Unassigned","Unassigned","Unassigned","Unassigned","Unassigned"
"da04030e0e82b4cfa1965c60d7ff8cba","Bacteria","Planctomycetota","Planctomycetia","Gemmatales","Gemmataceae","Fimbriiglobus","Fimbriiglobus_ruber_strain_SP5"
"1a0000be5eb37cbbea2ca967d5a7474e","Unassigned","Unassigned","Unassigned","Unassigned","Unassigned","Unassigned","Unassigned"
"4d2c38e6dad2eea9d83cf9afae9d7e23","Bacteria","Pseudomonadota","Alphaproteobacteria","Sphingomonadales","Sphingomonadaceae","Sphingobium","Sphingobium_endophyticum_strain_GZGR-4"
"b00b46b61e3ce53d333fdd87555a7edb","Bacteria","Pseudomonadota","Gammaproteobacteria","Legionellales","Legionellaceae","Legionella","Legionella_dresdenensis_strain_W03-356"
"83d3f3d6722e068a18c83b3696efabcd","Unassigned","Unassigned","Unassigned","Unassigned","Unassigned","Unassigned","Unassigned"
"51d368fcd1f2a5b442b44fd1ea7247e9","Bacteria","Bacteroidota","Chitinophagia","Chitinophagales","Chitinophagaceae","Ferruginibacter","Ferruginibacter_lapsinanis_strain_HU1-HG42"
"815a7cb25aedaf411b13d046f9b542de","Bacteria","Planctomycetota","Planctomycetia","Planctomycetales","Planctomycetaceae","Symmachiella","Symmachiella_macrocystis_strain_CA54"
"aa9ddf80a9c84c3d8c11045736e53b2f","Unassigned","Unassigned","Unassigned","Unassigned","Unassigned","Unassigned","Unassigned"
"3d2400b3c1df2808fb065aacf434b885","Unassigned","Unassigned","Unassigned","Unassigned","Unassigned","Unassigned","Unassigned"
"51cd4497afbb426a5b9e2705cd4ad28e","Bacteria","Pseudomonadota","Alphaproteobacteria","Caulobacterales","Caulobacteraceae","Brevundimonas","Brevundimonas_aveniformis_strain_EMB102"
"281741cd5760c70093aa1bb5fc0723ee","Bacteria","Bdellovibrionota","Bdellovibrionia","Bdellovibrionales","Pseudobdellovibrionaceae","Pseudobdellovibrio","Pseudobdellovibrio_exovorus_JSS"
"694ac1271936f607861bfde5a8103d94","Unassigned","Unassigned","Unassigned","Unassigned","Unassigned","Unassigned","Unassigned"
"ef5250605dbc7129698cf2fb25bf2a5c","Bacteria","Bacteroidota","Chitinophagia","Chitinophagales","Chitinophagaceae","Ferruginibacter","Ferruginibacter_yonginensis_strain_HME8442"
"9ba2f0b179dce2fce048aca0a74f113e","Bacteria","Bacillota","Bacilli","Bacillales","Bacillaceae","Niallia","Niallia_circulans_subsp._circulans_strain_ATCC_4513"
"9fbe4a67fcf71e35885c50b08f2a6551","Bacteria","Pseudomonadota","Gammaproteobacteria","Cellvibrionales","Halieaceae","Marimicrobium","Candidatus_Marimicrobium_litorale"
"cb2364c24aec33049f0a4e119eb807db","Bacteria","Pseudomonadota","Alphaproteobacteria","Hyphomicrobiales","Phyllobacteriaceae","Phyllobacterium","Phyllobacterium_leguminum_strain_ORS_1419"
"1b587219a35219670bc2a0e1a6a02fe8","Unassigned","Unassigned","Unassigned","Unassigned","Unassigned","Unassigned","Unassigned"
"dbca76ef3bb681cc19a4466511be5440","Bacteria","Pseudomonadota","Alphaproteobacteria","Hyphomonadales","Hyphomonadaceae","Vitreimonas","Vitreimonas_flagellata_strain_SYSU_XM001"
"27446a163d8b5b279a9f5fc5e6d9e23c","Bacteria","Verrucomicrobiota","Opitutae","Opitutales","Opitutaceae","Nibricoccus","Nibricoccus_aquaticus"
"fcae0c984b1221ca6ac71c32a4b18bda","Bacteria","Planctomycetota","Planctomycetia","Planctomycetales","Planctomycetaceae","Symmachiella","Symmachiella_macrocystis_strain_CA54"
"c3b37982ea7585174f29ccff1ae32bb5","Bacteria","Pseudomonadota","Betaproteobacteria","Burkholderiales","Comamonadaceae","Ramlibacter","Ramlibacter_ginsenosidimutans_strain_BXN5-27"
"fb87459288d5ee2923b28c1382dcbf36","Bacteria","Planctomycetota","Planctomycetia","Planctomycetales","Planctomycetaceae","Caulifigura","Caulifigura_coniformis_strain_Pan44"
"6befe9f6064c5bdeab51bbdeb467c794","Bacteria","Pseudomonadota","Alphaproteobacteria","Holosporales","Candidatus_Paracaedibacteraceae","Paracaedibacter","Candidatus_Paracaedibacter_acanthamoebae"
"8f31fe002607eb25b1bbc567da70d5a7","Bacteria","Pseudomonadota","Alphaproteobacteria","Rhodospirillales","Acetobacteraceae","Rhodovastum","Rhodovastum_atsumiense_strain_G2-11"
"d821878790ae880323b261db038b83aa","Unassigned","Unassigned","Unassigned","Unassigned","Unassigned","Unassigned","Unassigned"
"5dfdfca02d44c50fb1c6f6cdf3d2647d","Bacteria","Planctomycetota","Planctomycetia","Gemmatales","Gemmataceae","Fimbriiglobus","Fimbriiglobus_ruber_strain_SP5"
"937b5bb8b2bddc9e57f04bd04fe8a34f","Bacteria","Pseudomonadota","Gammaproteobacteria","Lysobacterales","Lysobacteraceae","Arenimonas","Arenimonas_subflava_strain_PYM3-14"
"06da7b6b8f231f2a25c9b8870ecfcd0a","Unassigned","Unassigned","Unassigned","Unassigned","Unassigned","Unassigned","Unassigned"
"76cd1ff59f1d001084158d45c3441978","Unassigned","Unassigned","Unassigned","Unassigned","Unassigned","Unassigned","Unassigned"
"6ad1572371ac884b7ff83dbe6af7032e","Bacteria","Planctomycetota","Planctomycetia","Gemmatales","Gemmataceae","Urbifossiella","Urbifossiella_limnaea_strain_ETA_A1"
"eb35757a45ad289b0947c58d68daa6d2","Bacteria","Planctomycetota","Planctomycetia","Gemmatales","Gemmataceae","Fimbriiglobus","Fimbriiglobus_ruber_strain_SP5"
"4a59c3d0583daca06daf5c7af4b527f3","Bacteria","Pseudomonadota","Alphaproteobacteria","Rhodobacterales","Paracoccaceae","Pseudotabrizicola","Pseudotabrizicola_formosa"
"474f8493763b4e6c49e9ebaeda1a7d4b","Unassigned","Unassigned","Unassigned","Unassigned","Unassigned","Unassigned","Unassigned"
"d5ec60a231ec3d744c399d20d75fea0d","Unassigned","Unassigned","Unassigned","Unassigned","Unassigned","Unassigned","Unassigned"
"2cb5f882af527ae12a8fe8a654ff2386","Unassigned","Unassigned","Unassigned","Unassigned","Unassigned","Unassigned","Unassigned"
"9dc0943f3acc43d2ed226bebacbec9ab","Unassigned","Unassigned","Unassigned","Unassigned","Unassigned","Unassigned","Unassigned"
"ed8bcf591b4806c1e435202afbdf043d","Unassigned","Unassigned","Unassigned","Unassigned","Unassigned","Unassigned","Unassigned"
"1ed5f3dfe4dd918ef7bbd4c5fcaee016","Unassigned","Unassigned","Unassigned","Unassigned","Unassigned","Unassigned","Unassigned"
"4595735b867cc24acd8628056cb826a5","Bacteria","Planctomycetota","Planctomycetia","Pirellulales","Pirellulaceae","Roseimaritima","Roseimaritima_sediminicola_strain_JC651"
"15739d743f456622aa4de70419c6d913","Bacteria","Pseudomonadota","Betaproteobacteria","Burkholderiales","Comamonadaceae","Acidovorax","Acidovorax_radicis_N35"
"aaf1d1f772061038aab4f33d6abdb0f0","Unassigned","Unassigned","Unassigned","Unassigned","Unassigned","Unassigned","Unassigned"
"06df2f1cde7078c7b5f79f8b6af2dc50","Unassigned","Unassigned","Unassigned","Unassigned","Unassigned","Unassigned","Unassigned"
"f7ed768dadf1275b66afbba19eba6f9d","Bacteria","Bacteroidota","Chitinophagia","Chitinophagales","Chitinophagaceae","Chitinophaga","Chitinophaga_soli_strain_Gsoil_219"
"6147dab582a51570891efcbdcaf05696","Bacteria","Pseudomonadota","Gammaproteobacteria","Chromatiales","Thioprofundaceae","Thioprofundum","Thioprofundum_lithotrophicum_strain_106"
"84d2868e56d2a17d7c3b48b57c644aa0","Bacteria","Bacillota","Bacilli","Bacillales","Paenibacillaceae","Paenibacillus","Paenibacillus_albicereus_strain_UniB2"
"98108cad9dd93c128a3b84d59a5090e0","Unassigned","Unassigned","Unassigned","Unassigned","Unassigned","Unassigned","Unassigned"
"fe5a9d132a1f898a28b69560cf20fb72","Bacteria","Myxococcota","","Haliangiales","Kofleriaceae","Kofleria","Kofleria_flava_strain_Pl_vt1"
"56bb8d9361ac28a59d726c3a3abfcb31","Bacteria","Planctomycetota","Planctomycetia","Planctomycetales","Planctomycetaceae","Schlesneria","Schlesneria_paludicola_strain_MPL7"
"3d8e78381d722ef2bb703b248237e0ff","Unassigned","Unassigned","Unassigned","Unassigned","Unassigned","Unassigned","Unassigned"
"911df09f79685ea26049d097d25aa66a","Unassigned","Unassigned","Unassigned","Unassigned","Unassigned","Unassigned","Unassigned"
"90a5e50e473ce12342848a4fab5ecece","Unassigned","Unassigned","Unassigned","Unassigned","Unassigned","Unassigned","Unassigned"
"fb11be2ab83ab76ec91ca069277d84c5","Unassigned","Unassigned","Unassigned","Unassigned","Unassigned","Unassigned","Unassigned"
"21705d513d874968e21a870265e79296","Unassigned","Unassigned","Unassigned","Unassigned","Unassigned","Unassigned","Unassigned"
"2bcc913078ce20f25cf9375c73797b19","Unassigned","Unassigned","Unassigned","Unassigned","Unassigned","Unassigned","Unassigned"
"7906b14b3385267e6569b768652747ff","Unassigned","Unassigned","Unassigned","Unassigned","Unassigned","Unassigned","Unassigned"
"fd54f48e54380ab3af07901421447fd7","Bacteria","Bacteroidota","Flavobacteriia","Flavobacteriales","Owenweeksiaceae","Owenweeksia","Owenweeksia_hongkongensis_strain_DSM_17368"
"aa08445da7ce2882a2554df1680ead24","Bacteria","Planctomycetota","Phycisphaerae","Tepidisphaerales","Tepidisphaeraceae","Tepidisphaera","Tepidisphaera_mucosa_strain_2842"
"65b9880901d781e48fc2ce374081ed3b","Unassigned","Unassigned","Unassigned","Unassigned","Unassigned","Unassigned","Unassigned"
"e73cf24037062f2072650b4ce9a784d3","Unassigned","Unassigned","Unassigned","Unassigned","Unassigned","Unassigned","Unassigned"
"68d74392443c12575d521b44bf7099cd","Unassigned","Unassigned","Unassigned","Unassigned","Unassigned","Unassigned","Unassigned"
"68d4d3a5847004a8b383ae04cfa3b3c0","Unassigned","Unassigned","Unassigned","Unassigned","Unassigned","Unassigned","Unassigned"
"dc5922f5ed099f1629639d9dbf80b9ac","Bacteria","Pseudomonadota","Gammaproteobacteria","Chromatiales","Thioprofundaceae","Thioprofundum","Thioprofundum_lithotrophicum_strain_106"
"0ea15406684c98b967b10835cc703ace","Unassigned","Unassigned","Unassigned","Unassigned","Unassigned","Unassigned","Unassigned"
"7e439fdae2a4d00285f61ede6f00992b","Bacteria","Planctomycetota","Planctomycetia","Gemmatales","Gemmataceae","Fimbriiglobus","Fimbriiglobus_ruber_strain_SP5"
"681fc04d143cff4341d08fca372582de","Unassigned","Unassigned","Unassigned","Unassigned","Unassigned","Unassigned","Unassigned"
"9b03f4c5bca1a21b0b5bda411c7dbf3f","Unassigned","Unassigned","Unassigned","Unassigned","Unassigned","Unassigned","Unassigned"
"0fe32e4abead469437c7535e683404ef","Bacteria","Planctomycetota","Planctomycetia","Planctomycetales","Planctomycetaceae","Symmachiella","Symmachiella_macrocystis_strain_CA54"
"3b9cb7e14db28c766369fce80d7c7b6f","Unassigned","Unassigned","Unassigned","Unassigned","Unassigned","Unassigned","Unassigned"
"a05d9e339e27188c36b8a74aeee140c0","Bacteria","Gemmatimonadota","Gemmatimonadia","Gemmatimonadales","Gemmatimonadaceae","Gemmatimonas","Gemmatimonas_aurantiaca_T-27"
"665e6f9fb734fef06828b9f6b6dffdf3","Unassigned","Unassigned","Unassigned","Unassigned","Unassigned","Unassigned","Unassigned"
"daad500d5a9604bcdaf6f030d7f996ff","Bacteria","Bacteroidota","Chitinophagia","Chitinophagales","Chitinophagaceae","Ferruginibacter","Ferruginibacter_alkalilentus_strain_HU1-GD23"
"aeb0ebef74eb59fe2acc9f46aa979d58","Bacteria","Bacteroidota","Flavobacteriia","Flavobacteriales","Flavobacteriaceae","Flavobacterium","Flavobacterium_soyangense_strain_IMCC26223"
"fe592f3b61d0383e7024807c0bf6083b","Bacteria","Pseudomonadota","Betaproteobacteria","Burkholderiales","Comamonadaceae","Rhodoferax","Rhodoferax_bucti"
"b95be7534f8c4771ae70f421c6e504eb","Unassigned","Unassigned","Unassigned","Unassigned","Unassigned","Unassigned","Unassigned"
"3262814726af888e70bad3ac3ddf055b","Unassigned","Unassigned","Unassigned","Unassigned","Unassigned","Unassigned","Unassigned"
"a6389f297d15fa6ea5c42056fe598c1c","Bacteria","Verrucomicrobiota","Spartobacteria","Chthoniobacterales","Chthoniobacteraceae","Chthoniobacter","Chthoniobacter_flavus_Ellin428"
"c6f2a27c82b36b398fe578b676451f92","Bacteria","Pseudomonadota","Betaproteobacteria","Burkholderiales","Oxalobacteraceae","Undibacterium","Sapientia_aquatica_strain_SA-152"
"30b22dc61a50c3fb289587af6a574f2c","Unassigned","Unassigned","Unassigned","Unassigned","Unassigned","Unassigned","Unassigned"
"1aadb94947bed5b7c7ceafc761769545","Bacteria","Pseudomonadota","Alphaproteobacteria","Hyphomicrobiales","Aestuariivirgaceae","Aestuariivirga","Aestuariivirga_litoralis_strain_SYSU_M10001"
"917e2c40c59fdcae6555b25ad4acc23d","Bacteria","Bacteroidota","Sphingobacteriia","Sphingobacteriales","Aurantibacillaceae","Aurantibacillus","Aurantibacillus_circumpalustris_strain_Swamp196"
"59a0c0642adaf1afa057b5b179a242b9","Bacteria","Planctomycetota","Planctomycetia","Planctomycetales","Planctomycetaceae","Symmachiella","Symmachiella_macrocystis_strain_CA54"
"81e05141d2145eb37eff2f955cacc764","Bacteria","Gemmatimonadota","Gemmatimonadia","Gemmatimonadales","Gemmatimonadaceae","Gemmatimonas","Gemmatimonas_aurantiaca_T-27"
"90608a90c76ea01e6a963637ef9b4ac4","Bacteria","Pseudomonadota","Betaproteobacteria","Nitrosomonadales","Nitrosomonadaceae","Nitrosospira","Nitrosospira_multiformis_strain_ATCC_25196"
"8c41cd6fcd9c7c8bee9e4be6878e96b6","Unassigned","Unassigned","Unassigned","Unassigned","Unassigned","Unassigned","Unassigned"
"9bf0d7e137e5e4b67e3265d1b89135e1","Bacteria","Verrucomicrobiota","Verrucomicrobiia","Verrucomicrobiales","Verrucomicrobiaceae","Prosthecobacter","Prosthecobacter_fusiformis_strain_FC4"
"e13cc5b6fc81a5f65b2f47a6466a49fe","Bacteria","Planctomycetota","Planctomycetia","Gemmatales","Gemmataceae","Fimbriiglobus","Fimbriiglobus_ruber_strain_SP5"
"a8f4c4e27b0a693ed7a02a790bc8fd74","Unassigned","Unassigned","Unassigned","Unassigned","Unassigned","Unassigned","Unassigned"
"9572b6df66ecf26cc0904528d426f9f2","Bacteria","Verrucomicrobiota","Opitutia","Opitutales","Opitutaceae","Lacunisphaera","Lacunisphaera_limnophila_strain_IG16b"
"4577d5201e651abf3f866af6a2dff8a0","Unassigned","Unassigned","Unassigned","Unassigned","Unassigned","Unassigned","Unassigned"
"88eb967aba0005c61695acd3e9588e6c","Unassigned","Unassigned","Unassigned","Unassigned","Unassigned","Unassigned","Unassigned"
"14f337005327d45b80cdf43586b143cd","Unassigned","Unassigned","Unassigned","Unassigned","Unassigned","Unassigned","Unassigned"
"d346a44ccf49bc9ffeaf54d251b7e94b","Unassigned","Unassigned","Unassigned","Unassigned","Unassigned","Unassigned","Unassigned"
"db851932e2698bccc9a93e2dfbc792c7","Unassigned","Unassigned","Unassigned","Unassigned","Unassigned","Unassigned","Unassigned"
"e6af7cd90120f0a4515c795379dca642","Unassigned","Unassigned","Unassigned","Unassigned","Unassigned","Unassigned","Unassigned"
"2fe3b1ef921f1681c3397ceb1566932f","Bacteria","Pseudomonadota","Alphaproteobacteria","Rhodobacterales","Roseobacteraceae","Salipiger","Salipiger_pentaromativorans"
"922334a16b9337522578456323c6d5b9","Unassigned","Unassigned","Unassigned","Unassigned","Unassigned","Unassigned","Unassigned"
"4b90c098258374b9335719c9ffb39ac1","Bacteria","Bacteroidota","Chitinophagia","Chitinophagales","Chitinophagaceae","Niastella","Niastella_soli_strain_MAH-29"
"a56f45ef7eeabe2b0018dcb96f9f3509","Unassigned","Unassigned","Unassigned","Unassigned","Unassigned","Unassigned","Unassigned"
"52acb0c2dc9f82b44ce4e36ef770d31e","Unassigned","Unassigned","Unassigned","Unassigned","Unassigned","Unassigned","Unassigned"
"8e4513fb08d8b4e3b5d49e0fcced6b5f","Bacteria","Pseudomonadota","Betaproteobacteria","Burkholderiales","Burkholderiaceae","Robbsia","Robbsia_betulipollinis"
"9f8b3ba5140cb781ed7c0bf489c89238","Unassigned","Unassigned","Unassigned","Unassigned","Unassigned","Unassigned","Unassigned"
"ed256ce844a5eb9a065772e84bffbafe","Unassigned","Unassigned","Unassigned","Unassigned","Unassigned","Unassigned","Unassigned"
"fd529e197c4c61e8268e33b9d4728deb","Unassigned","Unassigned","Unassigned","Unassigned","Unassigned","Unassigned","Unassigned"
"b8cf9c4ce80d641ffcb371b64fb5c613","Bacteria","Pseudomonadota","Betaproteobacteria","Burkholderiales","Comamonadaceae","Rhodoferax","Rhodoferax_lacus_strain_IMCC26218"
"e1859b9291a9f3e17494e32f81312365","Unassigned","Unassigned","Unassigned","Unassigned","Unassigned","Unassigned","Unassigned"
"fecf088fa13c4f4903f74dd65e41a6e6","Unassigned","Unassigned","Unassigned","Unassigned","Unassigned","Unassigned","Unassigned"
"e885b507739e4056f167366df9fc3836","Unassigned","Unassigned","Unassigned","Unassigned","Unassigned","Unassigned","Unassigned"
"05fb88d6c697f7523be2db30e8664929","Unassigned","Unassigned","Unassigned","Unassigned","Unassigned","Unassigned","Unassigned"
"60f29b7daec403b8fb6d5f5f96032a4a","Unassigned","Unassigned","Unassigned","Unassigned","Unassigned","Unassigned","Unassigned"
"9959def4adccfacbcbd8267aaa35b761","Bacteria","Myxococcota","","Polyangiales","Polyangiaceae","Chondromyces","Chondromyces_pediculatus_strain_Cm_p51"
"25cc79e49469790e2a11e77f9a8aebd8","Bacteria","Pseudomonadota","Betaproteobacteria","Nitrosomonadales","Usitatibacteraceae","Usitatibacter","Usitatibacter_palustris_strain_Swamp67"
"98aa2ece2a360ab6998656befe741344","Unassigned","Unassigned","Unassigned","Unassigned","Unassigned","Unassigned","Unassigned"
"2deddf01e419d2069bfa2263e5a36460","Bacteria","Planctomycetota","Planctomycetia","Planctomycetales","Planctomycetaceae","Fuerstiella","Fuerstiella_marisgermanici_strain_NH11"
"10a5b4dbf87481bb8784ed72d798ba11","Bacteria","Planctomycetota","Planctomycetia","Gemmatales","Gemmataceae","Gemmata","Gemmata_palustris_strain_G18"
"050abed2a4111bacd4e715740234b02b","Unassigned","Unassigned","Unassigned","Unassigned","Unassigned","Unassigned","Unassigned"
"1502990a0d0c67602dc6d7a93554021e","Bacteria","Bacteroidota","Chitinophagia","Chitinophagales","Chitinophagaceae","Flavipsychrobacter","Flavipsychrobacter_stenotrophus_strain_RB1R16"
"fb870fe8ba9c3ca50919d37f79f760a4","Unassigned","Unassigned","Unassigned","Unassigned","Unassigned","Unassigned","Unassigned"
"2adc6dea75e59ee94b57b6b7d6775611","Unassigned","Unassigned","Unassigned","Unassigned","Unassigned","Unassigned","Unassigned"
"88e02f838b9aec9d35bb88de62e0797d","Unassigned","Unassigned","Unassigned","Unassigned","Unassigned","Unassigned","Unassigned"
"d6ffaadba7a51f5971c800d0d8863f3f","Bacteria","Pseudomonadota","Betaproteobacteria","Burkholderiales","Comamonadaceae","Acidovorax","Acidovorax_soli_strain_BL21"
"22417143c6ffe9082f31d1efa4319ca9","Unassigned","Unassigned","Unassigned","Unassigned","Unassigned","Unassigned","Unassigned"
"58a2110dda25cfb393e4bf6c3cf77eaa","Bacteria","Bacteroidota","Cytophagia","Cytophagales","Fulvivirgaceae","Chryseolinea","Chryseolinea_serpens_strain_RYG"
"30e802fd6ba6d02e77f7f117eb62c15b","Bacteria","Bacteroidota","Chitinophagia","Chitinophagales","Chitinophagaceae","Sediminibacterium","Sediminibacterium_roseum_strain_SYL130"
"0e0ccdd6ab3730adece0fa7feb0bff18","Bacteria","Bacteroidota","Chitinophagia","Chitinophagales","Chitinophagaceae","Ferruginibacter","Ferruginibacter_lapsinanis_strain_HU1-HG42"
"4428873db11d72f6d38d7641b2e3266c","Unassigned","Unassigned","Unassigned","Unassigned","Unassigned","Unassigned","Unassigned"
"83cd3f868ccbaeeb0af1d97db7eed08f","Unassigned","Unassigned","Unassigned","Unassigned","Unassigned","Unassigned","Unassigned"
"708c7564956962d8064aacaa4860f754","Bacteria","Acidobacteriota","Vicinamibacteria","Vicinamibacterales","Vicinamibacteraceae","Luteitalea","Luteitalea_pratensis_strain_HEG_-6_39"
"fc6cd77adb0dab916115ddc6fa419c00","Bacteria","Pseudomonadota","Alphaproteobacteria","Hyphomicrobiales","Methylobacteriaceae","Methylobacterium","Methylobacterium_bullatum_strain_F3.2"
"528e4acb69266753fb6803a41b3a790e","Bacteria","Pseudomonadota","Gammaproteobacteria","Pseudomonadales","Pseudomonadaceae","Pseudomonas","Pseudomonas_mucoides_strain_P154a"
"c1788df7cb2de208fe9e8cc5af534d02","Bacteria","Pseudomonadota","Gammaproteobacteria","Legionellales","Legionellaceae","Legionella","Legionella_dresdenensis_strain_W03-356"
"aa05b07067bf91a97530fee98a7e952a","Bacteria","Pseudomonadota","Betaproteobacteria","Rhodocyclales","Rhodocyclaceae","Aromatoleum","Aromatoleum_diolicum_strain_personal::22Lin"
"173337d78b8a08069b327cff1bccbb68","Unassigned","Unassigned","Unassigned","Unassigned","Unassigned","Unassigned","Unassigned"
"e9eb29cdfcb6abdeae11acd3acc725bd","Bacteria","Planctomycetota","Planctomycetia","Gemmatales","Gemmataceae","Fimbriiglobus","Fimbriiglobus_ruber_strain_SP5"
"7f8323037b07d73cfa101289cd4f3893","Bacteria","","Candidatus_Babeliae","Candidatus_Babeliales","Candidatus_Babeliaceae","Babela","Candidatus_Babela_massiliensis"
"9733db329f3d82e034e421cf6a63c778","Unassigned","Unassigned","Unassigned","Unassigned","Unassigned","Unassigned","Unassigned"
"f5def9460b7239c91b863f48608b3559","Bacteria","Cyanobacteriota","Cyanophyceae","Pseudanabaenales","Pseudanabaenaceae","Tumidithrix","Tumidithrix_elongata_strain_BACA0141"
"1b66eb34ac33d4563b5c1f132c68024f","Unassigned","Unassigned","Unassigned","Unassigned","Unassigned","Unassigned","Unassigned"
"cc1ae6c123eb2d3c7399b48d49a1c090","Unassigned","Unassigned","Unassigned","Unassigned","Unassigned","Unassigned","Unassigned"
"67079daeaed3882ed598fd8102c1af7b","Bacteria","Actinomycetota","Acidimicrobiia","Acidimicrobiales","Acidimicrobiaceae","Aciditerrimonas","Aciditerrimonas_ferrireducens_JCM_15389_strain_IC-180"
"a657fe193ca041db9ce2be623d6a478b","Unassigned","Unassigned","Unassigned","Unassigned","Unassigned","Unassigned","Unassigned"
"9761db8f4b4a5f35ebbe9898b2075f7c","Unassigned","Unassigned","Unassigned","Unassigned","Unassigned","Unassigned","Unassigned"
"437d720ca323c5d1f405a2269163bea5","Unassigned","Unassigned","Unassigned","Unassigned","Unassigned","Unassigned","Unassigned"
"eecd09d4dbe631a6026ccaf0e92f5fe6","Bacteria","Pseudomonadota","Betaproteobacteria","Rhodocyclales","Rhodocyclaceae","Aromatoleum","Aromatoleum_toluolicum_strain_personal::T"
"15b22cbb0810ed91449698514dbee3c8","Bacteria","Myxococcota","","Polyangiales","Polyangiaceae","Minicystis","Minicystis_rosea_strain_SBNa008"
"110d8702f7ca249c74f9ea45d7a0eb0b","Unassigned","Unassigned","Unassigned","Unassigned","Unassigned","Unassigned","Unassigned"
"3c9b4cbb5f958c49e281752282e1d90f","Bacteria","Planctomycetota","Planctomycetia","Gemmatales","Gemmataceae","Zavarzinella","Zavarzinella_formosa_strain_A10"
"5ac8ea3697939bc85db9198bcc05643c","Bacteria","Planctomycetota","Planctomycetia","Pirellulales","Pirellulaceae","Anatilimnocola","Anatilimnocola_aggregata_strain_ETA_A8"
"df3d0ba508e2e80414da971e257eca04","Unassigned","Unassigned","Unassigned","Unassigned","Unassigned","Unassigned","Unassigned"
"d696089f246baa9be0879849c47cde63","Bacteria","Pseudomonadota","Gammaproteobacteria","Legionellales","Legionellaceae","Legionella","Legionella_birminghamensis_strain_NCTC_12437"
"4f9d600f8c8b92b70a8b50c5d46d856e","Unassigned","Unassigned","Unassigned","Unassigned","Unassigned","Unassigned","Unassigned"
"1d8606ba51c626ac37f518f5119fe78b","Bacteria","Acidobacteriota","Vicinamibacteria","Vicinamibacterales","Vicinamibacteraceae","Luteitalea","Luteitalea_pratensis_strain_HEG_-6_39"
"c98ec8917506797cf3fcca10645cd8c6","Bacteria","Pseudomonadota","Betaproteobacteria","Nitrosomonadales","Usitatibacteraceae","Usitatibacter","Usitatibacter_rugosus_strain_0125_3"
"9d3a8fb682d286a7807004fb41210da3","Bacteria","Myxococcota","","Polyangiales","Polyangiaceae","Phaselicystis","Phaselicystis_flava_strain_SBKo001"
"1a7c5d76fa6b097a0b523ab656eb4167","Unassigned","Unassigned","Unassigned","Unassigned","Unassigned","Unassigned","Unassigned"
"c1b65a5e7b9839286c7aff5acdc0a763","Unassigned","Unassigned","Unassigned","Unassigned","Unassigned","Unassigned","Unassigned"
"1725a65d05ad2b6a0f9380843cb25664","Unassigned","Unassigned","Unassigned","Unassigned","Unassigned","Unassigned","Unassigned"
"8991e707f2187f3d40d471fedfabeeff","Unassigned","Unassigned","Unassigned","Unassigned","Unassigned","Unassigned","Unassigned"
"7857fd5310ffd71c23c9cca9b5e77193","Unassigned","Unassigned","Unassigned","Unassigned","Unassigned","Unassigned","Unassigned"
"1a24449802b692be34732906449a9725","Bacteria","Planctomycetota","Planctomycetia","Gemmatales","Gemmataceae","Fimbriiglobus","Fimbriiglobus_ruber_strain_SP5"
"525f3670a527ee043234aa0bbf371f0a","Bacteria","Bacteroidota","Flavobacteriia","Flavobacteriales","Flavobacteriaceae","Flavobacterium","Flavobacterium_soyangense_strain_IMCC26223"
"00e1b2de338f6614fdf358fe102494c4","Bacteria","Pseudomonadota","Alphaproteobacteria","Caulobacterales","Caulobacteraceae","Brevundimonas","Brevundimonas_mongoliensis_strain_R-10-10"
"6801e9bb0573736823321595a637df2e","Bacteria","Pseudomonadota","Betaproteobacteria","Burkholderiales","Comamonadaceae","Rhodoferax","Rhodoferax_saidenbachensis_strain_ED16"
"4a1c3bd8f31b56393c73c9a6f6775f34","Unassigned","Unassigned","Unassigned","Unassigned","Unassigned","Unassigned","Unassigned"
"abc3380164a36d6517e63475d635032a","Bacteria","Pseudomonadota","Gammaproteobacteria","Legionellales","Legionellaceae","Legionella","Legionella_saoudiensis_strain_LS-1"
"2775f2ebae67809ced8f432482c7e0a3","Bacteria","Pseudomonadota","Betaproteobacteria","Burkholderiales","Oxalobacteraceae","Noviherbaspirillum","Noviherbaspirillum_arenae_strain_M1"
"95d75d5628a0b5720b41b6227404ee70","Unassigned","Unassigned","Unassigned","Unassigned","Unassigned","Unassigned","Unassigned"
"acf84a3d65f6f5f9b0409b2bcd016362","Unassigned","Unassigned","Unassigned","Unassigned","Unassigned","Unassigned","Unassigned"
"169a3183014ac26f60c2ee438beef239","Bacteria","Pseudomonadota","Gammaproteobacteria","Legionellales","Legionellaceae","Legionella","Legionella_rowbothamii_strain_LLAP6"
"6d273ad328091588f451f6391d375d80","Bacteria","Verrucomicrobiota","Verrucomicrobiia","Verrucomicrobiales","Verrucomicrobiaceae","Prosthecobacter","Prosthecobacter_fluviatilis_strain_HAQ-1"
"acf7988778ce68d50872c848ca18940e","Bacteria","Acidobacteriota","Vicinamibacteria","Vicinamibacterales","Vicinamibacteraceae","Luteitalea","Luteitalea_pratensis_strain_HEG_-6_39"
"ad620a294880011cdb60e7cbde6c4ec8","Unassigned","Unassigned","Unassigned","Unassigned","Unassigned","Unassigned","Unassigned"
"9967659cf224d38dda2dc77a87471a9c","Bacteria","Myxococcota","","Haliangiales","Kofleriaceae","Kofleria","Kofleria_flava_strain_Pl_vt1"
"1ca154445f89ba3832a31c8eb0f09162","Bacteria","Pseudomonadota","Gammaproteobacteria","Legionellales","Coxiellaceae","Berkiella","Candidatus_Berkiella_aquae"
"6628fb537a63f27165a3bd478e04fff7","Unassigned","Unassigned","Unassigned","Unassigned","Unassigned","Unassigned","Unassigned"
"13c21f7fc81d9907b2b8db71de63a126","Bacteria","Planctomycetota","Planctomycetia","Gemmatales","Gemmataceae","Zavarzinella","Zavarzinella_formosa_strain_A10"
"cc84f60dbf495cfbf4d0a308ff4c3a0e","Unassigned","Unassigned","Unassigned","Unassigned","Unassigned","Unassigned","Unassigned"
"9b3df2a9339263827a26f8b04b0a5119","Unassigned","Unassigned","Unassigned","Unassigned","Unassigned","Unassigned","Unassigned"
"a83a1a1a216c93b924254e188510a193","Unassigned","Unassigned","Unassigned","Unassigned","Unassigned","Unassigned","Unassigned"
"78401215c568c93f4378b4e70eb1f351","Bacteria","Pseudomonadota","Gammaproteobacteria","Chromatiales","Chromatiaceae","Thiodictyon","Thiodictyon_elegans_strain_DSM_232"
"cb53954ac8a6500dd735f4764210e3f5","Bacteria","Pseudomonadota","Betaproteobacteria","Burkholderiales","Burkholderiaceae","Paraburkholderia","Paraburkholderia_sprentiae_strain_WSM5005"
"2e174aef2738dcfb32089179daf0fb49","Bacteria","Planctomycetota","Planctomycetia","Gemmatales","Gemmataceae","Urbifossiella","Urbifossiella_limnaea_strain_ETA_A1"
"b36571671a19d81d19ca3dfcd4f42e10","Bacteria","Planctomycetota","Planctomycetia","Gemmatales","Gemmataceae","Urbifossiella","Urbifossiella_limnaea_strain_ETA_A1"
"584883e0dc0178a17419e241fc5284f7","Bacteria","Pseudomonadota","Alphaproteobacteria","Rickettsiales","Candidatus_Midichloriaceae","Jidaibacter","Candidatus_Jidaibacter_acanthamoeba"
"946646c9b5aaf75cad36a0fddeba8a1d","Bacteria","Planctomycetota","Planctomycetia","Gemmatales","Gemmataceae","Urbifossiella","Urbifossiella_limnaea_strain_ETA_A1"
"4b5e0b21e55181e93ba047f4b2566e7a","Bacteria","Acidobacteriota","Terriglobia","Bryobacterales","Bryobacteraceae","Paludibaculum","Paludibaculum_fermentans_strain_P105"
"100194be48dc606124e1d979a93c6265","Bacteria","Pseudomonadota","Gammaproteobacteria","Pseudomonadales","Pseudomonadaceae","Pseudomonas","Pseudomonas_cavernicola"
"aec741c616884069f2376142337c0551","Unassigned","Unassigned","Unassigned","Unassigned","Unassigned","Unassigned","Unassigned"
"0a56a22a56f838b1e8d937a7be8094e5","Bacteria","Verrucomicrobiota","Verrucomicrobiia","Verrucomicrobiales","Verrucomicrobiaceae","Prosthecobacter","Prosthecobacter_fluviatilis_strain_HAQ-1"
"28c6a5cada139b140630b8ba828957af","Unassigned","Unassigned","Unassigned","Unassigned","Unassigned","Unassigned","Unassigned"
"2d2c3375360a11669aec164331ddf64a","Bacteria","Pseudomonadota","Alphaproteobacteria","Rickettsiales","Rickettsiaceae","Rickettsia","Rickettsia_honei_strain_RB"
"a85207a55bd86214702f3a14ce0a41cf","Unassigned","Unassigned","Unassigned","Unassigned","Unassigned","Unassigned","Unassigned"
"dd66e94de92e7805e5003c5a728ed70a","Unassigned","Unassigned","Unassigned","Unassigned","Unassigned","Unassigned","Unassigned"
"4598c7362038c2e4f030b63b5f64ae4d","Unassigned","Unassigned","Unassigned","Unassigned","Unassigned","Unassigned","Unassigned"
"db463f6d286b23d2a997c5dcebe69178","Unassigned","Unassigned","Unassigned","Unassigned","Unassigned","Unassigned","Unassigned"
"47af8cd8adeb0f287b5d4c0562258a84","Bacteria","Pseudomonadota","Gammaproteobacteria","Cellvibrionales","Halieaceae","Marimicrobium","Marimicrobium_arenosum_strain_CAU1038"
"c17e0ae5ef05c48a456cbe113d55d5e7","Bacteria","Bacteroidota","Chitinophagia","Chitinophagales","Chitinophagaceae","Ferruginibacter","Ferruginibacter_profundus_strain_DS48-5-3"
"11db77d4bbe65ab0e830275c3f592915","Unassigned","Unassigned","Unassigned","Unassigned","Unassigned","Unassigned","Unassigned"
"7e88642ed8e546fb9601ad6554a37961","Bacteria","Actinomycetota","Thermoleophilia","Miltoncostaeales","Miltoncostaeaceae","Miltoncostaea","Miltoncostaea_marina_strain_SCSIO_60955"
"21a09d0ddf3f9ee81b2980894c4d8aec","Unassigned","Unassigned","Unassigned","Unassigned","Unassigned","Unassigned","Unassigned"
"2771c36488b803096a2565ffc7d6bc89","Unassigned","Unassigned","Unassigned","Unassigned","Unassigned","Unassigned","Unassigned"
"f22f8bf7b7ec69c7587fe870b26c995e","Unassigned","Unassigned","Unassigned","Unassigned","Unassigned","Unassigned","Unassigned"
"7ddc8ca7ca5ff08d7f0a8df99d1b5a4d","Bacteria","Pseudomonadota","Alphaproteobacteria","Rhodospirillales","Acetobacteraceae","Lichenicoccus","Lichenicoccus_roseus_strain_KEBCLARHB70R"
"d8f1466885ac1a9d398b2c2be86faddc","Unassigned","Unassigned","Unassigned","Unassigned","Unassigned","Unassigned","Unassigned"
"9d98db083ad77e54729f23b67b019444","Unassigned","Unassigned","Unassigned","Unassigned","Unassigned","Unassigned","Unassigned"
"26247d04f0e3689e1b11176c90e8f4f0","Unassigned","Unassigned","Unassigned","Unassigned","Unassigned","Unassigned","Unassigned"
"1c6b1b4a35fb51eb9eb15c13b6e6d3e6","Unassigned","Unassigned","Unassigned","Unassigned","Unassigned","Unassigned","Unassigned"
"d2391824d2fe4d993d12ebc61ca6f144","Bacteria","Planctomycetota","Planctomycetia","Planctomycetales","Planctomycetaceae","Maioricimonas","Maioricimonas_rarisocia_strain_Mal4"
"264f693be739eb16ba5685f267a5b2a3","Unassigned","Unassigned","Unassigned","Unassigned","Unassigned","Unassigned","Unassigned"
"6ac8f6d6e07a200009bd715b0eee4846","Bacteria","Myxococcota","","Polyangiales","Polyangiaceae","Minicystis","Minicystis_rosea_strain_SBNa008"
"baab50186492dcf499c80622d7a24130","Bacteria","Pseudomonadota","Alphaproteobacteria","Rickettsiales","Rickettsiaceae","Orientia","Candidatus_Orientia_mediorientalis"
"d33ef8d5ecf3d825d7c4acf2b24e2571","Bacteria","Pseudomonadota","Betaproteobacteria","Nitrosomonadales","Usitatibacteraceae","Usitatibacter","Usitatibacter_palustris_strain_Swamp67"
"04650e866e7085c99a12af19e5e28fca","Unassigned","Unassigned","Unassigned","Unassigned","Unassigned","Unassigned","Unassigned"
"c650bdf89fa110a4fa87fef967859dfd","Bacteria","Pseudomonadota","Alphaproteobacteria","Hyphomicrobiales","Neomegalonemataceae","Neomegalonema","Neomegalonema_perideroedes_DSM_15528_strain_Gr1"
"fcb5a8cb0515a608272aecf03302c26a","Bacteria","Pseudomonadota","Alphaproteobacteria","Holosporales","Holosporaceae","Candidatus_Bealeia","Candidatus_Bealeia_paramacronuclearis"
"fd6e22ea17593f617855feaf82fca943","Unassigned","Unassigned","Unassigned","Unassigned","Unassigned","Unassigned","Unassigned"
"08888aafa0bacd76cc77c0495b96a720","Bacteria","Planctomycetota","Planctomycetia","Gemmatales","Gemmataceae","Fimbriiglobus","Fimbriiglobus_ruber_strain_SP5"
"280742cdefed6a299b1ef3a5d8db929b","Bacteria","Pseudomonadota","Gammaproteobacteria","Chromatiales","Thioprofundaceae","Thioprofundum","Thioprofundum_lithotrophicum_strain_106"
"39ecd1b83462eb36775e213e7ba27e32","Unassigned","Unassigned","Unassigned","Unassigned","Unassigned","Unassigned","Unassigned"
"3591df52ffe8bd6fb492ab07bf147eb3","Bacteria","Myxococcota","","Polyangiales","Polyangiaceae","Sorangium","Minicystis_rosea_strain_SBNa008"
"b754cca7e22a80894ae655fd61e9f003","Bacteria","Pseudomonadota","Gammaproteobacteria","Pseudomonadales","Pseudomonadaceae","Pseudomonas","Pseudomonas_laurylsulfativorans_strain_AP3_22"
"b2f3506e6150004b4c3e3cf4fe447d60","Unassigned","Unassigned","Unassigned","Unassigned","Unassigned","Unassigned","Unassigned"
"39be780f968be003ef53f45aaf015246","Unassigned","Unassigned","Unassigned","Unassigned","Unassigned","Unassigned","Unassigned"
"11f195c220811bfc5bdce3c91db5dec7","Unassigned","Unassigned","Unassigned","Unassigned","Unassigned","Unassigned","Unassigned"
"64d9f5e0bc305e5b136b46a3bc238809","Bacteria","Bacteroidota","Chitinophagia","Chitinophagales","Chitinophagaceae","Flavipsychrobacter","Flavipsychrobacter_stenotrophus_strain_RB1R16"
"832cbac434c953e766ec6fa3d4c631c8","Bacteria","Pseudomonadota","Alphaproteobacteria","Hyphomicrobiales","Hyphomicrobiaceae","Hyphomicrobium","Hyphomicrobium_zavarzinii_strain_ZV-622"
"659a83e37c2251e522c28670a079fe0d","Unassigned","Unassigned","Unassigned","Unassigned","Unassigned","Unassigned","Unassigned"
"a64923523b1813571687e546c914ea34","Bacteria","Pseudomonadota","Betaproteobacteria","Rhodocyclales","Gallionellaceae","Nitrotoga","Candidatus_Nitrotoga_arctica"
"a8020940bf90f51522b1187c2bfecff3","Unassigned","Unassigned","Unassigned","Unassigned","Unassigned","Unassigned","Unassigned"
"57c200378bede92551131692d177ebc1","Bacteria","Acidobacteriota","Vicinamibacteria","Vicinamibacterales","Vicinamibacteraceae","Luteitalea","Luteitalea_pratensis_strain_HEG_-6_39"
"0c6acc6f55a9c0f702ce9e16403b9e22","Bacteria","Myxococcota","","Polyangiales","Polyangiaceae","Minicystis","Minicystis_rosea_strain_SBNa008"
"786f41db3074ba545531b40c77866a5b","Bacteria","Planctomycetota","Planctomycetia","Planctomycetales","Planctomycetaceae","Planctopirus","Planctopirus_ephydatiae_strain_spb1"
"88891df779578a7dd38b577762628127","Unassigned","Unassigned","Unassigned","Unassigned","Unassigned","Unassigned","Unassigned"
"49831a900511f252086bd66540a50311","Bacteria","Myxococcota","","Polyangiales","Polyangiaceae","Jahnella","Jahnella_thaxteri_strain_Pl_t4"
"86f3f01f15c8a191a9dcaa12ce6c06a1","Unassigned","Unassigned","Unassigned","Unassigned","Unassigned","Unassigned","Unassigned"
"ce294af1c8af8fd8411d0f2ef67a852b","Bacteria","Verrucomicrobiota","Spartobacteria","Chthoniobacterales","Chthoniobacteraceae","Chthoniobacter","Chthoniobacter_flavus_Ellin428"
"11fffe2befea64bddb3c7a9314c24445","Bacteria","Bacteroidota","Cytophagia","Cytophagales","Fulvivirgaceae","Chryseolinea","Chryseolinea_lacunae"
"135aeafd12264f8e94f694148c871309","Unassigned","Unassigned","Unassigned","Unassigned","Unassigned","Unassigned","Unassigned"
"3fb768eeb0759004f966d53912386d4e","Bacteria","Planctomycetota","Planctomycetia","Planctomycetales","Planctomycetaceae","Symmachiella","Symmachiella_macrocystis_strain_CA54"
"4b4b6e3fae0b8e14f9e21f29f67fa251","Bacteria","Bacteroidota","Chitinophagia","Chitinophagales","Chitinophagaceae","Ferruginibacter","Ferruginibacter_profundus_strain_DS48-5-3"
"be96cfb937897eacbe1bce5caced2096","Unassigned","Unassigned","Unassigned","Unassigned","Unassigned","Unassigned","Unassigned"
"7942e4c712a0f6574b94257719f5c9de","Bacteria","Pseudomonadota","Gammaproteobacteria","Chromatiales","Sedimenticolaceae","Candidatus_Thiodiazotropha","Candidatus_Thiodiazotropha_endolucinida"
"db3f21f0ac1df51d1a1cc0f4be010024","Unassigned","Unassigned","Unassigned","Unassigned","Unassigned","Unassigned","Unassigned"
"04f879185baabdfb33a908ed6bdb670c","Unassigned","Unassigned","Unassigned","Unassigned","Unassigned","Unassigned","Unassigned"
"2fbd15a31efef3878d790dc315b94949","Unassigned","Unassigned","Unassigned","Unassigned","Unassigned","Unassigned","Unassigned"
"3bd2e6d22f449e09fef0f21b0e1fbbee","Unassigned","Unassigned","Unassigned","Unassigned","Unassigned","Unassigned","Unassigned"
"eaa37816310c9c506b955a1388271525","Bacteria","Pseudomonadota","Alphaproteobacteria","Rhodospirillales","Dongiaceae","Hypericibacter","Hypericibacter_adhaerens_strain_R5959"
"f994a3899b7f1f4264133ad9fbebb6ec","Bacteria","Bacteroidota","Flavobacteriia","Flavobacteriales","Flavobacteriaceae","Flavobacterium","Flavobacterium_aquatile_strain_LMG_4008"
"c851bb5c6f44539c871ff57d55169382","Unassigned","Unassigned","Unassigned","Unassigned","Unassigned","Unassigned","Unassigned"
"a76595dfb9ee71c46ba432e8e52ca8a3","Unassigned","Unassigned","Unassigned","Unassigned","Unassigned","Unassigned","Unassigned"
"ba1924c90672e836d8a0df7075a1836b","Bacteria","Pseudomonadota","Alphaproteobacteria","Rhodospirillales","Rhodovibrionaceae","Shumkonia","Shumkonia_mesophila_strain_Y-P2"
"3dbe956d2faab93c3cc4837d838f3ad8","Bacteria","Verrucomicrobiota","Spartobacteria","Chthoniobacterales","Chthoniobacteraceae","Chthoniobacter","Chthoniobacter_flavus_Ellin428"
"c1962236a92aa8a0c8393e377ff62868","Bacteria","Pseudomonadota","Alphaproteobacteria","Holosporales","Holosporaceae","Candidatus_Bealeia","Candidatus_Bealeia_paramacronuclearis"
"f2f9cfc676b32aae6b97e230e42d7305","Bacteria","Verrucomicrobiota","Opitutia","Opitutales","Opitutaceae","Horticoccus","Horticoccus_luteus_strain_KSB-15"
"93ec2eda5794f200b3087ae7ed6f4033","Unassigned","Unassigned","Unassigned","Unassigned","Unassigned","Unassigned","Unassigned"
"f1cc3b9abdb876462a386b964536889c","Bacteria","Bacteroidota","Chitinophagia","Chitinophagales","Chitinophagaceae","Rurimicrobium","Rurimicrobium_arvi_strain_J107-1"
"3cf6d444e00b9f993ed8cc238140b9f7","Unassigned","Unassigned","Unassigned","Unassigned","Unassigned","Unassigned","Unassigned"
"2e5a150cfaff061250959319219a826c","Bacteria","Bacteroidota","Chitinophagia","Chitinophagales","Chitinophagaceae","Ferruginibacter","Ferruginibacter_profundus_strain_DS48-5-3"
"1fdf231b9c797d68dfc4b8b6449346a8","Unassigned","Unassigned","Unassigned","Unassigned","Unassigned","Unassigned","Unassigned"
"0f73f85682548a99ad2f21a540336660","Bacteria","Planctomycetota","Planctomycetia","Pirellulales","Pirellulaceae","Blastopirellula","Blastopirellula_retiformator_strain_Enr8"
"e69eb7f3e7c1ea632c09e31367260600","Bacteria","Pseudomonadota","Alphaproteobacteria","Hyphomicrobiales","Methylocystaceae","Bauldia","Bauldia_consociata_strain_11"
"8c33c32f974c8ef42e189d380281063e","Bacteria","Pseudomonadota","Gammaproteobacteria","Cellvibrionales","Halieaceae","Haliea","Haliea_atlantica_strain_SM1351"
"027a981532955ff4a5eecadf83ad46c7","Bacteria","Planctomycetota","Planctomycetia","Gemmatales","Gemmataceae","Urbifossiella","Urbifossiella_limnaea_strain_ETA_A1"
"4835273cf5211df6fff75bb8c87145a1","Unassigned","Unassigned","Unassigned","Unassigned","Unassigned","Unassigned","Unassigned"
"f71f3ebe3960aadd687a87ca6f932a04","Unassigned","Unassigned","Unassigned","Unassigned","Unassigned","Unassigned","Unassigned"
"9f4fb07646ea167c737c66e503899b38","Unassigned","Unassigned","Unassigned","Unassigned","Unassigned","Unassigned","Unassigned"
"db44e7abc19c0cb25b06efc8da13212f","Unassigned","Unassigned","Unassigned","Unassigned","Unassigned","Unassigned","Unassigned"
"837661c07d00d3d2883d6de2de8b4785","Bacteria","Pseudomonadota","Betaproteobacteria","Burkholderiales","Comamonadaceae","Polaromonas","Polaromonas_ginsengisoli_strain_Gsoil_115"
"a52709cc2f27657ad01b1b49e8aacb94","Unassigned","Unassigned","Unassigned","Unassigned","Unassigned","Unassigned","Unassigned"
"7228b9f22e91decc7844739b4b9cafc0","Bacteria","Pseudomonadota","Alphaproteobacteria","Hyphomicrobiales","Hyphomicrobiaceae","Hyphomicrobium","Hyphomicrobium_hollandicum_strain_IFAM_KB-677"
"3616423432eed59c61b16e64401d3255","Bacteria","Armatimonadota","Armatimonadia","Armatimonadales","Armatimonadaceae","Armatimonas","Armatimonas_rosea_strain_YO-36"
"1004461fdaa849d0dee043c4d13f12e7","Bacteria","Pseudomonadota","Alphaproteobacteria","Holosporales","Holosporaceae","Candidatus_Bealeia","Candidatus_Bealeia_paramacronuclearis"
"da3af468b3adf1f217f13d952742c096","Unassigned","Unassigned","Unassigned","Unassigned","Unassigned","Unassigned","Unassigned"
"3222674c189a98345debb3a4790cb733","Bacteria","Pseudomonadota","Betaproteobacteria","Burkholderiales","Sphaerotilaceae","Roseateles","Roseateles_amylovorans"
"84babb396b0832489713c715f63e9485","Unassigned","Unassigned","Unassigned","Unassigned","Unassigned","Unassigned","Unassigned"
"1681c44c45bee280c0a070b912a845f5","Bacteria","Planctomycetota","Planctomycetia","Gemmatales","Gemmataceae","Zavarzinella","Zavarzinella_formosa_strain_A10"
"d0a120a8500d22f95dab0574254acd61","Unassigned","Unassigned","Unassigned","Unassigned","Unassigned","Unassigned","Unassigned"
"e50cf4d094c96ae73468dd3f4f1a1f5f","Bacteria","Actinomycetota","Actinomycetes","Frankiales","Frankiaceae","Protofrankia","Candidatus_Protofrankia_datiscae"
"a37e2b5a4b62a7e0149c9b6a0dd8741d","Unassigned","Unassigned","Unassigned","Unassigned","Unassigned","Unassigned","Unassigned"
"c2acaf048aac00e3180dec003d4a3714","Unassigned","Unassigned","Unassigned","Unassigned","Unassigned","Unassigned","Unassigned"
"06da1382cdf63dd93a902b802eb7ee32","Bacteria","Bacteroidota","Flavobacteriia","Flavobacteriales","Flavobacteriaceae","Flavobacterium","Flavobacterium_stagni_strain_WWJ-16"
"020d2d90f0a2a2bb546fffff33d189e5","Bacteria","Verrucomicrobiota","Verrucomicrobiia","Limisphaerales","Fontisphaeraceae","Fontisphaera","Fontisphaera_persica_strain_B-154"
"a166ab4864e3b9aa20a0bcb80d90e913","Bacteria","Pseudomonadota","Betaproteobacteria","Rhodocyclales","Azonexaceae","Dechloromonas","Dechloromonas_hankyongensis"
"010f4748c8aa02a3c3c00f14723e0458","Unassigned","Unassigned","Unassigned","Unassigned","Unassigned","Unassigned","Unassigned"
"2a5b39eec6d58ab33fb961825c56113d","Bacteria","Pseudomonadota","Gammaproteobacteria","Chromatiales","Chromatiaceae","Thiodictyon","Thiodictyon_elegans_strain_DSM_232"
"5489ec9e418061666ab4ca1a72d0e677","Unassigned","Unassigned","Unassigned","Unassigned","Unassigned","Unassigned","Unassigned"
"3e456d011b3b85aaa3f5f42d25a286b0","Bacteria","Pseudomonadota","Betaproteobacteria","Nitrosomonadales","Methylophilaceae","Methylotenera","Methylotenera_oryzisoli_strain_La3113"
"bc4aa18b588a15185cc875f26987e6e0","Bacteria","Pseudomonadota","Betaproteobacteria","Burkholderiales","Burkholderiaceae","Ralstonia","Ralstonia_soli"
"0f408d2f98e5dd215d0e179ea95fda4a","Bacteria","Pseudomonadota","Alphaproteobacteria","Rickettsiales","Rickettsiaceae","Candidatus_Megaera","Candidatus_Megaera_polyxenophila"
"6e09b7200ee472dca98144a6c616e407","Bacteria","Pseudomonadota","Alphaproteobacteria","Hyphomicrobiales","Methylopilaceae","Methylopila","Methylopila_capsulata_strain_IM1"
"a7ddeb3630d8437333a82e125dcd5638","Unassigned","Unassigned","Unassigned","Unassigned","Unassigned","Unassigned","Unassigned"
"5d4caedab4a5ed2ebc73f515a9e72ef5","Bacteria","Pseudomonadota","Alphaproteobacteria","Hyphomicrobiales","Aestuariivirgaceae","Aestuariivirga","Aestuariivirga_litoralis_strain_SYSU_M10001"
"5526cfa06a7f8aeeddc8c90833437d3b","Unassigned","Unassigned","Unassigned","Unassigned","Unassigned","Unassigned","Unassigned"
"035199c5a8d8ad84a591275daaf36181","Bacteria","Pseudomonadota","Betaproteobacteria","Burkholderiales","Burkholderiaceae","Robbsia","Pseudothauera_nasutitermitis_strain_CC-YHH838"
"c49254eb6276bef0ee0b76c8ecd8bf7f","Unassigned","Unassigned","Unassigned","Unassigned","Unassigned","Unassigned","Unassigned"
"dc1d1c0ff280d087293c17f14a340052","Unassigned","Unassigned","Unassigned","Unassigned","Unassigned","Unassigned","Unassigned"
"f4bcd5e2cabd91f9d5662f5a2d407092","Unassigned","Unassigned","Unassigned","Unassigned","Unassigned","Unassigned","Unassigned"
"5443f258a8ddb5cf2fde1299346682ae","Bacteria","Pseudomonadota","Betaproteobacteria","Burkholderiales","Comamonadaceae","Polaromonas","Polaromonas_eurypsychrophila_strain_B717-2"
"22cfe8d828c218f577677f9059d2cd84","Unassigned","Unassigned","Unassigned","Unassigned","Unassigned","Unassigned","Unassigned"
"be96ccf051601a73e840c40201b756ea","Unassigned","Unassigned","Unassigned","Unassigned","Unassigned","Unassigned","Unassigned"
"62de5d8a8842d27a97bb2edbcf419840","Unassigned","Unassigned","Unassigned","Unassigned","Unassigned","Unassigned","Unassigned"
"05ffd6b1a254646a9fe86ceb9b2b9e26","Unassigned","Unassigned","Unassigned","Unassigned","Unassigned","Unassigned","Unassigned"
"7a18bb12c554a9d2254fa45637784cb6","Unassigned","Unassigned","Unassigned","Unassigned","Unassigned","Unassigned","Unassigned"
"dd9059ffb70b2cbd39f63623c43b25c8","Bacteria","Pseudomonadota","Betaproteobacteria","Burkholderiales","Comamonadaceae","Variovorax","Variovorax_gossypii_strain_JM-310"
"350c29863957389402d642a399db4716","Bacteria","Verrucomicrobiota","Verrucomicrobiia","Verrucomicrobiales","Verrucomicrobiaceae","Luteolibacter","Luteolibacter_ambystomatis_strain_32A"
"81a03b9fda56735489ec47051fcdfebd","Unassigned","Unassigned","Unassigned","Unassigned","Unassigned","Unassigned","Unassigned"
"bcc63df7b4278aa29dc96b49b1e3c5f2","Unassigned","Unassigned","Unassigned","Unassigned","Unassigned","Unassigned","Unassigned"
"c6da544f26860c385137cdf1f992cc89","Bacteria","Planctomycetota","Planctomycetia","Gemmatales","Gemmataceae","Fimbriiglobus","Fimbriiglobus_ruber_strain_SP5"
"0ea14e7ee029626f2830fedb39e09df3","Bacteria","Chlamydiota","Chlamydiia","Parachlamydiales","Parachlamydiaceae","Parachlamydia","Parachlamydia_acanthamoebae_strain_Bn9"
"f6608c7677f19b17634b234aa632953b","Unassigned","Unassigned","Unassigned","Unassigned","Unassigned","Unassigned","Unassigned"
"dbb91a70b754f4df217df0a507318b6a","Bacteria","Bacteroidota","Cytophagia","Cytophagales","Leadbetterellaceae","Emticicia","Emticicia_paludis_strain_HMF3850"
"d28395dcbe7acb0765855a554e29eea7","Unassigned","Unassigned","Unassigned","Unassigned","Unassigned","Unassigned","Unassigned"
"47f5c792ff20d2311a7b5a4ce6869b0b","Bacteria","Pseudomonadota","Gammaproteobacteria","Chromatiales","Thioprofundaceae","Thioprofundum","Thioprofundum_lithotrophicum_strain_106"
"e526b0db75c844b47cf1f144ac7cc673","Unassigned","Unassigned","Unassigned","Unassigned","Unassigned","Unassigned","Unassigned"
"d76e82a41f8c6cd02925a00e4c27e149","Unassigned","Unassigned","Unassigned","Unassigned","Unassigned","Unassigned","Unassigned"
"b9c1e29d191c4089c7c995f1703567bf","Unassigned","Unassigned","Unassigned","Unassigned","Unassigned","Unassigned","Unassigned"
"7ab0faf8a0b198e89acd80b4e23b1714","Bacteria","Pseudomonadota","Betaproteobacteria","Burkholderiales","Oxalobacteraceae","Undibacterium","Undibacterium_piscinae_strain_S11R28"
"84c24e014fa2d58851ae597767bd5872","Bacteria","Bacteroidota","Flavobacteriia","Flavobacteriales","Flavobacteriaceae","Flavobacterium","Flavobacterium_chungnamense_strain_ARSA-103"
"2d9074c843beb81ddbf60386573a28c0","Unassigned","Unassigned","Unassigned","Unassigned","Unassigned","Unassigned","Unassigned"
"9faf57e565d7fe2ca767e7f8f9378756","Bacteria","Pseudomonadota","Gammaproteobacteria","Pseudomonadales","Pseudomonadaceae","Pseudomonas","Pseudomonas_gregormendelii_strain_CCM_8506"
"2cff153a7e77838a21948d9865131a6d","Bacteria","Planctomycetota","Planctomycetia","Gemmatales","Gemmataceae","Fimbriiglobus","Fimbriiglobus_ruber_strain_SP5"
"daa09947fe7cc6336da9ec0e80db35ae","Unassigned","Unassigned","Unassigned","Unassigned","Unassigned","Unassigned","Unassigned"
"077d8206de161f56db6bb6e4b30d266a","Bacteria","Bacteroidota","Chitinophagia","Chitinophagales","Chitinophagaceae","Rurimicrobium","Rurimicrobium_arvi_strain_J107-1"
"23b58ef87925d8c201ee43c94dbeece0","Bacteria","Pseudomonadota","Gammaproteobacteria","Pseudomonadales","Pseudomonadaceae","Pseudomonas","Pseudomonas_kielensis_strain_MBT-1"
"383d30b7333ef84d97208a5f23a9c96e","Unassigned","Unassigned","Unassigned","Unassigned","Unassigned","Unassigned","Unassigned"
"ebb9a1003373840e8eb3af51a106c6bd","Unassigned","Unassigned","Unassigned","Unassigned","Unassigned","Unassigned","Unassigned"
"b165a0d7c3b1d621a04100dfadc689e2","Bacteria","Bacteroidota","Chitinophagia","Chitinophagales","Chitinophagaceae","Terrimonas","Terrimonas_rhizosphaerae_strain_CR94"
"931f37a7a39d45276e5de5cfcaa9a6ee","Bacteria","Thermodesulfobacteriota","Desulfuromonadia","Geobacterales","Geobacteraceae","Geobacter","Geobacter_anodireducens_strain_SD-1"
"0ffe9a9f6e2da01aacc13092e1f99fd0","Unassigned","Unassigned","Unassigned","Unassigned","Unassigned","Unassigned","Unassigned"
"b7741ce588efe78a392fb909bc04de1e","Unassigned","Unassigned","Unassigned","Unassigned","Unassigned","Unassigned","Unassigned"
"5e3c423a1de60f6ff4f3ede33cf089db","Unassigned","Unassigned","Unassigned","Unassigned","Unassigned","Unassigned","Unassigned"
"b898574b466c1f4c7d0f411b5ff8db79","Unassigned","Unassigned","Unassigned","Unassigned","Unassigned","Unassigned","Unassigned"
"b348f7a753c4729c1fc23b6b54cda562","Unassigned","Unassigned","Unassigned","Unassigned","Unassigned","Unassigned","Unassigned"
"e108244e4f1a0d18dc3bf2c18bfb8b9a","Unassigned","Unassigned","Unassigned","Unassigned","Unassigned","Unassigned","Unassigned"
"d4f120590215d8a872d9792cca666fc5","Unassigned","Unassigned","Unassigned","Unassigned","Unassigned","Unassigned","Unassigned"
"4e82a4efc823b0910e24d4a45a7e5a47","Unassigned","Unassigned","Unassigned","Unassigned","Unassigned","Unassigned","Unassigned"
"5d8c0066df3b1c5cf613968b42af9ce3","Unassigned","Unassigned","Unassigned","Unassigned","Unassigned","Unassigned","Unassigned"
"87f6ca3bba0135e40136ed6d26d15b1a","Unassigned","Unassigned","Unassigned","Unassigned","Unassigned","Unassigned","Unassigned"
"513066dcd844fbae8468072d0626a58a","Unassigned","Unassigned","Unassigned","Unassigned","Unassigned","Unassigned","Unassigned"
"1e8602fb1cac2f3bad4b42c7c7d8ed58","Unassigned","Unassigned","Unassigned","Unassigned","Unassigned","Unassigned","Unassigned"
"55f8c5ad8ca2fb9cab0ed7901ea31ecc","Unassigned","Unassigned","Unassigned","Unassigned","Unassigned","Unassigned","Unassigned"
"ade1e079bee5b7fc94a2d366750d6be0","Unassigned","Unassigned","Unassigned","Unassigned","Unassigned","Unassigned","Unassigned"
"200382245e4fab0e343607de39bea8de","Bacteria","Bacteroidota","Chitinophagia","Chitinophagales","Chitinophagaceae","Ferruginibacter","Ferruginibacter_lapsinanis_strain_HU1-HG42"
"b56d9ab1387efd71d92f8d178b8526a6","Unassigned","Unassigned","Unassigned","Unassigned","Unassigned","Unassigned","Unassigned"
"e6e34a241babca4357d7631ade52ef63","Unassigned","Unassigned","Unassigned","Unassigned","Unassigned","Unassigned","Unassigned"
"4fce3f7be92b9af185e8e3a7ff2581f2","Unassigned","Unassigned","Unassigned","Unassigned","Unassigned","Unassigned","Unassigned"
"9504258b463bdb46ef1f69cf414feb71","Bacteria","Pseudomonadota","Betaproteobacteria","Rhodocyclales","Azonexaceae","Azonexus","Azonexus_fungiphilus_strain_BS5-8"
"ba1d9d42d74b16d23fbf7caa8f0ff8f4","Bacteria","Bacteroidota","Chitinophagia","Chitinophagales","Chitinophagaceae","Ferruginibacter","Ferruginibacter_profundus_strain_DS48-5-3"
"e8b87606860134532ee35370e9098a1a","Bacteria","Pseudomonadota","Betaproteobacteria","Rhodocyclales","Zoogloeaceae","Thauera","Thauera_mechernichensis_strain_TL1"
"d3044c034d8a769d7798f614a64d9b99","Unassigned","Unassigned","Unassigned","Unassigned","Unassigned","Unassigned","Unassigned"
"ce4c41afc3d0ca7e506471914c0830f1","Unassigned","Unassigned","Unassigned","Unassigned","Unassigned","Unassigned","Unassigned"
"30892efa47b9256a19b228b8c90aca9c","Bacteria","Pseudomonadota","Alphaproteobacteria","Rickettsiales","Rickettsiaceae","Orientia","Orientia_tsutsugamushi_strain_Karp"
"c9bf6d81d9957a57e151cc16e25586de","Unassigned","Unassigned","Unassigned","Unassigned","Unassigned","Unassigned","Unassigned"
"90348e8ad9324d1e7fda555c4f7204d9","Bacteria","Pseudomonadota","Gammaproteobacteria","Legionellales","Coxiellaceae","Coxiella","Coxiella_cheraxi_strain_TO-98"
"fc422d4c37b0abcba130d7d0bfcf5c2b","Bacteria","Acidobacteriota","Vicinamibacteria","Vicinamibacterales","Vicinamibacteraceae","Vicinamibacter","Vicinamibacter_silvestris_strain_Ac_5_C6"
"921a14eb302a75ad38a8ba0a3b0ba8bb","Bacteria","Bacteroidota","Cytophagia","Cytophagales","Chryseotaleaceae","Dawidia","Dawidia_soli_strain_PWU37"
"24387668ce389ef4a7c9c91bf3d972c5","Unassigned","Unassigned","Unassigned","Unassigned","Unassigned","Unassigned","Unassigned"
"8d07d0978b6fff300f2312b9e4dfe784","Bacteria","Verrucomicrobiota","Opitutae","Opitutales","Opitutaceae","Nibricoccus","Nibricoccus_aquaticus"
"815431f5afe23d55df3e91763d4e4bdd","Unassigned","Unassigned","Unassigned","Unassigned","Unassigned","Unassigned","Unassigned"
"449874f794972798df2c13fd0745eef9","Unassigned","Unassigned","Unassigned","Unassigned","Unassigned","Unassigned","Unassigned"
"6734d469e8500293c1b6f082ce055c9c","Unassigned","Unassigned","Unassigned","Unassigned","Unassigned","Unassigned","Unassigned"
"c579f522bd71eac6465816117c28edc9","Unassigned","Unassigned","Unassigned","Unassigned","Unassigned","Unassigned","Unassigned"
"a99b37fbd0dbadaec63a9c8a081d678b","Bacteria","Planctomycetota","Planctomycetia","Gemmatales","Gemmataceae","Zavarzinella","Zavarzinella_formosa_strain_A10"
"b1b60a161815a131095b791920809fb3","Bacteria","Pseudomonadota","Betaproteobacteria","Burkholderiales","Sphaerotilaceae","Methylibium","Methylibium_petroleiphilum_PM1"
"5f1de72b3abc7280ed3eeb699a63a132","Bacteria","Pseudomonadota","Betaproteobacteria","Burkholderiales","Comamonadaceae","Polaromonas","Polaromonas_eurypsychrophila_strain_B717-2"
"e113e14ff2c67bc5c888fee78dffbc88","Bacteria","Acidobacteriota","Vicinamibacteria","Vicinamibacterales","Vicinamibacteraceae","Luteitalea","Luteitalea_pratensis_strain_HEG_-6_39"
"f88c0e4846ee38d05f2f9d1502ae3dc3","Unassigned","Unassigned","Unassigned","Unassigned","Unassigned","Unassigned","Unassigned"
"05bdb56aabcca110c6380714922b6df0","Unassigned","Unassigned","Unassigned","Unassigned","Unassigned","Unassigned","Unassigned"
"15f564f5be577b88ac90e6f0828f9332","Bacteria","Pseudomonadota","Alphaproteobacteria","Caulobacterales","Caulobacteraceae","Phenylobacterium","Phenylobacterium_mobile_strain_GZ6"
"2409f8b773968e88371b3eb74b87fa70","Bacteria","Acidobacteriota","Terriglobia","Bryobacterales","Bryobacteraceae","Paludibaculum","Paludibaculum_fermentans_strain_P105"
"9a10c54982e32f42d3fc8f2e2d1ba800","Bacteria","Pseudomonadota","Alphaproteobacteria","Hyphomicrobiales","Hyphomicrobiaceae","Hyphomicrobium","Hyphomicrobium_facile_strain_IFAM_H-526"
"92f4930edac04142c5cc34c0fbad1b74","Unassigned","Unassigned","Unassigned","Unassigned","Unassigned","Unassigned","Unassigned"
"2e25c73f9cbb382f2a33e37b22070399","Bacteria","Pseudomonadota","Gammaproteobacteria","Lysobacterales","Lysobacteraceae","Arenimonas","Arenimonas_maotaiensis_strain_YT8"
"7e3d58bee1b0245fbca68ce3b2b8d88a","Unassigned","Unassigned","Unassigned","Unassigned","Unassigned","Unassigned","Unassigned"
"1ebd61add7bd2f13ca80429062051587","Unassigned","Unassigned","Unassigned","Unassigned","Unassigned","Unassigned","Unassigned"
"0b612d9a08472a8ede301aa44e95254f","Bacteria","Pseudomonadota","Betaproteobacteria","Burkholderiales","Oxalobacteraceae","Sapientia","Sapientia_aquatica_strain_SA-152"
"33d34533f72daa7feffafaf0eca6ebd2","Unassigned","Unassigned","Unassigned","Unassigned","Unassigned","Unassigned","Unassigned"
"c16d149771cf7282c79d2126d35899b2","Unassigned","Unassigned","Unassigned","Unassigned","Unassigned","Unassigned","Unassigned"
"aa18f76c6a0c21d56964c4370bef2d6e","Bacteria","Pseudomonadota","Gammaproteobacteria","Legionellales","Coxiellaceae","Coxiella","Coxiella_cheraxi_strain_TO-98"
"933ec98399c01bb4c70b2de4faca5ba6","Bacteria","Acidobacteriota","Vicinamibacteria","Vicinamibacterales","Vicinamibacteraceae","Luteitalea","Luteitalea_pratensis_strain_HEG_-6_39"
"bc3816aabbb97094d92c42a421ecbc5b","Unassigned","Unassigned","Unassigned","Unassigned","Unassigned","Unassigned","Unassigned"
"592433ae89b58623f2dcea814aa296d3","Unassigned","Unassigned","Unassigned","Unassigned","Unassigned","Unassigned","Unassigned"
"7be8acf41f49abc48218ade17ceff1d5","Unassigned","Unassigned","Unassigned","Unassigned","Unassigned","Unassigned","Unassigned"
"d9461438a4db6575334b19aebe8b8d47","Bacteria","Bacteroidota","Chitinophagia","Chitinophagales","Chitinophagaceae","Ferruginibacter","Ferruginibacter_alkalilentus_strain_HU1-GD23"
"839b12800ea76f20003b4f436540b1d0","Unassigned","Unassigned","Unassigned","Unassigned","Unassigned","Unassigned","Unassigned"
"6684b23a95c3a6fb07665953ae61a2c2","Bacteria","Abditibacteriota","Abditibacteriia","Abditibacteriales","Abditibacteriaceae","Abditibacterium","Abditibacterium_utsteinense_strain_R-68213"
"24165ec02731d0ce0ff0e730100ac795","Unassigned","Unassigned","Unassigned","Unassigned","Unassigned","Unassigned","Unassigned"
"e598a5bb707e926a43a73ccb818aa2c6","Unassigned","Unassigned","Unassigned","Unassigned","Unassigned","Unassigned","Unassigned"
"fd7bafb2460a552a8417e17dfa3c8856","Bacteria","Myxococcota","","Polyangiales","Phaselicystidaceae","Phaselicystis","Phaselicystis_flava_strain_SBKo001"
"35fe5225bfef53b182a937690fcd7be4","Unassigned","Unassigned","Unassigned","Unassigned","Unassigned","Unassigned","Unassigned"
"62cee12de32cbc080339dd25f7903ad9","Bacteria","Pseudomonadota","Betaproteobacteria","","Casimicrobiaceae","Casimicrobium","Casimicrobium_huifangae"
"b9e455aab3b44e6718f5eed26ee69a91","Bacteria","Pseudomonadota","Betaproteobacteria","Nitrosomonadales","Methylophilaceae","Methylopumilus","Candidatus_Methylopumilus_turicensis"
"1a4c5e1c315285fd8b9956e975ffe594","Bacteria","Pseudomonadota","Betaproteobacteria","Nitrosomonadales","Gallionellaceae","Nitrotoga","Candidatus_Nitrotoga_fabula"
"1f5d1b97fa2d7e5e68fb263521cfb148","Bacteria","Planctomycetota","Planctomycetia","Gemmatales","Gemmataceae","Zavarzinella","Zavarzinella_formosa_strain_A10"
"12a580a81c24d98021a39f85fcfdcb52","Bacteria","Chlamydiota","Chlamydiia","Parachlamydiales","Parachlamydiaceae","Parachlamydia","Parachlamydia_acanthamoebae_strain_Bn9"
"90bd87399303ad570b06995722917684","Bacteria","Pseudomonadota","Betaproteobacteria","Nitrosomonadales","Gallionellaceae","Nitrotoga","Candidatus_Nitrotoga_arctica"
"79b210b4aaf63cc4a59457b90d5624ec","Bacteria","Pseudomonadota","Alphaproteobacteria","Hyphomonadales","Hyphomonadaceae","Vitreimonas","Vitreimonas_flagellata_strain_SYSU_XM001"
"e2d470b706439be745157702f8ea759b","Unassigned","Unassigned","Unassigned","Unassigned","Unassigned","Unassigned","Unassigned"
"f4ab83ba82389b57a706ed18b49f28a8","Unassigned","Unassigned","Unassigned","Unassigned","Unassigned","Unassigned","Unassigned"
"ac79bd7523f8a604b86cbca0318fad5f","Bacteria","Pseudomonadota","Betaproteobacteria","Nitrosomonadales","Gallionellaceae","Nitrotoga","Candidatus_Nitrotoga_fabula"
"4f8d064c5ce7c9c1a676ce348dd70790","Bacteria","Bacteroidota","Sphingobacteriia","Sphingobacteriales","Aurantibacillaceae","Aurantibacillus","Aurantibacillus_circumpalustris_strain_Swamp196"
"fb2e82acc92531b5a18856fa5a4a6f23","Unassigned","Unassigned","Unassigned","Unassigned","Unassigned","Unassigned","Unassigned"
"987e6f9e466589736c0a55739947c8b1","Bacteria","Bacteroidota","Flavobacteriia","Flavobacteriales","Flavobacteriaceae","Flavobacterium","Flavobacterium_myungsuense_strain_HMD1033"
"bbffcc80dfeaca9e95ebc6987e7e307a","Unassigned","Unassigned","Unassigned","Unassigned","Unassigned","Unassigned","Unassigned"
"257a24cb504c253541f99d7fc9c76811","Unassigned","Unassigned","Unassigned","Unassigned","Unassigned","Unassigned","Unassigned"
"5997db8dee13b9613063289904c3e4ba","Bacteria","Bdellovibrionota","Bacteriovoracia","Bacteriovoracales","Halobacteriovoraceae","Halobacteriovorax","Halobacteriovorax_marinus_SJ"
"82d2e280a1617168cb50521c7516a94a","Bacteria","Pseudomonadota","Gammaproteobacteria","Cellvibrionales","Halieaceae","Marimicrobium","Candidatus_Marimicrobium_litorale"
"374d9c52439e31da618ff69e54230842","Unassigned","Unassigned","Unassigned","Unassigned","Unassigned","Unassigned","Unassigned"
"2d270051b0b3ecc05c267f0eda6bea9d","Unassigned","Unassigned","Unassigned","Unassigned","Unassigned","Unassigned","Unassigned"
"75aca0a12682acb4558c3c5a6e82da8c","Unassigned","Unassigned","Unassigned","Unassigned","Unassigned","Unassigned","Unassigned"
"974a8c7350a0ccacdc46037ae55c43db","Bacteria","Bacteroidota","Sphingobacteriia","Sphingobacteriales","Aurantibacillaceae","Aurantibacillus","Aurantibacillus_circumpalustris_strain_Swamp196"
"32eb97db684129e75bded35720a0b74a","Unassigned","Unassigned","Unassigned","Unassigned","Unassigned","Unassigned","Unassigned"
"fb687ffb725c5c8f07be1e0d736def51","Bacteria","Pseudomonadota","Gammaproteobacteria","Legionellales","Coxiellaceae","Berkiella","Candidatus_Berkiella_aquae"
"67928be6328b60c7ff1bb69d8369105e","Unassigned","Unassigned","Unassigned","Unassigned","Unassigned","Unassigned","Unassigned"
"bc9d22d6cdb8f2b2b3e461f1c775e0db","Bacteria","Bdellovibrionota","Bacteriovoracia","Bacteriovoracales","Bacteriovoracaceae","Peredibacter","Peredibacter_starrii_strain_A3.12"
"280447ed00c36976dd5edc1b4e779638","Bacteria","Myxococcota","","Polyangiales","Polyangiaceae","Minicystis","Minicystis_rosea_strain_SBNa008"
"db573be02f9de4369e5a77c52e80f701","Bacteria","Pseudomonadota","Gammaproteobacteria","Legionellales","Coxiellaceae","Coxiella","Coxiella_cheraxi_strain_TO-98"
"ff8a749a5874740da66add7480b3bd4f","Bacteria","Planctomycetota","Planctomycetia","Gemmatales","Gemmataceae","Limnoglobus","Limnoglobus_roseus_strain_PX52"
"f744a670ea361bf0fc8c0aac734f60d6","Unassigned","Unassigned","Unassigned","Unassigned","Unassigned","Unassigned","Unassigned"
"db408193f425cc7b02db464a8f05b68f","Bacteria","Planctomycetota","Planctomycetia","Planctomycetales","Planctomycetaceae","Fuerstiella","Fuerstiella_marisgermanici_strain_NH11"
"69e83e77450bf39f959dd1ac749a4a82","Unassigned","Unassigned","Unassigned","Unassigned","Unassigned","Unassigned","Unassigned"
"6fb16845237c8471741ea398b2093b05","Unassigned","Unassigned","Unassigned","Unassigned","Unassigned","Unassigned","Unassigned"
"224df787d696ddf5d7c85fbf18bc1a67","Unassigned","Unassigned","Unassigned","Unassigned","Unassigned","Unassigned","Unassigned"
"81846a6f0aa4a16a39773ab004dd4502","Unassigned","Unassigned","Unassigned","Unassigned","Unassigned","Unassigned","Unassigned"
"d28e070c1a1a04644a387b8d2d617001","Bacteria","Pseudomonadota","Alphaproteobacteria","Hyphomicrobiales","Hyphomicrobiaceae","Rhodoplanes","Rhodoplanes_azumiensis_strain_TUT3581"
"75779429092cb13aaff5b2bfd3062222","Unassigned","Unassigned","Unassigned","Unassigned","Unassigned","Unassigned","Unassigned"
"96b6f852b074b358c0d58f975cb142c2","Unassigned","Unassigned","Unassigned","Unassigned","Unassigned","Unassigned","Unassigned"
"c47723016dad450bdf7b9e82236a7afd","Unassigned","Unassigned","Unassigned","Unassigned","Unassigned","Unassigned","Unassigned"
"de6ca35a703ca3bbc49b3bd710e055d7","Unassigned","Unassigned","Unassigned","Unassigned","Unassigned","Unassigned","Unassigned"
"19ac5811772cdd1b02eeae8390c54632","Bacteria","Acidobacteriota","Vicinamibacteria","Vicinamibacterales","Vicinamibacteraceae","Vicinamibacter","Vicinamibacter_silvestris_strain_Ac_5_C6"
"3625c9fc4cd4a1211b1c132995eedc8a","Bacteria","Pseudomonadota","Gammaproteobacteria","Legionellales","Coxiellaceae","Rickettsiella","Rickettsiella_grylli"
"55dd708dfc995f230f5c1e81e770f552","Bacteria","Myxococcota","Myxococcia","Myxococcales","Archangiaceae","Archangium","Cystobacter_miniatus_strain_DSM_14712"
"16c6717c24ff33d86958cd3ae8d1999e","Unassigned","Unassigned","Unassigned","Unassigned","Unassigned","Unassigned","Unassigned"
"2282b5a8eed5af9507a1b43403813e4d","Unassigned","Unassigned","Unassigned","Unassigned","Unassigned","Unassigned","Unassigned"
"d685b53e61bc93cf84291a1efe48b2e3","Unassigned","Unassigned","Unassigned","Unassigned","Unassigned","Unassigned","Unassigned"
"82b34907186c09ff4f94963139b31d1e","Bacteria","Bacteroidota","Sphingobacteriia","Sphingobacteriales","Sphingobacteriaceae","Solitalea","Solitalea_lacus"
"9a0dbe3220d2a163c1c8efc7cb15877b","Unassigned","Unassigned","Unassigned","Unassigned","Unassigned","Unassigned","Unassigned"
"23826cca9812ed3f96c1802a8ee958b8","Bacteria","Planctomycetota","Planctomycetia","Pirellulales","Pirellulaceae","Anatilimnocola","Anatilimnocola_aggregata_strain_ETA_A8"
"77bb37cd3b3486aa034c97036db1162e","Bacteria","Bacteroidota","Sphingobacteriia","Sphingobacteriales","Aurantibacillaceae","Aurantibacillus","Aurantibacillus_circumpalustris_strain_Swamp196"
"5dbae2b5a3d8733f2118a7fa3065bfa4","Unassigned","Unassigned","Unassigned","Unassigned","Unassigned","Unassigned","Unassigned"
"5a87bc28316aa7fd2b16055f6499a3b8","Bacteria","Pseudomonadota","Betaproteobacteria","Burkholderiales","Comamonadaceae","Caenimonas","Ramlibacter_paludis"
"5192a4cdbc0a412212f582c3de9ab74a","Bacteria","Pseudomonadota","Betaproteobacteria","Rhodocyclales","Azonexaceae","Dechloromonas","Dechloromonas_hortensis_strain_MA-1"
"5fae852fb47a338b759057f1f4cb11bc","Bacteria","Pseudomonadota","Betaproteobacteria","Rhodocyclales","Rhodocyclaceae","Oryzomicrobium","Oryzomicrobium_terrae_strain_TPP412"
"3661f3b056885cc0e9ae2277cc98ec2e","Unassigned","Unassigned","Unassigned","Unassigned","Unassigned","Unassigned","Unassigned"
"8496613e4dd1aad6272f8699b071e82b","Unassigned","Unassigned","Unassigned","Unassigned","Unassigned","Unassigned","Unassigned"
"5f0d4de50f09352c5fe69d42e5a75ac5","Bacteria","Pseudomonadota","Alphaproteobacteria","Hyphomicrobiales","Hyphomicrobiaceae","Rhodoplanes","Rhodoplanes_tepidamans_strain_DSM_9987"
"80140ebad608fe49d7dce0b7984860a0","Bacteria","Pseudomonadota","Alphaproteobacteria","Hyphomicrobiales","Reyranellaceae","Reyranella","Reyranella_soli_strain_KIS14-15"
"1ceabbc6282ac5d9c9a8ef80309d8895","Bacteria","Pseudomonadota","Gammaproteobacteria","Chromatiales","Thioprofundaceae","Thioprofundum","Candidatus_Thiodiazotropha_endolucinida"
"4bd0b0af24b89fe1b29bc5d6da6c925a","Unassigned","Unassigned","Unassigned","Unassigned","Unassigned","Unassigned","Unassigned"
"e779243b5aab9c8ab80ed9b0bd650ba1","Bacteria","Pseudomonadota","Alphaproteobacteria","Hyphomicrobiales","Phreatobacteraceae","Phreatobacter","Phreatobacter_stygius_strain_YC6-17"
"db1bc903f5e210b592b583d70e88e1d9","Unassigned","Unassigned","Unassigned","Unassigned","Unassigned","Unassigned","Unassigned"
"67853a5866ccb9dd82936d4163e550e7","Bacteria","Pseudomonadota","Alphaproteobacteria","Hyphomicrobiales","Hyphomicrobiaceae","Pedomicrobium","Pedomicrobium_ferrugineum_strain_ATCC_33119"
"338f89323427fa17d9ff1f0081cef417","Unassigned","Unassigned","Unassigned","Unassigned","Unassigned","Unassigned","Unassigned"
"4f59c2602e5e20ad04c81f8383fbbf7b","Unassigned","Unassigned","Unassigned","Unassigned","Unassigned","Unassigned","Unassigned"
"30b97dd31c2c57e707158d47fdaf9d28","Unassigned","Unassigned","Unassigned","Unassigned","Unassigned","Unassigned","Unassigned"
"df9065964ca58fb1e647faef0d3a798a","Bacteria","Pseudomonadota","Alphaproteobacteria","Caulobacterales","Caulobacteraceae","Terricaulis","Terricaulis_silvestris_strain_0127_4"
"f351a9cd53429a1a2e7c0e1225c2cc6d","Unassigned","Unassigned","Unassigned","Unassigned","Unassigned","Unassigned","Unassigned"
"5d7af105ce76e437b5c39cb81ba0ede8","Bacteria","Pseudomonadota","Alphaproteobacteria","Sphingomonadales","Sphingomonadaceae","Aquisediminimonas","Aquisediminimonas_profunda_strain_DS48-3"
"c8a96682bf323ecd87d2f96aa7b9880f","Unassigned","Unassigned","Unassigned","Unassigned","Unassigned","Unassigned","Unassigned"
"8f27caee31cd45e0f2364ae12aa7435b","Unassigned","Unassigned","Unassigned","Unassigned","Unassigned","Unassigned","Unassigned"
"f2627438f6bbf14813a0f788b419eaf6","Unassigned","Unassigned","Unassigned","Unassigned","Unassigned","Unassigned","Unassigned"
"cb198ac2b3fc613c7fd4f698acda6a66","Unassigned","Unassigned","Unassigned","Unassigned","Unassigned","Unassigned","Unassigned"
"8f3b4a11df4b5a431016a04d91142922","Unassigned","Unassigned","Unassigned","Unassigned","Unassigned","Unassigned","Unassigned"
"4a09e8d53edbb893a05d4efca40aee22","Unassigned","Unassigned","Unassigned","Unassigned","Unassigned","Unassigned","Unassigned"
"b9633b6ce8b16eef128b1c3c87b88ae6","Bacteria","Actinomycetota","Acidimicrobiia","Acidimicrobiales","Iamiaceae","Iamia","Iamia_majanohamensis_strain_NBRC_102561"
"76019d5fe8ad416da28a840c0d2ca4ab","Unassigned","Unassigned","Unassigned","Unassigned","Unassigned","Unassigned","Unassigned"
"506c70b596b5f3a388f9c21811486a6b","Unassigned","Unassigned","Unassigned","Unassigned","Unassigned","Unassigned","Unassigned"
"895e48ff8e89e13754a34032174f0512","Unassigned","Unassigned","Unassigned","Unassigned","Unassigned","Unassigned","Unassigned"
"bf9686eaa3bdf5e7f145eb6bc8f6d470","Bacteria","Pseudomonadota","Gammaproteobacteria","Legionellales","Legionellaceae","Legionella","Legionella_donaldsonii"
"3de4cfe4dd2f4cceff0136729b9373b7","Unassigned","Unassigned","Unassigned","Unassigned","Unassigned","Unassigned","Unassigned"
"df27c0224b4e4389a98da3ebb0432a07","Bacteria","Verrucomicrobiota","Spartobacteria","Chthoniobacterales","Chthoniobacteraceae","Chthoniobacter","Chthoniobacter_flavus_Ellin428"
"b9361ee2c9145befe235dce07d1364ed","Bacteria","Planctomycetota","Planctomycetia","Gemmatales","Gemmataceae","Fimbriiglobus","Fimbriiglobus_ruber_strain_SP5"
"6de4c9436bd386ab2947ca9636d556f1","Unassigned","Unassigned","Unassigned","Unassigned","Unassigned","Unassigned","Unassigned"
"4d0895fc44b4c6277dd87dc0c6b66a97","Bacteria","Verrucomicrobiota","Spartobacteria","Chthoniobacterales","Chthoniobacteraceae","Chthoniobacter","Chthoniobacter_flavus_Ellin428"
"d19fe58a099fa636cd47545ede291013","Unassigned","Unassigned","Unassigned","Unassigned","Unassigned","Unassigned","Unassigned"
"c92d304601755af9ec9830008e72361e","Unassigned","Unassigned","Unassigned","Unassigned","Unassigned","Unassigned","Unassigned"
"6740666a38b88262908724a43bc194ca","Unassigned","Unassigned","Unassigned","Unassigned","Unassigned","Unassigned","Unassigned"
"7a75cf6d35b28943e5386db39da1a15c","Unassigned","Unassigned","Unassigned","Unassigned","Unassigned","Unassigned","Unassigned"
"03b0d0d20130b54c73f13b3a83606638","Unassigned","Unassigned","Unassigned","Unassigned","Unassigned","Unassigned","Unassigned"
"043624db2f41ef7caf7eabafc7b6caf7","Unassigned","Unassigned","Unassigned","Unassigned","Unassigned","Unassigned","Unassigned"
"623c41892765891d6f7e34a3a20b23a4","Bacteria","Bacteroidota","Chitinophagia","Chitinophagales","Chitinophagaceae","Nemorincola","Nemorincola_caseinilytica_strain_J116-2"
"310ce4027a95214824a24d6e9fe43ca8","Bacteria","Planctomycetota","Planctomycetia","Pirellulales","Pirellulaceae","Aureliella","Aureliella_helgolandensis_strain_Q31a"
"616515ce25feca41323e3c95e1a1d7f8","Bacteria","Pseudomonadota","Betaproteobacteria","Nitrosomonadales","Gallionellaceae","Nitrotoga","Candidatus_Nitrotoga_arctica"
"ca4f5bbe913083d70f1eb673d68e3b26","Unassigned","Unassigned","Unassigned","Unassigned","Unassigned","Unassigned","Unassigned"
"b0a814fb4f7ba07e944d538e79c2ea49","Bacteria","Pseudomonadota","Gammaproteobacteria","Lysobacterales","Rhodanobacteraceae","Tahibacter","Tahibacter_caeni_strain_BUT-6"
"c241110e1cf276b6b62f418b861633de","Bacteria","Pseudomonadota","Betaproteobacteria","Nitrosomonadales","Methylophilaceae","Methylovorus","Methylovorus_glucosotrophus_strain_6B1"
"925afd3e3bff2a439544999610bd101b","Bacteria","Pseudomonadota","Alphaproteobacteria","Rhodobacterales","Paracoccaceae","Fertoeibacter","Fertoeibacter_niger_strain_RG-N-1a"
"8c417a806e582ecab341d97f6df10375","Bacteria","Chlamydiota","Chlamydiia","Parachlamydiales","Parachlamydiaceae","Parachlamydia","Parachlamydia_acanthamoebae_strain_Bn9"
"4e0e603d1f401352144b538fbab9e186","Bacteria","Myxococcota","","Polyangiales","Polyangiaceae","Polyangium","Polyangium_spumosum_strain_Pl_sm5"
"d4936226864577d25e25573bb0d61f06","Bacteria","Myxococcota","","Polyangiales","Polyangiaceae","Racemicystis","Racemicystis_persica_strain_MSr11462"
"d27f0e87beec0ab3f410f2deddb3f4b6","Bacteria","Verrucomicrobiota","Verrucomicrobiia","Verrucomicrobiales","Verrucomicrobiaceae","Luteolibacter","Luteolibacter_gellanilyticus_strain_CB-286403"
"dccb288e99d4f1a466c92d20905ed713","Unassigned","Unassigned","Unassigned","Unassigned","Unassigned","Unassigned","Unassigned"
"e13ad66dfc6c340af82e6527b5dd7449","Unassigned","Unassigned","Unassigned","Unassigned","Unassigned","Unassigned","Unassigned"
"76e222af8ccf4063313929b8f29a5f42","Bacteria","Planctomycetota","Planctomycetia","Pirellulales","Pirellulaceae","Anatilimnocola","Anatilimnocola_aggregata_strain_ETA_A8"
"1e13a0494268b09b17012bf0d7b34db1","Unassigned","Unassigned","Unassigned","Unassigned","Unassigned","Unassigned","Unassigned"
"727eb8692d26c4dd00e945153763ae4a","Bacteria","Pseudomonadota","Betaproteobacteria","Burkholderiales","Burkholderiaceae","Robbsia","Robbsia_betulipollinis"
"8fee06fc928b660cc7bc0f017912f692","Bacteria","Pseudomonadota","Gammaproteobacteria","Pseudomonadales","Marinobacteraceae","Marinobacter","Marinobacter_oulmenensis_strain_Set74"
"619e82c64d243dd41c2e5c32cf0a1088","Bacteria","Actinomycetota","Acidimicrobiia","Acidimicrobiales","Iamiaceae","Rhabdothermincola","Rhabdothermincola_sediminis_strain_SYSU_G02662"
"9b31033ea2198acd4df830dafaf9dc15","Bacteria","Pseudomonadota","Gammaproteobacteria","Pseudomonadales","Pseudomonadaceae","Pseudomonas","Pseudomonas_azerbaijanoccidentalis"
"c6ffb45147591a687d395bd864ed8db3","Bacteria","Bacteroidota","Flavobacteriia","Flavobacteriales","Flavobacteriaceae","Flavobacterium","Flavobacterium_psychrotolerans_strain_RB1R5"
"9c96b771df0560dd9bc0d9711c6484b2","Bacteria","Candidatus_Saccharibacteria","Candidatus_Saccharimonadia","Candidatus_Saccharimonadales","Candidatus_Saccharimonadaceae","Candidatus_Saccharimonas","Candidatus_Saccharimonas_aalborgensis"
"7d22d44170216980f0f2260b4874a71a","Bacteria","Planctomycetota","Planctomycetia","Planctomycetales","Planctomycetaceae","Symmachiella","Symmachiella_macrocystis_strain_CA54"
"559288c01c0087a90cdac63d684ac8cb","Bacteria","Verrucomicrobiota","Opitutia","Opitutales","Opitutaceae","Horticoccus","Horticoccus_luteus_strain_KSB-15"
"5c3f56d180fc75ed7db3dfa5664bef3b","Unassigned","Unassigned","Unassigned","Unassigned","Unassigned","Unassigned","Unassigned"
"72b70f2bd2e9156e76c0c2ef3b844be9","Bacteria","Pseudomonadota","Gammaproteobacteria","Legionellales","Legionellaceae","Legionella","Legionella_lansingensis_strain_DSM_19556"
"f45da5a1928df85764c9e662386f4653","Unassigned","Unassigned","Unassigned","Unassigned","Unassigned","Unassigned","Unassigned"
"bc448ea7f8109e6485cb5ef47b2b51d9","Unassigned","Unassigned","Unassigned","Unassigned","Unassigned","Unassigned","Unassigned"
"b6b72157450c73bdd0178bcb72bbd626","Bacteria","Pseudomonadota","Betaproteobacteria","Burkholderiales","Comamonadaceae","Acidovorax","Acidovorax_soli_strain_BL21"
"1492f3cfdad2ad98466989774f4652ea","Unassigned","Unassigned","Unassigned","Unassigned","Unassigned","Unassigned","Unassigned"
"136f7084e028778224372a179e4d156e","Unassigned","Unassigned","Unassigned","Unassigned","Unassigned","Unassigned","Unassigned"
"0ccbb8d3684d5c2da26be3ff3f04ddab","Unassigned","Unassigned","Unassigned","Unassigned","Unassigned","Unassigned","Unassigned"
"3f4cf43cd597de4a3bbf573ba1adb471","Unassigned","Unassigned","Unassigned","Unassigned","Unassigned","Unassigned","Unassigned"
"72c96f2eae20baf769c4afb49ed10fba","Unassigned","Unassigned","Unassigned","Unassigned","Unassigned","Unassigned","Unassigned"
"5ef861e23d737582cb4d9e5a4fd2ae0f","Bacteria","Pseudomonadota","Alphaproteobacteria","Hyphomicrobiales","Hyphomicrobiaceae","Pedomicrobium","Pedomicrobium_ferrugineum_strain_ATCC_33119"
"f7572cdbd342c20e1def4a7192356542","Unassigned","Unassigned","Unassigned","Unassigned","Unassigned","Unassigned","Unassigned"
"ce1bf2ef8bd476451919cf366fd9158c","Bacteria","Bacteroidota","Chitinophagia","Chitinophagales","Chitinophagaceae","Terrimonas","Terrimonas_suqianensis_strain_personal::C3-5"
"87786427b6599818c1110d4f96c1c9c3","Bacteria","Planctomycetota","Planctomycetia","Gemmatales","Gemmataceae","Gemmata","Gemmata_palustris_strain_G18"
"559fa0d0766b49666f592a3dfff6fdd0","Unassigned","Unassigned","Unassigned","Unassigned","Unassigned","Unassigned","Unassigned"
"0d773340c2ce9a719b21c4debee4d508","Bacteria","Planctomycetota","Planctomycetia","Gemmatales","Gemmataceae","Gemmata","Gemmata_massiliana_strain_IIL30"
"7af2016d7cb33a046bd230dbe236a838","Bacteria","Planctomycetota","Planctomycetia","Gemmatales","Gemmataceae","Zavarzinella","Zavarzinella_formosa_strain_A10"
"a6bdd56528de5019b288d3ea344e69d5","Bacteria","Pseudomonadota","Betaproteobacteria","Rhodocyclales","Azonexaceae","Azonexus","Azonexus_fungiphilus_strain_BS5-8"
"3465bad1d95da5fe2532567e37c14293","Bacteria","Bdellovibrionota","Bdellovibrionia","Bdellovibrionales","Pseudobdellovibrionaceae","Bdellovibrio","Bdellovibrio_bacteriovorus_strain_HD100"
"de1dea20927f1ab384b4d08433e656d7","Bacteria","Pseudomonadota","Gammaproteobacteria","Legionellales","Coxiellaceae","Berkiella","Candidatus_Berkiella_aquae"
"22e42fbc28adab53becf365345fc48dc","Unassigned","Unassigned","Unassigned","Unassigned","Unassigned","Unassigned","Unassigned"
"af5a3fbb85243501310e9cbf234c37ff","Bacteria","Armatimonadota","Armatimonadia","Armatimonadales","Armatimonadaceae","Armatimonas","Armatimonas_rosea_strain_YO-36"
"80ff4e20ade98298f4dc0147bd073099","Unassigned","Unassigned","Unassigned","Unassigned","Unassigned","Unassigned","Unassigned"
"74f6754ec10dd9fda06fcdbc1a266fc7","Bacteria","Pseudomonadota","Betaproteobacteria","Burkholderiales","Burkholderiaceae","Ralstonia","Propionivibrio_dicarboxylicus_strain_CreMal1"
"91bf8def4cf88da1e2b783e2b00addd0","Bacteria","Planctomycetota","Planctomycetia","Planctomycetales","Planctomycetaceae","Symmachiella","Symmachiella_macrocystis_strain_CA54"
"fc08d2849afd665a7c691ff3d32d1ced","Bacteria","Acidobacteriota","Vicinamibacteria","Vicinamibacterales","Vicinamibacteraceae","Luteitalea","Luteitalea_pratensis_strain_HEG_-6_39"
"fef71845d5c64959beb058705f2eebeb","Unassigned","Unassigned","Unassigned","Unassigned","Unassigned","Unassigned","Unassigned"
"eedf4d39cb3f28e1b650ee571ce23302","Bacteria","Pseudomonadota","Alphaproteobacteria","Rickettsiales","Rickettsiaceae","Candidatus_Trichorickettsia","Candidatus_Trichorickettsia_mobilis"
"9d946790ac70aa56b09eb238739fc6ee","Unassigned","Unassigned","Unassigned","Unassigned","Unassigned","Unassigned","Unassigned"
"2562b9fa2868f81412c07d69a98269b0","Unassigned","Unassigned","Unassigned","Unassigned","Unassigned","Unassigned","Unassigned"
"cf5d9f2abb2302f0bcfc430e986844b6","Bacteria","Planctomycetota","Planctomycetia","Pirellulales","Pirellulaceae","Aureliella","Aureliella_helgolandensis_strain_Q31a"
"12af87d775c86b5af9ee293d3fdf6fef","Unassigned","Unassigned","Unassigned","Unassigned","Unassigned","Unassigned","Unassigned"
"c0201fd67453e88a566f1c670141121e","Bacteria","Planctomycetota","Planctomycetia","Pirellulales","Pirellulaceae","Anatilimnocola","Anatilimnocola_aggregata_strain_ETA_A8"
"2098652aab023c2295b51eb605dc56e6","Bacteria","Acidobacteriota","Vicinamibacteria","Vicinamibacterales","Vicinamibacteraceae","Vicinamibacter","Vicinamibacter_silvestris_strain_Ac_5_C6"
"252ed757ea245b35216d71f2ab83d562","Bacteria","Pseudomonadota","Alphaproteobacteria","Holosporales","Candidatus_Paracaedibacteraceae","Paracaedibacter","Candidatus_Paracaedibacter_symbiosus"
"9f1b97115c826773aab4bb7cb9a7aee8","Unassigned","Unassigned","Unassigned","Unassigned","Unassigned","Unassigned","Unassigned"
"c6017be79a750f4c6c621e63a002f9de","Bacteria","Pseudomonadota","Alphaproteobacteria","Hyphomicrobiales","Hyphomicrobiaceae","Hyphomicrobium","Hyphomicrobium_aestuarii_strain_ATCC_27483"
"4c09c102607c06f1efa4acec4c928103","Unassigned","Unassigned","Unassigned","Unassigned","Unassigned","Unassigned","Unassigned"
"91e98ee462170d375ec06f0ba7f429a5","Unassigned","Unassigned","Unassigned","Unassigned","Unassigned","Unassigned","Unassigned"
"dba6f87a35756a0218638ca2766036b1","Bacteria","Bacteroidota","Flavobacteriia","Flavobacteriales","Crocinitomicaceae","Putridiphycobacter","Putridiphycobacter_roseus_strain_SM1701"
"9184b10e251e7e0501aaab99f875a8e6","Bacteria","Bacteroidota","Chitinophagia","Chitinophagales","Chitinophagaceae","Ferruginibacter","Ferruginibacter_alkalilentus_strain_HU1-GD23"
"6cab46997e335570848b4d2f8cb72682","Bacteria","Acidobacteriota","Vicinamibacteria","Vicinamibacterales","Vicinamibacteraceae","Vicinamibacter","Vicinamibacter_silvestris_strain_Ac_5_C6"
"cc1856b718420c486057144074f996f1","Bacteria","Pseudomonadota","Alphaproteobacteria","Hyphomicrobiales","Hyphomicrobiaceae","Methyloceanibacter","Methyloligella_solikamskensis_strain_SK12"
"801da8c9c7470df62d1ca91f59a4e5f8","Unassigned","Unassigned","Unassigned","Unassigned","Unassigned","Unassigned","Unassigned"
"5209b647249cc9a7b4bfdbedb24e80b0","Bacteria","Actinomycetota","Actinomycetes","Mycobacteriales","Nocardiaceae","Nocardia","Nocardia_salmonicida_strain_W30"
"bd2ba96e432d9a0f3ee1d3e7ee1407a6","Unassigned","Unassigned","Unassigned","Unassigned","Unassigned","Unassigned","Unassigned"
"ec29df880caa6d2517c373babf050946","Bacteria","Pseudomonadota","Betaproteobacteria","Nitrosomonadales","Methylophilaceae","Methylotenera","Methylotenera_oryzisoli_strain_La3113"
"3b38a6edfe1078a86b14ed4b88e8cace","Bacteria","Planctomycetota","Phycisphaerae","Tepidisphaerales","Tepidisphaeraceae","Tepidisphaera","Tepidisphaera_mucosa_strain_2842"
"9bf0f361bfdc45696debb2d9672b9254","Bacteria","Verrucomicrobiota","Verrucomicrobiia","Verrucomicrobiales","Verrucomicrobiaceae","Luteolibacter","Luteolibacter_luojiensis_strain_DR4-30"
"78997de1b4bf7607ae3f57b448ed6866","Bacteria","Bacteroidota","Flavobacteriia","Flavobacteriales","Flavobacteriaceae","Flavobacterium","Flavobacterium_aquatile_strain_LMG_4008"
"ee3a2bfaeb85cd908cfec4b88ae62958","Bacteria","Chlamydiota","Chlamydiia","Parachlamydiales","Parachlamydiaceae","Protochlamydia","Candidatus_Protochlamydia_naegleriophila"
"ce03f4e7cf2c4fc0862aa0ee8bfa797e","Bacteria","Chlamydiota","Chlamydiia","Parachlamydiales","Parachlamydiaceae","Protochlamydia","Candidatus_Protochlamydia_naegleriophila"
"bfdfeee349e303fe57f7134d567b6085","Unassigned","Unassigned","Unassigned","Unassigned","Unassigned","Unassigned","Unassigned"
"023aac8166e052b82f521c8be2b521a1","Bacteria","Pseudomonadota","Betaproteobacteria","Burkholderiales","Sphaerotilaceae","Rubrivivax","Rubrivivax_albus_strain_ICH-3"
"aa8b5bf4c7d79d8fe30f5813d02fc7fd","Bacteria","Pseudomonadota","Alphaproteobacteria","Rhodospirillales","Acetobacteraceae","Paracaedibacter","Candidatus_Paracaedibacter_acanthamoebae"
"8dc46290f41de1f309d7a726421684a1","Bacteria","Chlamydiota","Chlamydiia","Parachlamydiales","Parachlamydiaceae","Neochlamydia","Neochlamydia_hartmannellae_strain_A1Hsp"
"88200a1c91bbe24081b72236307c2794","Bacteria","Pseudomonadota","Betaproteobacteria","Nitrosomonadales","Nitrosomonadaceae","Nitrosospira","Nitrosospira_lacus_strain_APG3"
"7546ad8f2773086573888fe5caeaba01","Unassigned","Unassigned","Unassigned","Unassigned","Unassigned","Unassigned","Unassigned"
"4661cc9cd5df86da3169c112d235dc73","Unassigned","Unassigned","Unassigned","Unassigned","Unassigned","Unassigned","Unassigned"
"1e985cb876e8d74b4dc7a68c4d6c018b","Bacteria","Pseudomonadota","Alphaproteobacteria","Hyphomicrobiales","Hyphomicrobiaceae","Hyphomicrobium","Hyphomicrobium_album_strain_XQ2"
"e01ad9b81f4781c3bbaf319d67bd8d33","Unassigned","Unassigned","Unassigned","Unassigned","Unassigned","Unassigned","Unassigned"
"016877b92d422cd5248e7cafc797a94e","Unassigned","Unassigned","Unassigned","Unassigned","Unassigned","Unassigned","Unassigned"
"119299d8db4377a9b264e05799a62ea9","Bacteria","Pseudomonadota","Betaproteobacteria","Burkholderiales","Oxalobacteraceae","Robbsia","Robbsia_betulipollinis"
"6c2f96ece153d8fb1a2fc068df2aa6a1","Bacteria","Bacteroidota","Chitinophagia","Chitinophagales","Chitinophagaceae","Ferruginibacter","Ferruginibacter_paludis_strain_HME8881"
"903b384579d2bf70b4777f53213b184b","Bacteria","Pseudomonadota","Betaproteobacteria","Burkholderiales","Oxalobacteraceae","Massilia","Telluria_aromaticivorans_strain_ML15P13"
"6baad44d4c6a8515bc95eb8e25770f94","Unassigned","Unassigned","Unassigned","Unassigned","Unassigned","Unassigned","Unassigned"
"50986bee5756afb15fc3e05d211fee05","Unassigned","Unassigned","Unassigned","Unassigned","Unassigned","Unassigned","Unassigned"
"a05fc2caf0f8135f37f1dee447195fea","Unassigned","Unassigned","Unassigned","Unassigned","Unassigned","Unassigned","Unassigned"
"62578f0ad5b1c3ed02e05c62fea4b57e","Bacteria","Verrucomicrobiota","Spartobacteria","Chthoniobacterales","Chthoniobacteraceae","Chthoniobacter","Chthoniobacter_flavus_Ellin428"
"eccf9249840030afaae5402e09fbeea8","Bacteria","Pseudomonadota","Betaproteobacteria","Nitrosomonadales","Usitatibacteraceae","Usitatibacter","Usitatibacter_palustris_strain_Swamp67"
"5dad2c0005f4fbe44c263dfa6a386c2e","Unassigned","Unassigned","Unassigned","Unassigned","Unassigned","Unassigned","Unassigned"
"45799e5c0f8898003f955cdf6ce1fa98","Unassigned","Unassigned","Unassigned","Unassigned","Unassigned","Unassigned","Unassigned"
"b6fe1ad0d9f6b0118125cacd5a586e7b","Unassigned","Unassigned","Unassigned","Unassigned","Unassigned","Unassigned","Unassigned"
"1a19b475a7828c877946759b785f8d97","Unassigned","Unassigned","Unassigned","Unassigned","Unassigned","Unassigned","Unassigned"
"8dd75c112eeb3863eccd3c4d75fe2173","Bacteria","Bacteroidota","Chitinophagia","Chitinophagales","Chitinophagaceae","Ferruginibacter","Ferruginibacter_alkalilentus_strain_HU1-GD23"
"0e792f9e1aff5f64bcb8d81051e46e25","Bacteria","Acidobacteriota","Vicinamibacteria","Vicinamibacterales","Vicinamibacteraceae","Luteitalea","Luteitalea_pratensis_strain_HEG_-6_39"
"d5d6f78b60c093d881756a2c026c1d51","Unassigned","Unassigned","Unassigned","Unassigned","Unassigned","Unassigned","Unassigned"
"8ea3f1dee105a021b7be4d4a92e2d313","Unassigned","Unassigned","Unassigned","Unassigned","Unassigned","Unassigned","Unassigned"
"47dd1300635315c7497eb9771c8d877a","Unassigned","Unassigned","Unassigned","Unassigned","Unassigned","Unassigned","Unassigned"
"e73ea4382b223c24a4cc0f3b61e27441","Unassigned","Unassigned","Unassigned","Unassigned","Unassigned","Unassigned","Unassigned"
"0635c38cf4f9d7b301dda9f40d244712","Unassigned","Unassigned","Unassigned","Unassigned","Unassigned","Unassigned","Unassigned"
"0226fdc3e975e3f1f7d58fb8a28b0845","Bacteria","Planctomycetota","Planctomycetia","Gemmatales","Gemmataceae","Gemmata","Gemmata_algarum"
"b19804df9fed3012ca2d5c8361b19b45","Unassigned","Unassigned","Unassigned","Unassigned","Unassigned","Unassigned","Unassigned"
"43a07228fdaa55743251aad91aaed1be","Bacteria","Pseudomonadota","Gammaproteobacteria","Legionellales","Coxiellaceae","Coxiella","Coxiella_cheraxi_strain_TO-98"
"e7f37a7313e3dd093bb7762ee1f1e8b1","Bacteria","Planctomycetota","Planctomycetia","Gemmatales","Gemmataceae","Fimbriiglobus","Fimbriiglobus_ruber_strain_SP5"
"817f331be0d10f9321b4e3a6ab5c7cd4","Bacteria","Bacillota","Bacilli","Bacillales","Paenibacillaceae","Paenibacillus","Paenibacillus_glycinis_strain_T1"
"7e9bc612f07965161d8a023ae3b570db","Bacteria","Bacteroidota","Chitinophagia","Chitinophagales","Chitinophagaceae","Terrimonas","Terrimonas_pollutisoli"
"30a5ff2ae2a5b38813f28cdb94138e8f","Bacteria","Bacteroidota","Sphingobacteriia","Sphingobacteriales","Aurantibacillaceae","Aurantibacillus","Aurantibacillus_circumpalustris_strain_Swamp196"
"aa13680a8b801b350c37b732ff54708d","Unassigned","Unassigned","Unassigned","Unassigned","Unassigned","Unassigned","Unassigned"
"2ff82c4cf3ce8b4ae79901a26050631a","Bacteria","Verrucomicrobiota","Spartobacteria","Chthoniobacterales","Chthoniobacteraceae","Chthoniobacter","Chthoniobacter_flavus_Ellin428"
"da2c8f5cbe22122a170737c3eb0a0760","Bacteria","Pseudomonadota","Betaproteobacteria","Burkholderiales","Comamonadaceae","Hydrogenophaga","Hydrogenophaga_flava_strain_DSM_619"
"1c18374aa48fea5bcef98dfbbbffc3c4","Bacteria","Verrucomicrobiota","Verrucomicrobiia","Verrucomicrobiales","Verrucomicrobiaceae","Prosthecobacter","Prosthecobacter_fluviatilis_strain_HAQ-1"
"b099679414054b760e8bcac572953ab8","Bacteria","Pseudomonadota","Alphaproteobacteria","Hyphomicrobiales","Phyllobacteriaceae","Mesorhizobium","Mesorhizobium_albiziae_strain_CCBAU_61158"
"5e9f0510466573bcc7381414780df0f3","Unassigned","Unassigned","Unassigned","Unassigned","Unassigned","Unassigned","Unassigned"
"9253ce84038b7d8b00fdbf164b17c10a","Unassigned","Unassigned","Unassigned","Unassigned","Unassigned","Unassigned","Unassigned"
"22e9680aa108f0ebf570f40928da3633","Bacteria","Gemmatimonadota","Gemmatimonadia","Gemmatimonadales","Gemmatimonadaceae","Roseisolibacter","Roseisolibacter_agri_strain_AW1220"
"a74a095d02a5eb11afe306c0b0b51e98","Unassigned","Unassigned","Unassigned","Unassigned","Unassigned","Unassigned","Unassigned"
"84e30839cc041f9bae81d96fd89f363d","Bacteria","Bacteroidota","Chitinophagia","Chitinophagales","Chitinophagaceae","Ferruginibacter","Ferruginibacter_profundus_strain_DS48-5-3"
"4b5e492221b65d3fc0dfb0f998f7ca69","Bacteria","Acidobacteriota","Terriglobia","Bryobacterales","Bryobacteraceae","Paludibaculum","Paludibaculum_fermentans_strain_P105"
"a3df7fd9c752e69a6c4ca7684c55b521","Unassigned","Unassigned","Unassigned","Unassigned","Unassigned","Unassigned","Unassigned"
"3a6aef206c27fc51f92e82961ff174dc","Bacteria","Pseudomonadota","Betaproteobacteria","Rhodocyclales","Azonexaceae","Azonexus","Azonexus_fungiphilus_strain_BS5-8"
"0ceb30009770989e394bebfbef23e89c","Unassigned","Unassigned","Unassigned","Unassigned","Unassigned","Unassigned","Unassigned"
"cfca0ba03943cd5b29422bf62d6180a7","Bacteria","Planctomycetota","Planctomycetia","Planctomycetales","Planctomycetaceae","Planctopirus","Planctellipticum_variicoloris"
"2bc033b2412f29b30011d81b17d555ac","Bacteria","Pseudomonadota","Gammaproteobacteria","Cellvibrionales","Halieaceae","Marimicrobium","Candidatus_Marimicrobium_litorale"
"73d4a21e622df9ca25a651feaaa4b81d","Bacteria","Bacteroidota","Flavobacteriia","Flavobacteriales","Owenweeksiaceae","Owenweeksia","Owenweeksia_hongkongensis_strain_DSM_17368"
"ff1bd8113a59e63cbb44713fe3645ed6","Bacteria","Pseudomonadota","Betaproteobacteria","Burkholderiales","Comamonadaceae","Rhodoferax","Rhodoferax_aquaticus_strain_personal::Gr-4"
"4926f9c3feb6647cb450e05e6c22e886","Unassigned","Unassigned","Unassigned","Unassigned","Unassigned","Unassigned","Unassigned"
"531914130c6ae5bbc3533efe6c1da0bd","Unassigned","Unassigned","Unassigned","Unassigned","Unassigned","Unassigned","Unassigned"
"a5136ff5c842bb8ba6df4be7fd5de2e6","Unassigned","Unassigned","Unassigned","Unassigned","Unassigned","Unassigned","Unassigned"
"0cd997b5a61bd512f356acb650e96bb0","Unassigned","Unassigned","Unassigned","Unassigned","Unassigned","Unassigned","Unassigned"
"9c15f61db0fb7420e22902e6c35d67ae","Bacteria","Pseudomonadota","Gammaproteobacteria","Pseudomonadales","Pseudomonadaceae","Pseudomonas","Pseudomonas_sivasensis"
"c5c5720c6bf3ea5978a2cd82ba1b9906","Bacteria","Bacteroidota","Chitinophagia","Chitinophagales","Chitinophagaceae","Niastella","Niastella_yeongjuensis_strain_GR20-13"
"73cff73f395610504d6e8336f85d039f","Unassigned","Unassigned","Unassigned","Unassigned","Unassigned","Unassigned","Unassigned"
"3a3f56aab655b89fab76322eaa1b96ab","Unassigned","Unassigned","Unassigned","Unassigned","Unassigned","Unassigned","Unassigned"
"47f4bd7837349723199a0c90e8fc022b","Bacteria","Pseudomonadota","Betaproteobacteria","Rhodocyclales","Rhodocyclaceae","Oryzomicrobium","Oryzomicrobium_terrae_strain_TPP412"
"f1290109cdeef7fc37bc0989e2767c9c","Bacteria","Pseudomonadota","Betaproteobacteria","Burkholderiales","Burkholderiaceae","Caballeronia","Caballeronia_hypogeia_strain_LMG_29322"
"031bc327ab7c97220981fc1c67388251","Bacteria","Pseudomonadota","Alphaproteobacteria","Hyphomicrobiales","Hyphomicrobiaceae","Rhodoplanes","Rhodoplanes_tepidamans_strain_DSM_9987"
"4a17b78c467ee4372a9fbf15529419fe","Unassigned","Unassigned","Unassigned","Unassigned","Unassigned","Unassigned","Unassigned"
"ba5e066dc6a41d88281a3996c0177374","Unassigned","Unassigned","Unassigned","Unassigned","Unassigned","Unassigned","Unassigned"
"ce7c6aa1e3f5dad939b7b15f639b445f","Bacteria","Pseudomonadota","Gammaproteobacteria","Legionellales","Coxiellaceae","Coxiella","Coxiella_burnetii_strain_ATCC_VR-615"
"dcd816496b5839fa7789e80c33f0bd0a","Bacteria","Pseudomonadota","Alphaproteobacteria","Hyphomicrobiales","Devosiaceae","Devosia","Devosia_insulae_DS-56"
"a578974abb41fa949e012dc8d8e23fb0","Unassigned","Unassigned","Unassigned","Unassigned","Unassigned","Unassigned","Unassigned"
"3093fc0b63a75451fb8f4e2d774c2f1e","Unassigned","Unassigned","Unassigned","Unassigned","Unassigned","Unassigned","Unassigned"
"7c57da2401f2f1732b714efbc1a62a50","Bacteria","Pseudomonadota","Betaproteobacteria","Nitrosomonadales","Sterolibacteriaceae","Georgfuchsia","Georgfuchsia_toluolica_strain_G5G6"
"374f3cf846c030dbf885faee8bf64a57","Unassigned","Unassigned","Unassigned","Unassigned","Unassigned","Unassigned","Unassigned"
"bd00ee6e31bb86904691085d8ded66c9","Unassigned","Unassigned","Unassigned","Unassigned","Unassigned","Unassigned","Unassigned"
"4063d66100deaa4d1b152d21578f958d","Unassigned","Unassigned","Unassigned","Unassigned","Unassigned","Unassigned","Unassigned"
"ad584091f349ffa9302a16b58cb85fc7","Unassigned","Unassigned","Unassigned","Unassigned","Unassigned","Unassigned","Unassigned"
"d80a994e29b770834ec667f4262b219a","Bacteria","Bdellovibrionota","Oligoflexia","Silvanigrellales","Silvanigrellaceae","Fluviispira","Fluviispira_sanaruensis_strain_RF1110005"
"f8d3c27d2bd964ce68bc2e767418198d","Unassigned","Unassigned","Unassigned","Unassigned","Unassigned","Unassigned","Unassigned"
"b464b4a0008962bc37e8b6b2e9590ddd","Bacteria","Bacteroidota","Flavobacteriia","Flavobacteriales","Flavobacteriaceae","Flavobacterium","Flavobacterium_noncentrifugens_strain_R-HLS-17"
"bd71abb55bee903a5f75bc5a06901894","Bacteria","Pseudomonadota","Betaproteobacteria","Burkholderiales","Burkholderiaceae","Polynucleobacter","Polynucleobacter_asymbioticus_strain_QLW-P1DMWA-1"
"cb876393f7386ea90a2f4847aefba833","Bacteria","Pseudomonadota","Alphaproteobacteria","Holosporales","Candidatus_Paracaedibacteraceae","Paracaedibacter","Candidatus_Paracaedibacter_acanthamoebae"
"3ee7801f2fc9ee414dbc5e5352752f61","Unassigned","Unassigned","Unassigned","Unassigned","Unassigned","Unassigned","Unassigned"
"1701ca4d036b87272bbaa8d2bc52cb98","Bacteria","Planctomycetota","Planctomycetia","Planctomycetales","Planctomycetaceae","Maioricimonas","Maioricimonas_rarisocia_strain_Mal4"
"be164f508c875f2b7addf2f6d50b88b7","Bacteria","Bacteroidota","Chitinophagia","Chitinophagales","Chitinophagaceae","Paraflavitalea","Paraflavitalea_soli_strain_5GH32-13"
"12102168f9cd9160bea223b0d04d613d","Unassigned","Unassigned","Unassigned","Unassigned","Unassigned","Unassigned","Unassigned"
"9fe1959ad6c5bf820a6e781a92d6f966","Unassigned","Unassigned","Unassigned","Unassigned","Unassigned","Unassigned","Unassigned"
"eff2c2d0fb98946e308634443dad364a","Unassigned","Unassigned","Unassigned","Unassigned","Unassigned","Unassigned","Unassigned"
"6bb7c7566908c7d6f65e3943803825ab","Unassigned","Unassigned","Unassigned","Unassigned","Unassigned","Unassigned","Unassigned"
"7d914ea75eb0c41f64f780b952ad10b5","Bacteria","Planctomycetota","Planctomycetia","Pirellulales","Pirellulaceae","Anatilimnocola","Anatilimnocola_aggregata_strain_ETA_A8"
"614e757d272fce17bb9123e6ce86cee6","Unassigned","Unassigned","Unassigned","Unassigned","Unassigned","Unassigned","Unassigned"
"fa78004806116331fd8de254842bb315","Bacteria","Planctomycetota","Planctomycetia","Gemmatales","Gemmataceae","Urbifossiella","Urbifossiella_limnaea_strain_ETA_A1"
"23f93de3b01f1e6b09db58138df3cc7a","Unassigned","Unassigned","Unassigned","Unassigned","Unassigned","Unassigned","Unassigned"
"aa8bd137392eb2ab2f622ac8e2da2034","Bacteria","Actinomycetota","Acidimicrobiia","Acidimicrobiales","Iamiaceae","Actinomarinicola","Actinomarinicola_tropica_strain_SCSIO_58843"
"aea8157632a849e11ba7d131a4576235","Bacteria","Bacteroidota","Sphingobacteriia","Sphingobacteriales","Sphingobacteriaceae","Desertivirga","Desertivirga_xinjiangensis_strain_12157"
"fc07daad66a69d3248eed3e50a107aef","Unassigned","Unassigned","Unassigned","Unassigned","Unassigned","Unassigned","Unassigned"
"056ca1807a74cbbc4d9e2fd1cbf64314","Bacteria","Pseudomonadota","Gammaproteobacteria","Chromatiales","Thioprofundaceae","Thioprofundum","Thioprofundum_lithotrophicum_strain_106"
"34c127c3091b7a767f2bd0ae277d764d","Bacteria","Pseudomonadota","Gammaproteobacteria","Pseudomonadales","Pseudomonadaceae","Pseudomonas","Pseudomonas_quebecensis"
"cbac8be8dcc52934fae1c9ddf0d9c6f7","Unassigned","Unassigned","Unassigned","Unassigned","Unassigned","Unassigned","Unassigned"
"03d0b7c75b01163fddd1e029c0404af7","Unassigned","Unassigned","Unassigned","Unassigned","Unassigned","Unassigned","Unassigned"
"4fbcb3fcfdb3cfdeae761432517ae13a","Bacteria","Verrucomicrobiota","Verrucomicrobiia","Verrucomicrobiales","Verrucomicrobiaceae","Prosthecobacter","Prosthecobacter_fluviatilis_strain_HAQ-1"
"265249695379eee72d1ed2264b6823a7","Bacteria","Pseudomonadota","Betaproteobacteria","Burkholderiales","Oxalobacteraceae","Noviherbaspirillum","Noviherbaspirillum_arenae_strain_M1"
"301039996596a137fd812ed0b14c76bb","Unassigned","Unassigned","Unassigned","Unassigned","Unassigned","Unassigned","Unassigned"
"c8954b50951184585a138319211fb266","Unassigned","Unassigned","Unassigned","Unassigned","Unassigned","Unassigned","Unassigned"
"41660b66021bfdc8f77e2402772b9b93","Unassigned","Unassigned","Unassigned","Unassigned","Unassigned","Unassigned","Unassigned"
"0964d4463bf587dafc991ca95fea402d","Bacteria","Pseudomonadota","Betaproteobacteria","Burkholderiales","Sphaerotilaceae","Sphaerotilus","Aquincola_agrisoli"
"765cc59fc6aaaecfb55302f198c40927","Bacteria","Pseudomonadota","Gammaproteobacteria","Legionellales","Legionellaceae","Legionella","Legionella_rubrilucens_strain_WA-270A-C2"
"483e81bdc0b54b2cb89b15815010bcd4","Bacteria","Pseudomonadota","Alphaproteobacteria","Holosporales","Rhodospirillaceae","Denitrobaculum","Denitrobaculum_tricleocarpae_strain_R148"
"07b8b2725f9b35bf870b5f22638b3361","Unassigned","Unassigned","Unassigned","Unassigned","Unassigned","Unassigned","Unassigned"
"edf908b036023e2ee91cb04698cf240c","Unassigned","Unassigned","Unassigned","Unassigned","Unassigned","Unassigned","Unassigned"
"827204cf11b6c55fa69b5d743efece22","Bacteria","Myxococcota","","Polyangiales","Polyangiaceae","Polyangium","Polyangium_spumosum_strain_Pl_sm5"
"cce37f4cbe72f30a4bfe4c824cfef15f","Unassigned","Unassigned","Unassigned","Unassigned","Unassigned","Unassigned","Unassigned"
"e18b5134a6b27cde811836b318e01cde","Bacteria","Myxococcota","Myxococcia","Myxococcales","","Paraliomyxa","Paraliomyxa_miuraensis"
"dee4286f085b9a03b5a22784ff9a243b","Bacteria","Pseudomonadota","Betaproteobacteria","Nitrosomonadales","Nitrosomonadaceae","Nitrosomonas","Nitrosomonas_aestuarii_strain_Nm36"
"df636842ef4ba14a45bc7842e674f914","Bacteria","Bacteroidota","Flavobacteriia","Flavobacteriales","Owenweeksiaceae","Owenweeksia","Owenweeksia_hongkongensis_strain_DSM_17368"
"16b7b315c9dfd2cf28ff3dcbd8662d53","Unassigned","Unassigned","Unassigned","Unassigned","Unassigned","Unassigned","Unassigned"
"526a9fae42e654ea3a3630b8385609cb","Bacteria","Bacteroidota","Chitinophagia","Chitinophagales","Chitinophagaceae","Ferruginibacter","Ferruginibacter_paludis_strain_HME8881"
"e3807c4d0c56e2b2dcb8c35b6bf1b498","Bacteria","Planctomycetota","Planctomycetia","Planctomycetales","Planctomycetaceae","Gimesia","Symmachiella_macrocystis_strain_CA54"
"7484507ffe7aeaa34657848fa0632c98","Bacteria","Pseudomonadota","Betaproteobacteria","Burkholderiales","Comamonadaceae","Curvibacter","Curvibacter_delicatus_strain_NBRC_14919"
"00ef9f5c10b49d11a05fcd63a523a5ec","Bacteria","Bdellovibrionota","Bacteriovoracia","Bacteriovoracales","Bacteriovoracaceae","Peredibacter","Peredibacter_starrii_strain_A3.12"
"7761f85b8c3ead80bb727c281fa9e42b","Bacteria","Planctomycetota","Planctomycetia","Gemmatales","Gemmataceae","Urbifossiella","Urbifossiella_limnaea_strain_ETA_A1"
"ab615b97fdb4ac348df8408fef64bad4","Bacteria","Bacteroidota","Flavobacteriia","Flavobacteriales","Flavobacteriaceae","Flavobacterium","Flavobacterium_stagni_strain_WWJ-16"
"b902b7b7176f0f01198c431e3c050ec9","Unassigned","Unassigned","Unassigned","Unassigned","Unassigned","Unassigned","Unassigned"
"f08335bf47dfbd3fb56c1b240e0d6824","Bacteria","Pseudomonadota","Alphaproteobacteria","Rickettsiales","Rickettsiaceae","Candidatus_Trichorickettsia","Candidatus_Trichorickettsia_mobilis"
"5400ac47118644de67055d933aeebc2c","Bacteria","Verrucomicrobiota","Opitutia","Opitutales","Opitutaceae","Horticoccus","Horticoccus_luteus_strain_KSB-15"
"ff3bd40033fa1c01d4229682e9cdddaf","Bacteria","Pseudomonadota","Alphaproteobacteria","Sphingomonadales","Sphingomonadaceae","Rhizorhabdus","Rhizorhabdus_wittichii_RW1"
"8bf85fec13c59107316ca05fd61a9ed4","Unassigned","Unassigned","Unassigned","Unassigned","Unassigned","Unassigned","Unassigned"
"d57292255637f6d2c97ccf162386b538","Bacteria","Pseudomonadota","Alphaproteobacteria","Rickettsiales","Rickettsiaceae","Candidatus_Megaera","Candidatus_Trichorickettsia_mobilis"
"73278b4a21ad285a40e286b218e53cfe","Unassigned","Unassigned","Unassigned","Unassigned","Unassigned","Unassigned","Unassigned"
"de6069e4104f310213a7a6ae6023a953","Unassigned","Unassigned","Unassigned","Unassigned","Unassigned","Unassigned","Unassigned"
"3c3bfa2ec26a1d4ab7c6da2aaf6ca753","Bacteria","Planctomycetota","Planctomycetia","Gemmatales","Gemmataceae","Fimbriiglobus","Fimbriiglobus_ruber_strain_SP5"
"7a3a70d138256f37ce11e0b026f8637a","Bacteria","Gemmatimonadota","Gemmatimonadia","Gemmatimonadales","Gemmatimonadaceae","Gemmatimonas","Gemmatimonas_phototrophica_strain_AP64"
"aed2fe76fc855c999ffe856c467f1758","Unassigned","Unassigned","Unassigned","Unassigned","Unassigned","Unassigned","Unassigned"
"c9d17ad3f5fdd232e7648dde38f017cf","Bacteria","Planctomycetota","Planctomycetia","Pirellulales","Pirellulaceae","Bremerella","Bremerella_alba_strain_FF15"
"aaeea303ad2dca1c4961202d6f710a01","Bacteria","Bacteroidota","Flavobacteriia","Flavobacteriales","Owenweeksiaceae","Owenweeksia","Owenweeksia_hongkongensis_strain_DSM_17368"
"b5d81768459aa329cb553d09192e4f88","Bacteria","Acidobacteriota","Vicinamibacteria","Vicinamibacterales","Vicinamibacteraceae","Vicinamibacter","Vicinamibacter_silvestris_strain_Ac_5_C6"
"cb9effa46a6f5796536462740680e70d","Unassigned","Unassigned","Unassigned","Unassigned","Unassigned","Unassigned","Unassigned"
"02f440a0cfad6377101c4cc692ccc850","Unassigned","Unassigned","Unassigned","Unassigned","Unassigned","Unassigned","Unassigned"
"898e4a863911e8d64895928a826fa33c","Bacteria","Pseudomonadota","Alphaproteobacteria","Hyphomicrobiales","Devosiaceae","Devosia","Devosia_insulae_DS-56"
"2e5fda94ae9bbbac04ffd07d0e0636b2","Bacteria","Planctomycetota","Planctomycetia","Planctomycetales","Planctomycetaceae","Schlesneria","Schlesneria_paludicola_strain_MPL7"
"14f89dba352b25b5f9df6108384ca383","Unassigned","Unassigned","Unassigned","Unassigned","Unassigned","Unassigned","Unassigned"
"6a4db6d46da67a040fdd0583e0f6cdb3","Bacteria","Acidobacteriota","Vicinamibacteria","Vicinamibacterales","Vicinamibacteraceae","Luteitalea","Luteitalea_pratensis_strain_HEG_-6_39"
"5b567406dcf40cfd12b337057f436d57","Bacteria","Pseudomonadota","Gammaproteobacteria","Legionellales","Legionellaceae","Legionella","Legionella_adelaidensis_strain_NCTC_12735"
"52ff6b10a12b17de7872a2a873f99524","Unassigned","Unassigned","Unassigned","Unassigned","Unassigned","Unassigned","Unassigned"
"c8f951ea24fd303a594c75816b9c6ed6","Bacteria","Pseudomonadota","Alphaproteobacteria","Rhodospirillales","Dongiaceae","Hypericibacter","Hypericibacter_adhaerens_strain_R5959"
"5a20fdf09295938a0ca40f8856a3dd03","Unassigned","Unassigned","Unassigned","Unassigned","Unassigned","Unassigned","Unassigned"
"bb3275e42ab39e7c1eb307ea5eee50c0","Bacteria","Pseudomonadota","Betaproteobacteria","Burkholderiales","Oxalobacteraceae","Collimonas","Collimonas_antrihumi_strain_C3-17"
"8b2be76ad49d999d3c0ecd31f2d80204","Bacteria","Pseudomonadota","Alphaproteobacteria","Hyphomicrobiales","Micropepsaceae","Micropepsis","Micropepsis_pineolensis_strain_CS4"
"69484642349129aed0ea559429aef152","Bacteria","Bacteroidota","Flavobacteriia","Flavobacteriales","Flavobacteriaceae","Flavobacterium","Flavobacterium_macacae_strain_YIM_102600"
"c7221eb1c58041609a03a7f8929fefa5","Bacteria","Verrucomicrobiota","Verrucomicrobiia","Verrucomicrobiales","Verrucomicrobiaceae","Prosthecobacter","Prosthecobacter_debontii_strain_FC3"
"2f72b7bd4c9522c8b31dd2625d27d9d4","Unassigned","Unassigned","Unassigned","Unassigned","Unassigned","Unassigned","Unassigned"
"5e7b1d6e8278b511a50059592483defc","Bacteria","Planctomycetota","Planctomycetia","Gemmatales","Gemmataceae","Urbifossiella","Urbifossiella_limnaea_strain_ETA_A1"
"5268bf10ae5c283859f4b8258a9fe225","Bacteria","Pseudomonadota","Alphaproteobacteria","Rhodospirillales","Acetobacteraceae","Gluconobacter","Gluconobacter_morbifer_G707"
"9b61b929ed6a9894a3685209c9ebde91","Bacteria","Pseudomonadota","Gammaproteobacteria","Chromatiales","Thioprofundaceae","Thioprofundum","Thioprofundum_lithotrophicum_strain_106"
"b76f7d77a3930e91e42f42c3085ba5c9","Unassigned","Unassigned","Unassigned","Unassigned","Unassigned","Unassigned","Unassigned"
"74d490e9b21564ebd9b649068793b77e","Unassigned","Unassigned","Unassigned","Unassigned","Unassigned","Unassigned","Unassigned"
"8b5d93b9b46e2c1f307a846acde56d65","Bacteria","Gemmatimonadota","Gemmatimonadia","Gemmatimonadales","Gemmatimonadaceae","Gemmatimonas","Gemmatimonas_phototrophica_strain_AP64"
"a82eb56d25f0f4ce609b1fab2e3bef14","Bacteria","Bacteroidota","Chitinophagia","Chitinophagales","Chitinophagaceae","Ferruginibacter","Ferruginibacter_profundus_strain_DS48-5-3"
"25ea86c37df4fd71dc825394b33d7f3f","Bacteria","Pseudomonadota","Betaproteobacteria","Burkholderiales","Oxalobacteraceae","Massilia","Massilia_puerhi_strain_SJY3"
"e15e974ca508af05e56ea75e433f989d","Unassigned","Unassigned","Unassigned","Unassigned","Unassigned","Unassigned","Unassigned"
"cef2de83f46997efb83efabafbd36af4","Bacteria","Planctomycetota","Planctomycetia","Pirellulales","Pirellulaceae","Anatilimnocola","Anatilimnocola_aggregata_strain_ETA_A8"
"408e05c802aa67acb9d7ebececcc265b","Unassigned","Unassigned","Unassigned","Unassigned","Unassigned","Unassigned","Unassigned"
"7a322b571e002f61b55934703ae1fab7","Bacteria","Pseudomonadota","Alphaproteobacteria","Hyphomicrobiales","Hyphomicrobiaceae","Rhodoplanes","Pseudorhodoplanes_sinuspersici_strain_RIPI_110"
"56770d230c3f401b6d220e81de6d90a7","Unassigned","Unassigned","Unassigned","Unassigned","Unassigned","Unassigned","Unassigned"
"195926f0cb3f089f36f61da3085cde68","Bacteria","Pseudomonadota","Alphaproteobacteria","Hyphomicrobiales","Beijerinckiaceae","Beijerinckia","Beijerinckia_indica_subsp._indica_ATCC_9039"
"fe676c637bd9813ed5e6a34ebb670acf","Unassigned","Unassigned","Unassigned","Unassigned","Unassigned","Unassigned","Unassigned"
"487acc325df5a022b20a19272b284e24","Unassigned","Unassigned","Unassigned","Unassigned","Unassigned","Unassigned","Unassigned"
"c8819ace5c95de4ce3624842d5f11264","Unassigned","Unassigned","Unassigned","Unassigned","Unassigned","Unassigned","Unassigned"
"3ac1884ba37554b2886d1358790e47d8","Unassigned","Unassigned","Unassigned","Unassigned","Unassigned","Unassigned","Unassigned"
"27a358f8e0b99d9679b9750185167958","Bacteria","Gemmatimonadota","Gemmatimonadia","Gemmatimonadales","Gemmatimonadaceae","Gemmatimonas","Roseisolibacter_agri_strain_AW1220"
"5e1880613fbda3771ebdf93ac6f08793","Bacteria","Pseudomonadota","Gammaproteobacteria","Cellvibrionales","Halieaceae","Marimicrobium","Marimicrobium_arenosum_strain_CAU1038"
"b0ea1068edfe3e3b5abe6f0962535dc2","Unassigned","Unassigned","Unassigned","Unassigned","Unassigned","Unassigned","Unassigned"
"0277ea85e92ef404edeed20859c892c4","Unassigned","Unassigned","Unassigned","Unassigned","Unassigned","Unassigned","Unassigned"
"7fc2e491decdcfeac2c54d1d1f373444","Unassigned","Unassigned","Unassigned","Unassigned","Unassigned","Unassigned","Unassigned"
"0b67586ca7461532f0776de1032e0d68","Unassigned","Unassigned","Unassigned","Unassigned","Unassigned","Unassigned","Unassigned"
"5203d561bb8af61f8fef8370bf7a4ce4","Bacteria","Bacteroidota","Sphingobacteriia","Sphingobacteriales","Sphingobacteriaceae","Owenweeksia","Solitalea_lacus"
"710d5282dc8e6a7e08b68b03ff7448ae","Unassigned","Unassigned","Unassigned","Unassigned","Unassigned","Unassigned","Unassigned"
"732fecbd084d0ee7937b90bd632f3b4c","Bacteria","Acidobacteriota","Terriglobia","Bryobacterales","Bryobacteraceae","Paludibaculum","Paludibaculum_fermentans_strain_P105"
"23a99f400abfbf5f56d28b3407b76137","Unassigned","Unassigned","Unassigned","Unassigned","Unassigned","Unassigned","Unassigned"
"2636a52fbc01420cfa8d6afb0d4ebdec","Bacteria","Pseudomonadota","Betaproteobacteria","Burkholderiales","Oxalobacteraceae","Collimonas","Sapientia_aquatica_strain_SA-152"
"0b11537360fe5c1de91925f38c7ed96e","Unassigned","Unassigned","Unassigned","Unassigned","Unassigned","Unassigned","Unassigned"
"6e1b0355fc5f992015f49d291b2442bc","Bacteria","Pseudomonadota","Alphaproteobacteria","Hyphomicrobiales","Hyphomicrobiaceae","Hyphomicrobium","Hyphomicrobium_aestuarii_strain_ATCC_27483"
"5d27b1e08722326afab3b61180dc9e31","Bacteria","Pseudomonadota","Gammaproteobacteria","Legionellales","Legionellaceae","Legionella","Legionella_wadsworthii_strain_NCTC_11532"
"6770a972caa94caa8bb31ee6249d6b42","Bacteria","Pseudomonadota","Alphaproteobacteria","Rhodobacterales","Paracoccaceae","Stagnihabitans","Stagnihabitans_tardus_strain_CYK-10"
"fd5d2771e39c1c1372cb185fa3f0a319","Bacteria","Pseudomonadota","Gammaproteobacteria","Cellvibrionales","Halieaceae","Marimicrobium","Candidatus_Marimicrobium_litorale"
"6f3340e4deae526156dc5b58227ef203","Unassigned","Unassigned","Unassigned","Unassigned","Unassigned","Unassigned","Unassigned"
